timestamp_unix,timestamp_polar_ns,sample_index,x_mg,y_mg,z_mg,vm_mg
1778557758.207567,599616076855310462,0,-1018.0,49.0,-46.0,1020.22
1778557758.247567,599616076895310462,0,-1016.0,48.0,-44.0,1018.08
1778557758.287567,599616076935310462,0,-1017.0,45.0,-45.0,1018.99
1778557758.327567,599616076975310462,0,-1017.0,49.0,-41.0,1019.0
1778557758.367567,599616077015310462,0,-1017.0,49.0,-42.0,1019.05
1778557758.407567,599616077055310462,0,-1016.0,48.0,-48.0,1018.27
1778557758.447567,599616077095310462,0,-1017.0,49.0,-47.0,1019.26
1778557758.487567,599616077135310462,0,-1017.0,48.0,-46.0,1019.17
1778557758.527567,599616077175310462,0,-1017.0,49.0,-48.0,1019.31
1778557758.567567,599616077215310462,0,-1016.0,48.0,-50.0,1018.36
1778557758.607567,599616077255310462,0,-1016.0,49.0,-48.0,1018.31
1778557758.647567,599616077295310462,0,-1017.0,50.0,-52.0,1019.56
1778557758.687567,599616077335310462,0,-1017.0,48.0,-52.0,1019.46
1778557758.727567,599616077375310462,0,-1018.0,49.0,-48.0,1020.31
1778557758.767567,599616077415310462,0,-1015.0,49.0,-54.0,1017.62
1778557758.807567,599616077455310462,0,-1018.0,46.0,-35.0,1019.64
1778557758.847567,599616077495310462,0,-1017.0,47.0,-67.0,1020.29
1778557758.887567,599616077535310462,0,-1027.0,43.0,-32.0,1028.4
1778557758.927567,599616077575310462,0,-1012.0,49.0,-36.0,1013.82
1778557758.967567,599616077615310462,0,-1017.0,50.0,-54.0,1019.66
1778557759.007567,599616077655310462,0,-1006.0,43.0,-24.0,1007.2
1778557759.047567,599616077695310462,0,-1016.0,47.0,-20.0,1017.28
1778557759.087567,599616077735310462,0,-1019.0,47.0,-22.0,1020.32
1778557759.127567,599616077775310462,0,-1021.0,49.0,-40.0,1022.96
1778557759.167567,599616077815310462,0,-1016.0,45.0,-40.0,1017.78
1778557759.207567,599616077855310462,0,-1011.0,52.0,-55.0,1013.83
1778557759.247567,599616077895310462,0,-1013.0,54.0,-60.0,1016.21
1778557759.287567,599616077935310462,0,-1015.0,51.0,-68.0,1018.55
1778557759.327567,599616077975310462,0,-1016.0,45.0,-65.0,1019.07
1778557759.367567,599616078015310462,0,-1015.0,48.0,-54.0,1017.57
1778557759.407567,599616078055310462,0,-1017.0,43.0,-65.0,1019.98
1778557759.447567,599616078095310462,0,-1027.0,48.0,-54.0,1029.54
1778557759.487567,599616078135310462,0,-1014.0,77.0,-79.0,1019.98
1778557759.527567,599616078175310462,0,-1015.0,110.0,-102.0,1026.03
1778557759.567567,599616078215310462,0,-1014.0,104.0,-109.0,1025.13
1778557759.607567,599616078255310462,0,-1017.0,100.0,-128.0,1029.89
1778557759.690439,599616078274885736,36,-1018.0,97.0,-103.0,1027.78
1778557759.730439,599616078314885736,36,-1012.0,111.0,-123.0,1025.47
1778557759.770439,599616078354885736,36,-1016.0,123.0,-124.0,1030.9
1778557759.810439,599616078394885736,36,-997.0,103.0,-130.0,1010.7
1778557759.850440,599616078434885736,36,-1006.0,103.0,-126.0,1019.08
1778557759.890440,599616078474885736,36,-1010.0,88.0,-153.0,1025.31
1778557759.930439,599616078514885736,36,-1000.0,14.0,-156.0,1012.19
1778557759.970439,599616078554885736,36,-1005.0,25.0,-157.0,1017.5
1778557760.010439,599616078594885736,36,-1019.0,40.0,-173.0,1034.35
1778557760.050439,599616078634885736,36,-993.0,42.0,-134.0,1002.88
1778557760.090440,599616078674885736,36,-1011.0,95.0,-198.0,1034.58
1778557760.130440,599616078714885736,36,-1019.0,146.0,-150.0,1040.28
1778557760.170439,599616078754885736,36,-1034.0,135.0,-144.0,1052.67
1778557760.210439,599616078794885736,36,-1005.0,107.0,-154.0,1022.35
1778557760.250439,599616078834885736,36,-1003.0,85.0,-175.0,1021.69
1778557760.290439,599616078874885736,36,-1000.0,38.0,-174.0,1015.74
1778557760.330440,599616078914885736,36,-1018.0,68.0,-169.0,1034.17
1778557760.370440,599616078954885736,36,-1017.0,56.0,-172.0,1032.96
1778557760.410439,599616078994885736,36,-1007.0,55.0,-175.0,1023.57
1778557760.450439,599616079034885736,36,-1006.0,82.0,-181.0,1025.44
1778557760.490439,599616079074885736,36,-988.0,68.0,-176.0,1005.85
1778557760.530439,599616079114885736,36,-1006.0,57.0,-169.0,1021.69
1778557760.570440,599616079154885736,36,-1016.0,54.0,-183.0,1033.76
1778557760.610440,599616079194885736,36,-1016.0,44.0,-162.0,1029.77
1778557760.650440,599616079234885736,36,-1011.0,43.0,-153.0,1023.42
1778557760.690439,599616079274885736,36,-1013.0,31.0,-159.0,1025.87
1778557760.730439,599616079314885736,36,-1011.0,32.0,-162.0,1024.4
1778557760.770439,599616079354885736,36,-1013.0,27.0,-168.0,1027.19
1778557760.810439,599616079394885736,36,-1012.0,18.0,-180.0,1028.04
1778557760.850440,599616079434885736,36,-1010.0,13.0,-168.0,1023.96
1778557760.890440,599616079474885736,36,-1003.0,15.0,-174.0,1018.09
1778557760.930439,599616079514885736,36,-1011.0,11.0,-185.0,1027.85
1778557760.970439,599616079554885736,36,-1005.0,9.0,-187.0,1022.29
1778557761.010439,599616079594885736,36,-1006.0,4.0,-186.0,1023.06
1778557761.050439,599616079634885736,36,-1011.0,1.0,-186.0,1027.97
1778557761.090440,599616079674885736,36,-1009.0,0.0,-184.0,1025.64
1778557761.041830,599616079694369476,72,-1007.0,1.0,-189.0,1024.58
1778557761.081830,599616079734369476,72,-1009.0,-3.0,-186.0,1026.0
1778557761.121830,599616079774369476,72,-1012.0,2.0,-186.0,1028.95
1778557761.161830,599616079814369476,72,-1005.0,7.0,-179.0,1020.84
1778557761.201830,599616079854369476,72,-1013.0,4.0,-172.0,1027.51
1778557761.241830,599616079894369476,72,-1006.0,17.0,-193.0,1024.49
1778557761.281830,599616079934369476,72,-1014.0,16.0,-169.0,1028.11
1778557761.321830,599616079974369476,72,-1009.0,20.0,-164.0,1022.44
1778557761.361830,599616080014369476,72,-1011.0,17.0,-168.0,1025.0
1778557761.401830,599616080054369476,72,-1011.0,11.0,-165.0,1024.43
1778557761.441830,599616080094369476,72,-1012.0,14.0,-156.0,1024.05
1778557761.481830,599616080134369476,72,-1012.0,15.0,-154.0,1023.76
1778557761.521830,599616080174369476,72,-1012.0,15.0,-142.0,1022.02
1778557761.561830,599616080214369476,72,-1013.0,21.0,-136.0,1022.3
1778557761.601830,599616080254369476,72,-1016.0,20.0,-136.0,1025.26
1778557761.641830,599616080294369476,72,-1015.0,22.0,-130.0,1023.53
1778557761.681830,599616080334369476,72,-1013.0,22.0,-128.0,1021.29
1778557761.721830,599616080374369476,72,-1013.0,23.0,-128.0,1021.31
1778557761.761830,599616080414369476,72,-1013.0,22.0,-129.0,1021.42
1778557761.801830,599616080454369476,72,-1014.0,20.0,-129.0,1022.37
1778557761.841830,599616080494369476,72,-1012.0,19.0,-126.0,1019.99
1778557761.881830,599616080534369476,72,-1015.0,17.0,-136.0,1024.21
1778557761.921830,599616080574369476,72,-1013.0,15.0,-130.0,1021.42
1778557761.961830,599616080614369476,72,-1018.0,16.0,-124.0,1025.65
1778557762.001830,599616080654369476,72,-1013.0,18.0,-140.0,1022.79
1778557762.041830,599616080694369476,72,-1015.0,16.0,-127.0,1023.04
1778557762.081830,599616080734369476,72,-1012.0,17.0,-124.0,1019.71
1778557762.121830,599616080774369476,72,-1013.0,19.0,-127.0,1021.11
1778557762.161830,599616080814369476,72,-1018.0,12.0,-124.0,1025.59
1778557762.201830,599616080854369476,72,-1018.0,7.0,-119.0,1024.96
1778557762.241830,599616080894369476,72,-1015.0,15.0,-122.0,1022.42
1778557762.281830,599616080934369476,72,-1007.0,18.0,-119.0,1014.17
1778557762.321830,599616080974369476,72,-1011.0,22.0,-111.0,1017.31
1778557762.361830,599616081014369476,72,-1013.0,24.0,-116.0,1019.9
1778557762.401830,599616081054369476,72,-1016.0,10.0,-120.0,1023.11
1778557762.441830,599616081094369476,72,-1017.0,13.0,-118.0,1023.91
1778557762.481820,599616081113853210,108,-1016.0,15.0,-121.0,1023.29
1778557762.521820,599616081153853210,108,-1014.0,22.0,-123.0,1021.67
1778557762.561820,599616081193853210,108,-1013.0,25.0,-126.0,1021.11
1778557762.601820,599616081233853210,108,-1012.0,23.0,-119.0,1019.23
1778557762.641820,599616081273853210,108,-1017.0,22.0,-132.0,1025.77
1778557762.681820,599616081313853210,108,-1012.0,19.0,-115.0,1018.69
1778557762.721820,599616081353853210,108,-1016.0,22.0,-130.0,1024.52
1778557762.761820,599616081393853210,108,-1014.0,17.0,-130.0,1022.44
1778557762.801820,599616081433853210,108,-1016.0,20.0,-122.0,1023.49
1778557762.841820,599616081473853210,108,-1015.0,22.0,-122.0,1022.54
1778557762.881820,599616081513853210,108,-1014.0,24.0,-121.0,1021.48
1778557762.921820,599616081553853210,108,-1015.0,21.0,-122.0,1022.52
1778557762.961820,599616081593853210,108,-1014.0,20.0,-125.0,1021.87
1778557763.001820,599616081633853210,108,-1015.0,15.0,-129.0,1023.27
1778557763.041820,599616081673853210,108,-1014.0,20.0,-121.0,1021.39
1778557763.081820,599616081713853210,108,-1015.0,18.0,-129.0,1023.32
1778557763.121820,599616081753853210,108,-1014.0,22.0,-131.0,1022.66
1778557763.161820,599616081793853210,108,-1014.0,19.0,-133.0,1022.86
1778557763.201820,599616081833853210,108,-1014.0,20.0,-139.0,1023.68
1778557763.241820,599616081873853210,108,-1013.0,20.0,-139.0,1022.69
1778557763.281820,599616081913853210,108,-1013.0,18.0,-146.0,1023.63
1778557763.321820,599616081953853210,108,-1013.0,17.0,-152.0,1024.48
1778557763.361820,599616081993853210,108,-1011.0,17.0,-145.0,1021.49
1778557763.401820,599616082033853210,108,-1010.0,17.0,-161.0,1022.89
1778557763.441820,599616082073853210,108,-1010.0,21.0,-141.0,1020.01
1778557763.481820,599616082113853210,108,-1004.0,22.0,-169.0,1018.36
1778557763.521820,599616082153853210,108,-1012.0,16.0,-140.0,1021.76
1778557763.561820,599616082193853210,108,-1016.0,14.0,-123.0,1023.51
1778557763.601820,599616082233853210,108,-1016.0,18.0,-135.0,1025.09
1778557763.641820,599616082273853210,108,-1006.0,12.0,-141.0,1015.9
1778557763.681820,599616082313853210,108,-1006.0,18.0,-115.0,1012.71
1778557763.721820,599616082353853210,108,-1017.0,24.0,-112.0,1023.43
1778557763.761820,599616082393853210,108,-1016.0,22.0,-119.0,1023.18
1778557763.801820,599616082433853210,108,-994.0,22.0,-128.0,1002.45
1778557763.841820,599616082473853210,108,-980.0,15.0,-123.0,987.8
1778557763.881820,599616082513853210,108,-1013.0,5.0,-113.0,1019.3
1778557763.876912,599616082534862840,144,-1053.0,36.0,-128.0,1061.36
1778557763.916912,599616082574862840,144,-1022.0,23.0,-137.0,1031.4
1778557763.956912,599616082614862840,144,-1011.0,26.0,-109.0,1017.19
1778557763.996912,599616082654862840,144,-1020.0,36.0,-104.0,1025.92
1778557764.036912,599616082694862840,144,-1023.0,13.0,-116.0,1029.64
1778557764.076912,599616082734862840,144,-1029.0,10.0,-171.0,1043.16
1778557764.116912,599616082774862840,144,-998.0,35.0,-136.0,1007.83
1778557764.156912,599616082814862840,144,-1004.0,39.0,-134.0,1013.65
1778557764.196912,599616082854862840,144,-1004.0,39.0,-144.0,1015.02
1778557764.236912,599616082894862840,144,-1016.0,11.0,-152.0,1027.37
1778557764.276912,599616082934862840,144,-991.0,36.0,-126.0,999.63
1778557764.316912,599616082974862840,144,-1016.0,28.0,-129.0,1024.54
1778557764.356912,599616083014862840,144,-1014.0,8.0,-121.0,1021.23
1778557764.396912,599616083054862840,144,-1024.0,27.0,-123.0,1031.71
1778557764.436912,599616083094862840,144,-1017.0,43.0,-134.0,1026.69
1778557764.476912,599616083134862840,144,-1014.0,29.0,-148.0,1025.15
1778557764.516912,599616083174862840,144,-1007.0,32.0,-134.0,1016.38
1778557764.556912,599616083214862840,144,-991.0,42.0,-150.0,1003.17
1778557764.596912,599616083254862840,144,-1009.0,10.0,-174.0,1023.94
1778557764.636912,599616083294862840,144,-1017.0,-25.0,-143.0,1027.31
1778557764.676912,599616083334862840,144,-1015.0,-14.0,-147.0,1025.69
1778557764.716912,599616083374862840,144,-1007.0,11.0,-165.0,1020.49
1778557764.756912,599616083414862840,144,-1008.0,43.0,-164.0,1022.16
1778557764.796912,599616083454862840,144,-987.0,52.0,-173.0,1003.4
1778557764.836912,599616083494862840,144,-1003.0,16.0,-180.0,1019.15
1778557764.876912,599616083534862840,144,-1021.0,45.0,-115.0,1028.44
1778557764.916912,599616083574862840,144,-1056.0,44.0,-121.0,1063.82
1778557764.956912,599616083614862840,144,-1022.0,39.0,-123.0,1030.11
1778557764.996912,599616083654862840,144,-1011.0,41.0,-105.0,1017.26
1778557765.036912,599616083694862840,144,-1018.0,57.0,-108.0,1025.3
1778557765.076912,599616083734862840,144,-1016.0,101.0,-122.0,1028.27
1778557765.116912,599616083774862840,144,-985.0,49.0,-155.0,998.32
1778557765.156912,599616083814862840,144,-1008.0,6.0,-160.0,1020.64
1778557765.196912,599616083854862840,144,-1011.0,-26.0,-168.0,1025.19
1778557765.236912,599616083894862840,144,-1026.0,39.0,-120.0,1033.73
1778557765.276912,599616083934862840,144,-1050.0,58.0,-155.0,1062.96
1778557765.316837,599616083955475754,180,-1020.0,40.0,-70.0,1023.18
1778557765.356837,599616083995475754,180,-1014.0,99.0,-115.0,1025.29
1778557765.396837,599616084035475754,180,-1053.0,62.0,-149.0,1065.3
1778557765.436837,599616084075475754,180,-918.0,19.0,-186.0,936.85
1778557765.476837,599616084115475754,180,-988.0,-9.0,-179.0,1004.12
1778557765.516837,599616084155475754,180,-979.0,27.0,-175.0,994.88
1778557765.556837,599616084195475754,180,-1017.0,7.0,-277.0,1054.07
1778557765.596837,599616084235475754,180,-1021.0,-39.0,-197.0,1040.56
1778557765.636837,599616084275475754,180,-981.0,12.0,-235.0,1008.83
1778557765.676837,599616084315475754,180,-1011.0,-7.0,-195.0,1029.66
1778557765.716837,599616084355475754,180,-1006.0,-29.0,-234.0,1033.26
1778557765.756837,599616084395475754,180,-996.0,-10.0,-188.0,1013.64
1778557765.796837,599616084435475754,180,-1013.0,-22.0,-150.0,1024.28
1778557765.836837,599616084475475754,180,-1006.0,-19.0,-174.0,1021.11
1778557765.876837,599616084515475754,180,-986.0,60.0,-202.0,1008.27
1778557765.916837,599616084555475754,180,-994.0,55.0,-205.0,1016.41
1778557765.956837,599616084595475754,180,-990.0,144.0,-180.0,1016.48
1778557765.996837,599616084635475754,180,-1014.0,-36.0,-142.0,1024.53
1778557766.036837,599616084675475754,180,-1041.0,-61.0,-227.0,1067.21
1778557766.076837,599616084715475754,180,-1005.0,-64.0,-140.0,1016.72
1778557766.116837,599616084755475754,180,-1036.0,-4.0,-193.0,1053.83
1778557766.156837,599616084795475754,180,-1005.0,6.0,-147.0,1015.71
1778557766.196837,599616084835475754,180,-1016.0,-5.0,-218.0,1039.14
1778557766.236837,599616084875475754,180,-997.0,-29.0,-164.0,1010.81
1778557766.276837,599616084915475754,180,-1028.0,31.0,-206.0,1048.9
1778557766.316837,599616084955475754,180,-975.0,37.0,-173.0,990.92
1778557766.356837,599616084995475754,180,-1026.0,54.0,-258.0,1059.32
1778557766.396837,599616085035475754,180,-974.0,65.0,-162.0,989.52
1778557766.436837,599616085075475754,180,-1013.0,54.0,-184.0,1030.99
1778557766.476837,599616085115475754,180,-1007.0,26.0,-166.0,1020.92
1778557766.516837,599616085155475754,180,-1020.0,32.0,-168.0,1034.24
1778557766.556837,599616085195475754,180,-1009.0,40.0,-202.0,1029.8
1778557766.596837,599616085235475754,180,-1001.0,44.0,-127.0,1009.98
1778557766.636837,599616085275475754,180,-1010.0,45.0,-192.0,1029.07
1778557766.676837,599616085315475754,180,-1011.0,4.0,-111.0,1017.08
1778557766.716837,599616085355475754,180,-1007.0,62.0,-196.0,1027.77
1778557766.711800,599616085376485374,216,-1018.0,15.0,-119.0,1025.04
1778557766.751800,599616085416485374,216,-1005.0,90.0,-158.0,1021.32
1778557766.791800,599616085456485374,216,-1004.0,59.0,-155.0,1017.61
1778557766.831800,599616085496485374,216,-974.0,105.0,-144.0,990.17
1778557766.871800,599616085536485374,216,-1010.0,99.0,-194.0,1033.22
1778557766.911800,599616085576485374,216,-1025.0,21.0,-119.0,1032.1
1778557766.951800,599616085616485374,216,-1000.0,101.0,-209.0,1026.59
1778557766.991800,599616085656485374,216,-1018.0,96.0,-169.0,1036.39
1778557767.031800,599616085696485374,216,-985.0,86.0,-187.0,1006.28
1778557767.071800,599616085736485374,216,-989.0,7.0,-171.0,1003.7
1778557767.111800,599616085776485374,216,-779.0,-28.0,-189.0,802.09
1778557767.151800,599616085816485374,216,-1287.0,92.0,-402.0,1351.46
1778557767.191800,599616085856485374,216,-940.0,16.0,-155.0,952.83
1778557767.231800,599616085896485374,216,-1011.0,36.0,-255.0,1043.28
1778557767.271800,599616085936485374,216,-986.0,51.0,-225.0,1012.63
1778557767.311800,599616085976485374,216,-1002.0,82.0,-301.0,1049.44
1778557767.351800,599616086016485374,216,-977.0,-31.0,-140.0,987.47
1778557767.391800,599616086056485374,216,-998.0,-9.0,-195.0,1016.91
1778557767.431800,599616086096485374,216,-1027.0,2.0,-208.0,1047.85
1778557767.471800,599616086136485374,216,-1002.0,-9.0,-185.0,1018.97
1778557767.511800,599616086176485374,216,-1011.0,-5.0,-196.0,1029.84
1778557767.551800,599616086216485374,216,-988.0,15.0,-186.0,1005.47
1778557767.591800,599616086256485374,216,-1008.0,20.0,-202.0,1028.24
1778557767.631800,599616086296485374,216,-1014.0,10.0,-200.0,1033.58
1778557767.671800,599616086336485374,216,-1014.0,4.0,-146.0,1024.46
1778557767.711800,599616086376485374,216,-1017.0,4.0,-174.0,1031.79
1778557767.751800,599616086416485374,216,-1015.0,9.0,-169.0,1029.01
1778557767.791800,599616086456485374,216,-1008.0,5.0,-177.0,1023.43
1778557767.831800,599616086496485374,216,-1015.0,-3.0,-118.0,1021.84
1778557767.871800,599616086536485374,216,-1016.0,12.0,-136.0,1025.13
1778557767.911800,599616086576485374,216,-1003.0,7.0,-154.0,1014.78
1778557767.951800,599616086616485374,216,-1014.0,-11.0,-105.0,1019.48
1778557767.991800,599616086656485374,216,-1001.0,20.0,-136.0,1010.39
1778557768.031800,599616086696485374,216,-986.0,-11.0,-127.0,994.21
1778557768.071800,599616086736485374,216,-1013.0,11.0,-122.0,1020.38
1778557768.111800,599616086776485374,216,-1025.0,-9.0,-127.0,1032.88
1778557768.158119,599616086796457416,252,-1006.0,20.0,-155.0,1018.07
1778557768.198119,599616086836457416,252,-1028.0,-4.0,-110.0,1033.88
1778557768.238119,599616086876457416,252,-1022.0,-42.0,-126.0,1030.59
1778557768.278119,599616086916457416,252,-1015.0,16.0,-129.0,1023.29
1778557768.318120,599616086956457416,252,-1012.0,0.0,-114.0,1018.4
1778557768.358119,599616086996457416,252,-1000.0,0.0,-137.0,1009.34
1778557768.398119,599616087036457416,252,-1009.0,14.0,-139.0,1018.63
1778557768.438119,599616087076457416,252,-1014.0,3.0,-151.0,1025.19
1778557768.478119,599616087116457416,252,-1017.0,-1.0,-127.0,1024.9
1778557768.518119,599616087156457416,252,-1016.0,6.0,-163.0,1029.01
1778557768.558120,599616087196457416,252,-1000.0,14.0,-131.0,1008.64
1778557768.598119,599616087236457416,252,-1006.0,-5.0,-139.0,1015.57
1778557768.638119,599616087276457416,252,-1010.0,4.0,-160.0,1022.6
1778557768.678119,599616087316457416,252,-1016.0,12.0,-175.0,1031.03
1778557768.718119,599616087356457416,252,-1014.0,13.0,-156.0,1026.01
1778557768.758119,599616087396457416,252,-1006.0,27.0,-166.0,1019.96
1778557768.798120,599616087436457416,252,-1007.0,41.0,-170.0,1022.07
1778557768.838120,599616087476457416,252,-1017.0,-24.0,-128.0,1025.3
1778557768.878119,599616087516457416,252,-1014.0,14.0,-157.0,1026.18
1778557768.918119,599616087556457416,252,-1011.0,4.0,-136.0,1020.11
1778557768.958119,599616087596457416,252,-1018.0,-3.0,-154.0,1029.59
1778557768.998119,599616087636457416,252,-985.0,59.0,-150.0,998.1
1778557769.038120,599616087676457416,252,-1029.0,-7.0,-176.0,1043.97
1778557769.078120,599616087716457416,252,-1010.0,38.0,-147.0,1021.35
1778557769.118119,599616087756457416,252,-1011.0,6.0,-139.0,1020.53
1778557769.158119,599616087796457416,252,-1013.0,-5.0,-142.0,1022.92
1778557769.198119,599616087836457416,252,-1009.0,12.0,-138.0,1018.46
1778557769.238119,599616087876457416,252,-1013.0,4.0,-160.0,1025.57
1778557769.278119,599616087916457416,252,-1014.0,4.0,-148.0,1024.75
1778557769.318120,599616087956457416,252,-1010.0,28.0,-142.0,1020.32
1778557769.358119,599616087996457416,252,-1007.0,49.0,-178.0,1023.78
1778557769.398119,599616088036457416,252,-1017.0,-58.0,-128.0,1026.66
1778557769.438119,599616088076457416,252,-1010.0,17.0,-138.0,1019.53
1778557769.478119,599616088116457416,252,-1025.0,-8.0,-134.0,1033.75
1778557769.518119,599616088156457416,252,-998.0,3.0,-134.0,1006.96
1778557769.558120,599616088196457416,252,-1014.0,-16.0,-144.0,1024.3
1778557769.591950,599616088217406010,288,-1001.0,31.0,-131.0,1010.01
1778557769.631950,599616088257406010,288,-1034.0,-19.0,-162.0,1046.79
1778557769.671950,599616088297406010,288,-1011.0,16.0,-134.0,1019.97
1778557769.711950,599616088337406010,288,-1005.0,-1.0,-133.0,1013.76
1778557769.751950,599616088377406010,288,-1010.0,12.0,-114.0,1016.48
1778557769.791950,599616088417406010,288,-1014.0,22.0,-139.0,1023.72
1778557769.831950,599616088457406010,288,-1015.0,14.0,-163.0,1028.1
1778557769.871950,599616088497406010,288,-1021.0,15.0,-136.0,1030.13
1778557769.911950,599616088537406010,288,-1007.0,45.0,-154.0,1019.7
1778557769.951950,599616088577406010,288,-1005.0,-44.0,-122.0,1013.33
1778557769.991950,599616088617406010,288,-1017.0,20.0,-140.0,1026.79
1778557770.031950,599616088657406010,288,-1013.0,-11.0,-128.0,1021.11
1778557770.071950,599616088697406010,288,-1016.0,14.0,-139.0,1025.56
1778557770.111950,599616088737406010,288,-999.0,5.0,-133.0,1007.83
1778557770.151950,599616088777406010,288,-1019.0,-2.0,-125.0,1026.64
1778557770.191950,599616088817406010,288,-1017.0,-14.0,-118.0,1023.92
1778557770.231950,599616088857406010,288,-1013.0,11.0,-130.0,1021.37
1778557770.271950,599616088897406010,288,-1016.0,-14.0,-135.0,1025.03
1778557770.311950,599616088937406010,288,-1002.0,36.0,-144.0,1012.93
1778557770.351950,599616088977406010,288,-1008.0,4.0,-163.0,1021.1
1778557770.391950,599616089017406010,288,-1017.0,6.0,-131.0,1025.42
1778557770.431950,599616089057406010,288,-1006.0,9.0,-133.0,1014.79
1778557770.471950,599616089097406010,288,-1019.0,5.0,-144.0,1029.14
1778557770.511950,599616089137406010,288,-1007.0,4.0,-127.0,1014.98
1778557770.551950,599616089177406010,288,-1011.0,8.0,-129.0,1019.23
1778557770.591950,599616089217406010,288,-1017.0,16.0,-145.0,1027.41
1778557770.631950,599616089257406010,288,-1016.0,18.0,-151.0,1027.32
1778557770.671950,599616089297406010,288,-1016.0,27.0,-147.0,1026.93
1778557770.711950,599616089337406010,288,-1003.0,29.0,-132.0,1012.06
1778557770.751950,599616089377406010,288,-1017.0,-34.0,-125.0,1025.22
1778557770.791950,599616089417406010,288,-1015.0,23.0,-125.0,1022.93
1778557770.831950,599616089457406010,288,-1017.0,5.0,-126.0,1024.79
1778557770.871950,599616089497406010,288,-1012.0,6.0,-132.0,1020.59
1778557770.911950,599616089537406010,288,-1019.0,28.0,-140.0,1028.95
1778557770.951950,599616089577406010,288,-1002.0,5.0,-116.0,1008.7
1778557770.991950,599616089617406010,288,-1017.0,-2.0,-122.0,1024.29
1778557770.986923,599616089637561132,324,-1015.0,10.0,-123.0,1022.47
1778557771.026923,599616089677561132,324,-1016.0,3.0,-118.0,1022.83
1778557771.066923,599616089717561132,324,-1015.0,6.0,-125.0,1022.69
1778557771.106923,599616089757561132,324,-1015.0,10.0,-122.0,1022.35
1778557771.146924,599616089797561132,324,-1014.0,9.0,-118.0,1020.88
1778557771.186924,599616089837561132,324,-1010.0,2.0,-114.0,1016.42
1778557771.226923,599616089877561132,324,-1013.0,22.0,-118.0,1020.09
1778557771.266923,599616089917561132,324,-1013.0,18.0,-134.0,1021.98
1778557771.306923,599616089957561132,324,-1015.0,14.0,-121.0,1022.28
1778557771.346923,599616089997561132,324,-1024.0,11.0,-131.0,1032.4
1778557771.386924,599616090037561132,324,-1008.0,42.0,-141.0,1018.68
1778557771.426924,599616090077561132,324,-1014.0,-40.0,-100.0,1019.7
1778557771.466923,599616090117561132,324,-1009.0,33.0,-130.0,1017.88
1778557771.506923,599616090157561132,324,-1016.0,-25.0,-103.0,1021.51
1778557771.546923,599616090197561132,324,-1016.0,32.0,-137.0,1025.69
1778557771.586923,599616090237561132,324,-1011.0,5.0,-121.0,1018.23
1778557771.626924,599616090277561132,324,-1019.0,9.0,-129.0,1027.17
1778557771.666924,599616090317561132,324,-1015.0,9.0,-140.0,1024.65
1778557771.706923,599616090357561132,324,-1014.0,3.0,-135.0,1022.95
1778557771.746923,599616090397561132,324,-1018.0,2.0,-137.0,1027.18
1778557771.786923,599616090437561132,324,-999.0,14.0,-119.0,1006.16
1778557771.826923,599616090477561132,324,-1008.0,22.0,-131.0,1016.71
1778557771.866924,599616090517561132,324,-1013.0,47.0,-153.0,1025.57
1778557771.906924,599616090557561132,324,-1011.0,-25.0,-80.0,1014.47
1778557771.946923,599616090597561132,324,-1043.0,59.0,-151.0,1055.52
1778557771.986923,599616090637561132,324,-1012.0,15.0,-97.0,1016.75
1778557772.026923,599616090677561132,324,-1025.0,-22.0,-82.0,1028.51
1778557772.066923,599616090717561132,324,-969.0,17.0,-107.0,975.04
1778557772.106923,599616090757561132,324,-1046.0,21.0,-138.0,1055.27
1778557772.146924,599616090797561132,324,-1038.0,2.0,-112.0,1044.03
1778557772.186924,599616090837561132,324,-1017.0,16.0,-114.0,1023.49
1778557772.226923,599616090877561132,324,-1007.0,8.0,-122.0,1014.39
1778557772.266923,599616090917561132,324,-1011.0,12.0,-123.0,1018.53
1778557772.306923,599616090957561132,324,-1000.0,30.0,-106.0,1006.05
1778557772.346923,599616090997561132,324,-1014.0,20.0,-149.0,1025.08
1778557772.386924,599616091037561132,324,-1019.0,2.0,-106.0,1024.5
1778557772.427162,599616091057380562,360,-1019.0,-5.0,-102.0,1024.1
1778557772.467162,599616091097380562,360,-1016.0,-13.0,-114.0,1022.46
1778557772.507162,599616091137380562,360,-1009.0,0.0,-91.0,1013.1
1778557772.547162,599616091177380562,360,-1020.0,-3.0,-120.0,1027.04
1778557772.587162,599616091217380562,360,-1026.0,6.0,-133.0,1034.6
1778557772.627162,599616091257380562,360,-1009.0,4.0,-125.0,1016.72
1778557772.667162,599616091297380562,360,-1021.0,4.0,-136.0,1030.03
1778557772.707162,599616091337380562,360,-999.0,14.0,-128.0,1007.26
1778557772.747162,599616091377380562,360,-1003.0,14.0,-117.0,1009.9
1778557772.787162,599616091417380562,360,-1016.0,-6.0,-93.0,1020.27
1778557772.827162,599616091457380562,360,-1013.0,-45.0,-81.0,1017.23
1778557772.867162,599616091497380562,360,-1019.0,24.0,-89.0,1023.16
1778557772.907162,599616091537380562,360,-1016.0,70.0,-70.0,1020.81
1778557772.947162,599616091577380562,360,-1002.0,42.0,-111.0,1009.0
1778557772.987162,599616091617380562,360,-987.0,10.0,-171.0,1001.75
1778557773.027162,599616091657380562,360,-994.0,1.0,-144.0,1004.38
1778557773.067162,599616091697380562,360,-1055.0,-10.0,-135.0,1063.65
1778557773.107162,599616091737380562,360,-1045.0,-22.0,-131.0,1053.41
1778557773.147162,599616091777380562,360,-1036.0,-4.0,-151.0,1046.95
1778557773.187162,599616091817380562,360,-990.0,-5.0,-138.0,999.58
1778557773.227162,599616091857380562,360,-1031.0,42.0,-123.0,1039.16
1778557773.267162,599616091897380562,360,-1020.0,72.0,-144.0,1032.63
1778557773.307162,599616091937380562,360,-991.0,12.0,-130.0,999.56
1778557773.347162,599616091977380562,360,-1002.0,-31.0,-130.0,1010.87
1778557773.387162,599616092017380562,360,-1019.0,-20.0,-120.0,1026.24
1778557773.427162,599616092057380562,360,-1015.0,7.0,-97.0,1019.65
1778557773.467162,599616092097380562,360,-1039.0,36.0,-79.0,1042.62
1778557773.507162,599616092137380562,360,-1029.0,10.0,-97.0,1033.61
1778557773.547162,599616092177380562,360,-1014.0,-11.0,-115.0,1020.56
1778557773.587162,599616092217380562,360,-1014.0,27.0,-117.0,1021.08
1778557773.627162,599616092257380562,360,-1013.0,37.0,-119.0,1020.64
1778557773.667162,599616092297380562,360,-1007.0,3.0,-124.0,1014.61
1778557773.707162,599616092337380562,360,-1004.0,-10.0,-125.0,1011.8
1778557773.747162,599616092377380562,360,-1015.0,-11.0,-122.0,1022.36
1778557773.787162,599616092417380562,360,-1016.0,-10.0,-123.0,1023.47
1778557773.827162,599616092457380562,360,-1015.0,0.0,-120.0,1022.07
1778557773.821932,599616092477291542,396,-1014.0,4.0,-115.0,1020.51
1778557773.861932,599616092517291542,396,-1004.0,10.0,-129.0,1012.3
1778557773.901932,599616092557291542,396,-1015.0,5.0,-85.0,1018.57
1778557773.941931,599616092597291542,396,-1025.0,-1.0,-133.0,1033.59
1778557773.981932,599616092637291542,396,-1019.0,0.0,-103.0,1024.19
1778557774.021932,599616092677291542,396,-1018.0,3.0,-104.0,1023.3
1778557774.061932,599616092717291542,396,-1013.0,3.0,-84.0,1016.48
1778557774.101932,599616092757291542,396,-1013.0,0.0,-97.0,1017.63
1778557774.141932,599616092797291542,396,-1015.0,2.0,-87.0,1018.72
1778557774.181931,599616092837291542,396,-1017.0,3.0,-93.0,1021.25
1778557774.221932,599616092877291542,396,-1018.0,10.0,-82.0,1021.35
1778557774.261932,599616092917291542,396,-1017.0,15.0,-77.0,1020.02
1778557774.301932,599616092957291542,396,-1014.0,12.0,-89.0,1017.97
1778557774.341932,599616092997291542,396,-1016.0,14.0,-95.0,1020.53
1778557774.381932,599616093037291542,396,-1017.0,5.0,-99.0,1021.82
1778557774.421932,599616093077291542,396,-1018.0,4.0,-106.0,1023.51
1778557774.461932,599616093117291542,396,-1017.0,11.0,-105.0,1022.47
1778557774.501932,599616093157291542,396,-1015.0,16.0,-101.0,1020.14
1778557774.541932,599616093197291542,396,-1015.0,20.0,-108.0,1020.93
1778557774.581932,599616093237291542,396,-1013.0,13.0,-108.0,1018.82
1778557774.621932,599616093277291542,396,-1019.0,12.0,-112.0,1025.21
1778557774.661932,599616093317291542,396,-1015.0,9.0,-95.0,1019.48
1778557774.701932,599616093357291542,396,-1017.0,9.0,-103.0,1022.24
1778557774.741932,599616093397291542,396,-1016.0,8.0,-109.0,1021.86
1778557774.781932,599616093437291542,396,-1017.0,9.0,-95.0,1021.47
1778557774.821932,599616093477291542,396,-1016.0,4.0,-95.0,1020.44
1778557774.861932,599616093517291542,396,-1017.0,6.0,-97.0,1021.63
1778557774.901932,599616093557291542,396,-1016.0,6.0,-97.0,1020.64
1778557774.941931,599616093597291542,396,-1017.0,7.0,-99.0,1021.83
1778557774.981932,599616093637291542,396,-1015.0,8.0,-102.0,1020.14
1778557775.021932,599616093677291542,396,-1015.0,8.0,-95.0,1019.47
1778557775.061932,599616093717291542,396,-1016.0,7.0,-95.0,1020.46
1778557775.101932,599616093757291542,396,-1017.0,10.0,-100.0,1021.95
1778557775.141932,599616093797291542,396,-1016.0,8.0,-103.0,1021.24
1778557775.181931,599616093837291542,396,-1016.0,8.0,-100.0,1020.94
1778557775.221932,599616093877291542,396,-1016.0,7.0,-99.0,1020.84
1778557775.261948,599616093897324604,432,-1015.0,8.0,-99.0,1019.85
1778557775.301948,599616093937324604,432,-1016.0,7.0,-99.0,1020.84
1778557775.341948,599616093977324604,432,-1016.0,7.0,-102.0,1021.13
1778557775.381948,599616094017324604,432,-1015.0,7.0,-95.0,1019.46
1778557775.421948,599616094057324604,432,-1018.0,11.0,-106.0,1023.56
1778557775.461948,599616094097324604,432,-1014.0,8.0,-96.0,1018.57
1778557775.501948,599616094137324604,432,-1018.0,10.0,-101.0,1023.05
1778557775.541948,599616094177324604,432,-1015.0,7.0,-106.0,1020.54
1778557775.581948,599616094217324604,432,-1017.0,7.0,-95.0,1021.45
1778557775.621948,599616094257324604,432,-1016.0,7.0,-99.0,1020.84
1778557775.661948,599616094297324604,432,-1016.0,9.0,-97.0,1020.66
1778557775.701948,599616094337324604,432,-1016.0,8.0,-99.0,1020.84
1778557775.741948,599616094377324604,432,-1017.0,7.0,-97.0,1021.64
1778557775.781948,599616094417324604,432,-1015.0,8.0,-101.0,1020.04
1778557775.821948,599616094457324604,432,-1015.0,9.0,-93.0,1019.29
1778557775.861948,599616094497324604,432,-1016.0,5.0,-95.0,1020.44
1778557775.901948,599616094537324604,432,-1017.0,7.0,-98.0,1021.73
1778557775.941948,599616094577324604,432,-1016.0,5.0,-99.0,1020.82
1778557775.981948,599616094617324604,432,-1016.0,7.0,-97.0,1020.64
1778557776.021948,599616094657324604,432,-1016.0,7.0,-95.0,1020.46
1778557776.061948,599616094697324604,432,-1016.0,7.0,-98.0,1020.74
1778557776.101948,599616094737324604,432,-1017.0,7.0,-97.0,1021.64
1778557776.141948,599616094777324604,432,-1016.0,6.0,-97.0,1020.64
1778557776.181948,599616094817324604,432,-1016.0,6.0,-92.0,1020.17
1778557776.221948,599616094857324604,432,-1018.0,9.0,-100.0,1022.94
1778557776.261948,599616094897324604,432,-1013.0,8.0,-89.0,1016.93
1778557776.301948,599616094937324604,432,-1016.0,5.0,-85.0,1019.56
1778557776.341948,599616094977324604,432,-1015.0,8.0,-114.0,1021.41
1778557776.381948,599616095017324604,432,-1018.0,7.0,-88.0,1021.82
1778557776.421948,599616095057324604,432,-1016.0,2.0,-85.0,1019.55
1778557776.461948,599616095097324604,432,-1021.0,18.0,-95.0,1025.57
1778557776.501948,599616095137324604,432,-1016.0,6.0,-95.0,1020.45
1778557776.541948,599616095177324604,432,-1017.0,9.0,-70.0,1019.45
1778557776.581948,599616095217324604,432,-1015.0,11.0,-81.0,1018.29
1778557776.621948,599616095257324604,432,-1014.0,7.0,-81.0,1017.25
1778557776.661948,599616095297324604,432,-1016.0,7.0,-85.0,1019.57
1778557776.656974,599616095317601814,468,-1018.0,6.0,-90.0,1021.99
1778557776.696974,599616095357601814,468,-1017.0,4.0,-92.0,1021.16
1778557776.736974,599616095397601814,468,-1018.0,6.0,-87.0,1021.73
1778557776.776974,599616095437601814,468,-1016.0,8.0,-92.0,1020.19
1778557776.816974,599616095477601814,468,-1015.0,9.0,-99.0,1019.86
1778557776.856974,599616095517601814,468,-1017.0,6.0,-81.0,1020.24
1778557776.896974,599616095557601814,468,-1015.0,10.0,-91.0,1019.12
1778557776.936974,599616095597601814,468,-1017.0,9.0,-104.0,1022.34
1778557776.976974,599616095637601814,468,-1018.0,7.0,-93.0,1022.26
1778557777.016974,599616095677601814,468,-1015.0,8.0,-94.0,1019.37
1778557777.056974,599616095717601814,468,-1018.0,5.0,-78.0,1021.0
1778557777.096974,599616095757601814,468,-1015.0,7.0,-113.0,1021.29
1778557777.136974,599616095797601814,468,-1017.0,4.0,-86.0,1020.64
1778557777.176974,599616095837601814,468,-1016.0,3.0,-91.0,1020.07
1778557777.216974,599616095877601814,468,-1016.0,10.0,-93.0,1020.3
1778557777.256974,599616095917601814,468,-1016.0,6.0,-102.0,1021.12
1778557777.296974,599616095957601814,468,-1016.0,7.0,-96.0,1020.55
1778557777.336974,599616095997601814,468,-1017.0,8.0,-94.0,1021.37
1778557777.376974,599616096037601814,468,-1015.0,3.0,-101.0,1020.02
1778557777.416974,599616096077601814,468,-1015.0,4.0,-98.0,1019.73
1778557777.456974,599616096117601814,468,-1016.0,5.0,-101.0,1021.02
1778557777.496974,599616096157601814,468,-1016.0,4.0,-94.0,1020.35
1778557777.536974,599616096197601814,468,-1017.0,5.0,-99.0,1021.82
1778557777.576974,599616096237601814,468,-1016.0,6.0,-110.0,1021.95
1778557777.616974,599616096277601814,468,-1016.0,7.0,-102.0,1021.13
1778557777.656974,599616096317601814,468,-1015.0,7.0,-97.0,1019.65
1778557777.696974,599616096357601814,468,-1015.0,8.0,-116.0,1021.64
1778557777.736974,599616096397601814,468,-1018.0,6.0,-103.0,1023.22
1778557777.776974,599616096437601814,468,-1013.0,6.0,-98.0,1017.75
1778557777.816974,599616096477601814,468,-1019.0,6.0,-109.0,1024.83
1778557777.856974,599616096517601814,468,-1013.0,5.0,-102.0,1018.13
1778557777.896974,599616096557601814,468,-1018.0,12.0,-120.0,1025.12
1778557777.936974,599616096597601814,468,-1015.0,3.0,-116.0,1021.61
1778557777.976974,599616096637601814,468,-1016.0,9.0,-112.0,1022.19
1778557778.016974,599616096677601814,468,-1014.0,11.0,-117.0,1020.79
1778557778.056974,599616096717601814,468,-1015.0,6.0,-113.0,1021.29
1778557778.096888,599616096737329692,504,-1016.0,8.0,-116.0,1022.63
1778557778.136888,599616096777329692,504,-1014.0,7.0,-115.0,1020.52
1778557778.176888,599616096817329692,504,-1016.0,9.0,-119.0,1022.98
1778557778.216888,599616096857329692,504,-1016.0,8.0,-120.0,1023.09
1778557778.256888,599616096897329692,504,-1017.0,6.0,-120.0,1024.07
1778557778.296888,599616096937329692,504,-1018.0,6.0,-111.0,1024.05
1778557778.336888,599616096977329692,504,-1016.0,7.0,-103.0,1021.23
1778557778.376888,599616097017329692,504,-1015.0,5.0,-112.0,1021.17
1778557778.416888,599616097057329692,504,-1016.0,9.0,-113.0,1022.3
1778557778.456888,599616097097329692,504,-1015.0,10.0,-112.0,1021.21
1778557778.496888,599616097137329692,504,-1015.0,6.0,-121.0,1022.2
1778557778.536888,599616097177329692,504,-1014.0,5.0,-132.0,1022.57
1778557778.576888,599616097217329692,504,-1014.0,4.0,-131.0,1022.43
1778557778.616888,599616097257329692,504,-1013.0,7.0,-138.0,1022.38
1778557778.656888,599616097297329692,504,-1014.0,6.0,-122.0,1021.33
1778557778.696888,599616097337329692,504,-1013.0,9.0,-155.0,1024.83
1778557778.736888,599616097377329692,504,-1011.0,4.0,-133.0,1019.72
1778557778.776888,599616097417329692,504,-1013.0,8.0,-133.0,1021.73
1778557778.816888,599616097457329692,504,-1011.0,10.0,-130.0,1019.37
1778557778.856888,599616097497329692,504,-1009.0,8.0,-126.0,1016.87
1778557778.896888,599616097537329692,504,-1013.0,11.0,-112.0,1019.23
1778557778.936888,599616097577329692,504,-1020.0,12.0,-115.0,1026.53
1778557778.976888,599616097617329692,504,-1018.0,5.0,-126.0,1025.78
1778557779.016888,599616097657329692,504,-1012.0,11.0,-98.0,1016.79
1778557779.056888,599616097697329692,504,-1020.0,6.0,-91.0,1024.07
1778557779.096888,599616097737329692,504,-1015.0,5.0,-98.0,1019.73
1778557779.136888,599616097777329692,504,-1017.0,7.0,-105.0,1022.43
1778557779.176888,599616097817329692,504,-1014.0,6.0,-93.0,1018.27
1778557779.216888,599616097857329692,504,-1019.0,6.0,-86.0,1022.64
1778557779.256888,599616097897329692,504,-1014.0,7.0,-94.0,1018.37
1778557779.296888,599616097937329692,504,-1016.0,7.0,-95.0,1020.46
1778557779.336888,599616097977329692,504,-1016.0,11.0,-104.0,1021.37
1778557779.376888,599616098017329692,504,-1014.0,8.0,-87.0,1017.76
1778557779.416888,599616098057329692,504,-1020.0,10.0,-88.0,1023.84
1778557779.456888,599616098097329692,504,-1014.0,10.0,-109.0,1019.89
1778557779.496888,599616098137329692,504,-1019.0,7.0,-89.0,1022.9
1778557779.492692,599616098157088098,540,-1014.0,8.0,-79.0,1017.1
1778557779.532692,599616098197088098,540,-1016.0,9.0,-88.0,1019.84
1778557779.572692,599616098237088098,540,-1016.0,7.0,-92.0,1020.18
1778557779.612692,599616098277088098,540,-1018.0,8.0,-81.0,1021.25
1778557779.652692,599616098317088098,540,-1017.0,11.0,-89.0,1020.95
1778557779.692692,599616098357088098,540,-1015.0,8.0,-86.0,1018.67
1778557779.732692,599616098397088098,540,-1016.0,9.0,-89.0,1019.93
1778557779.772692,599616098437088098,540,-1016.0,7.0,-96.0,1020.55
1778557779.812692,599616098477088098,540,-1016.0,7.0,-97.0,1020.64
1778557779.852692,599616098517088098,540,-1015.0,8.0,-90.0,1019.01
1778557779.892692,599616098557088098,540,-1016.0,8.0,-90.0,1020.01
1778557779.932692,599616098597088098,540,-1017.0,8.0,-94.0,1021.37
1778557779.972692,599616098637088098,540,-1017.0,9.0,-94.0,1021.37
1778557780.012692,599616098677088098,540,-1016.0,7.0,-85.0,1019.57
1778557780.052692,599616098717088098,540,-1018.0,7.0,-94.0,1022.35
1778557780.092692,599616098757088098,540,-1017.0,5.0,-66.0,1019.15
1778557780.132692,599616098797088098,540,-1020.0,12.0,-86.0,1023.69
1778557780.172692,599616098837088098,540,-1018.0,5.0,-94.0,1022.34
1778557780.212692,599616098877088098,540,-1013.0,5.0,-72.0,1015.57
1778557780.252692,599616098917088098,540,-1019.0,9.0,-65.0,1021.11
1778557780.292692,599616098957088098,540,-1013.0,9.0,-77.0,1015.96
1778557780.332692,599616098997088098,540,-1016.0,11.0,-64.0,1018.07
1778557780.372692,599616099037088098,540,-1014.0,12.0,-74.0,1016.77
1778557780.412692,599616099077088098,540,-1021.0,11.0,-65.0,1023.13
1778557780.452692,599616099117088098,540,-1017.0,9.0,-72.0,1019.59
1778557780.492692,599616099157088098,540,-1021.0,6.0,-76.0,1023.84
1778557780.532692,599616099197088098,540,-1019.0,2.0,-82.0,1022.3
1778557780.572692,599616099237088098,540,-1016.0,2.0,-88.0,1019.81
1778557780.612692,599616099277088098,540,-1017.0,5.0,-94.0,1021.35
1778557780.652692,599616099317088098,540,-1014.0,4.0,-84.0,1017.48
1778557780.692692,599616099357088098,540,-1017.0,1.0,-81.0,1020.22
1778557780.732692,599616099397088098,540,-1014.0,0.0,-93.0,1018.26
1778557780.772692,599616099437088098,540,-1017.0,0.0,-77.0,1019.91
1778557780.812692,599616099477088098,540,-1018.0,2.0,-91.0,1022.06
1778557780.852692,599616099517088098,540,-1018.0,0.0,-65.0,1020.07
1778557780.892692,599616099557088098,540,-1021.0,4.0,-94.0,1025.33
1778557780.932223,599616099576236114,576,-1017.0,2.0,-85.0,1020.55
1778557780.972223,599616099616236114,576,-1017.0,8.0,-87.0,1020.75
1778557781.012223,599616099656236114,576,-1016.0,8.0,-98.0,1020.75
1778557781.052222,599616099696236114,576,-1016.0,7.0,-98.0,1020.74
1778557781.092223,599616099736236114,576,-1015.0,7.0,-106.0,1020.54
1778557781.132223,599616099776236114,576,-1015.0,7.0,-107.0,1020.65
1778557781.172223,599616099816236114,576,-1017.0,3.0,-111.0,1023.04
1778557781.212223,599616099856236114,576,-1015.0,6.0,-112.0,1021.18
1778557781.252223,599616099896236114,576,-1016.0,7.0,-110.0,1021.96
1778557781.292222,599616099936236114,576,-1016.0,8.0,-117.0,1022.75
1778557781.332223,599616099976236114,576,-1016.0,4.0,-119.0,1022.95
1778557781.372223,599616100016236114,576,-1016.0,11.0,-122.0,1023.36
1778557781.412223,599616100056236114,576,-1014.0,16.0,-122.0,1021.44
1778557781.452223,599616100096236114,576,-1013.0,12.0,-123.0,1020.51
1778557781.492223,599616100136236114,576,-1015.0,11.0,-128.0,1023.1
1778557781.532223,599616100176236114,576,-1013.0,9.0,-131.0,1021.47
1778557781.572223,599616100216236114,576,-1016.0,6.0,-147.0,1026.6
1778557781.612223,599616100256236114,576,-1009.0,13.0,-144.0,1019.31
1778557781.652223,599616100296236114,576,-993.0,32.0,-173.0,1008.47
1778557781.692223,599616100336236114,576,-976.0,50.0,-148.0,988.42
1778557781.732223,599616100376236114,576,-1011.0,31.0,-117.0,1018.22
1778557781.772223,599616100416236114,576,-1028.0,-3.0,-124.0,1035.46
1778557781.812223,599616100456236114,576,-1057.0,-48.0,-136.0,1066.79
1778557781.852223,599616100496236114,576,-1024.0,-1.0,-136.0,1032.99
1778557781.892223,599616100536236114,576,-1011.0,1.0,-138.0,1020.38
1778557781.932223,599616100576236114,576,-999.0,15.0,-178.0,1014.84
1778557781.972223,599616100616236114,576,-992.0,42.0,-154.0,1004.76
1778557782.012223,599616100656236114,576,-1008.0,33.0,-147.0,1019.2
1778557782.052222,599616100696236114,576,-1012.0,32.0,-144.0,1022.69
1778557782.092223,599616100736236114,576,-1015.0,20.0,-164.0,1028.36
1778557782.132223,599616100776236114,576,-1015.0,30.0,-129.0,1023.6
1778557782.172223,599616100816236114,576,-1018.0,34.0,-122.0,1025.85
1778557782.212223,599616100856236114,576,-1017.0,23.0,-120.0,1024.31
1778557782.252223,599616100896236114,576,-1016.0,13.0,-124.0,1023.62
1778557782.292222,599616100936236114,576,-1015.0,1.0,-138.0,1024.34
1778557782.332223,599616100976236114,576,-1004.0,28.0,-127.0,1012.39
1778557782.374217,599616100995445206,612,-1013.0,37.0,-113.0,1019.95
1778557782.414217,599616101035445206,612,-1017.0,36.0,-132.0,1026.16
1778557782.454216,599616101075445206,612,-1017.0,24.0,-113.0,1023.54
1778557782.494216,599616101115445206,612,-1017.0,12.0,-114.0,1023.44
1778557782.534217,599616101155445206,612,-1015.0,10.0,-121.0,1022.24
1778557782.574217,599616101195445206,612,-1015.0,12.0,-113.0,1021.34
1778557782.614217,599616101235445206,612,-1014.0,32.0,-113.0,1020.78
1778557782.654217,599616101275445206,612,-1012.0,34.0,-125.0,1020.26
1778557782.694216,599616101315445206,612,-1016.0,7.0,-120.0,1023.09
1778557782.734216,599616101355445206,612,-1012.0,6.0,-115.0,1018.53
1778557782.774217,599616101395445206,612,-1015.0,26.0,-113.0,1021.6
1778557782.814217,599616101435445206,612,-1016.0,29.0,-110.0,1022.35
1778557782.854217,599616101475445206,612,-1020.0,8.0,-116.0,1026.61
1778557782.894217,599616101515445206,612,-1018.0,16.0,-99.0,1022.93
1778557782.934216,599616101555445206,612,-1009.0,13.0,-104.0,1014.43
1778557782.974216,599616101595445206,612,-1023.0,1.0,-112.0,1029.11
1778557783.014217,599616101635445206,612,-1006.0,19.0,-115.0,1012.73
1778557783.054217,599616101675445206,612,-1020.0,21.0,-95.0,1024.63
1778557783.094217,599616101715445206,612,-1011.0,-12.0,-130.0,1019.39
1778557783.134217,599616101755445206,612,-1016.0,25.0,-105.0,1021.72
1778557783.174217,599616101795445206,612,-1016.0,39.0,-131.0,1025.15
1778557783.214216,599616101835445206,612,-1017.0,-4.0,-117.0,1023.72
1778557783.254217,599616101875445206,612,-1016.0,-1.0,-99.0,1020.81
1778557783.294217,599616101915445206,612,-1019.0,-2.0,-99.0,1023.8
1778557783.334217,599616101955445206,612,-1015.0,-9.0,-98.0,1019.76
1778557783.374217,599616101995445206,612,-1017.0,10.0,-113.0,1023.31
1778557783.414217,599616102035445206,612,-1016.0,0.0,-108.0,1021.72
1778557783.454216,599616102075445206,612,-1015.0,-4.0,-86.0,1018.64
1778557783.494216,599616102115445206,612,-1012.0,29.0,-79.0,1015.49
1778557783.534217,599616102155445206,612,-1013.0,31.0,-70.0,1015.89
1778557783.574217,599616102195445206,612,-1018.0,13.0,-80.0,1021.22
1778557783.614217,599616102235445206,612,-1028.0,-2.0,-89.0,1031.85
1778557783.654217,599616102275445206,612,-1014.0,-11.0,-92.0,1018.22
1778557783.694216,599616102315445206,612,-1019.0,-2.0,-96.0,1023.51
1778557783.734216,599616102355445206,612,-1013.0,1.0,-112.0,1019.17
1778557783.774217,599616102395445206,612,-1016.0,-1.0,-97.0,1020.62
1778557783.767076,599616102415081526,648,-1015.0,15.0,-63.0,1017.06
1778557783.807076,599616102455081526,648,-1014.0,28.0,-82.0,1017.7
1778557783.847076,599616102495081526,648,-1022.0,-2.0,-73.0,1024.61
1778557783.887076,599616102535081526,648,-1027.0,-11.0,-76.0,1029.87
1778557783.927076,599616102575081526,648,-1015.0,-6.0,-105.0,1020.43
1778557783.967076,599616102615081526,648,-1016.0,2.0,-107.0,1021.62
1778557784.007076,599616102655081526,648,-1015.0,-8.0,-107.0,1020.66
1778557784.047076,599616102695081526,648,-1007.0,-2.0,-113.0,1013.32
1778557784.087076,599616102735081526,648,-1015.0,-51.0,-93.0,1020.53
1778557784.127076,599616102775081526,648,-1016.0,-26.0,-83.0,1019.72
1778557784.167076,599616102815081526,648,-1016.0,-2.0,-96.0,1020.53
1778557784.207076,599616102855081526,648,-1021.0,-24.0,-106.0,1026.77
1778557784.247076,599616102895081526,648,-1016.0,10.0,-104.0,1021.36
1778557784.287076,599616102935081526,648,-1018.0,-21.0,-94.0,1022.55
1778557784.327076,599616102975081526,648,-1008.0,-12.0,-77.0,1011.01
1778557784.367076,599616103015081526,648,-1026.0,-45.0,-106.0,1032.44
1778557784.407076,599616103055081526,648,-1016.0,-15.0,-72.0,1018.66
1778557784.447076,599616103095081526,648,-1014.0,18.0,-92.0,1018.32
1778557784.487076,599616103135081526,648,-1014.0,-5.0,-92.0,1018.18
1778557784.527076,599616103175081526,648,-1015.0,-11.0,-110.0,1021.0
1778557784.567076,599616103215081526,648,-1014.0,-2.0,-102.0,1019.12
1778557784.607076,599616103255081526,648,-1022.0,0.0,-116.0,1028.56
1778557784.647076,599616103295081526,648,-1016.0,-3.0,-97.0,1020.62
1778557784.687076,599616103335081526,648,-1017.0,-2.0,-116.0,1023.6
1778557784.727076,599616103375081526,648,-1018.0,-16.0,-103.0,1023.32
1778557784.767076,599616103415081526,648,-1014.0,-3.0,-107.0,1019.63
1778557784.807076,599616103455081526,648,-1011.0,-4.0,-107.0,1016.65
1778557784.847076,599616103495081526,648,-1017.0,-30.0,-88.0,1021.24
1778557784.887076,599616103535081526,648,-1016.0,-15.0,-100.0,1021.02
1778557784.927076,599616103575081526,648,-1015.0,-2.0,-94.0,1019.35
1778557784.967076,599616103615081526,648,-1014.0,-24.0,-104.0,1019.6
1778557785.007076,599616103655081526,648,-1013.0,1.0,-105.0,1018.43
1778557785.047076,599616103695081526,648,-1015.0,3.0,-108.0,1020.73
1778557785.087076,599616103735081526,648,-1014.0,-7.0,-101.0,1019.04
1778557785.127076,599616103775081526,648,-1018.0,-30.0,-109.0,1024.26
1778557785.167076,599616103815081526,648,-1018.0,3.0,-115.0,1024.48
1778557785.207262,599616103835206118,684,-1009.0,-5.0,-108.0,1014.78
1778557785.247262,599616103875206118,684,-1020.0,-14.0,-119.0,1027.01
1778557785.287262,599616103915206118,684,-1018.0,-3.0,-120.0,1025.05
1778557785.327262,599616103955206118,684,-996.0,-1.0,-131.0,1004.58
1778557785.367262,599616103995206118,684,-1016.0,-2.0,-118.0,1022.83
1778557785.407262,599616104035206118,684,-1013.0,-1.0,-125.0,1020.68
1778557785.447262,599616104075206118,684,-1021.0,17.0,-113.0,1027.37
1778557785.487262,599616104115206118,684,-1019.0,14.0,-112.0,1025.23
1778557785.527262,599616104155206118,684,-1014.0,4.0,-119.0,1020.97
1778557785.567262,599616104195206118,684,-1017.0,9.0,-105.0,1022.45
1778557785.607262,599616104235206118,684,-1018.0,-8.0,-110.0,1023.96
1778557785.647262,599616104275206118,684,-1014.0,2.0,-112.0,1020.17
1778557785.687262,599616104315206118,684,-1000.0,5.0,-92.0,1004.24
1778557785.727262,599616104355206118,684,-1015.0,12.0,-125.0,1022.74
1778557785.767262,599616104395206118,684,-1018.0,-2.0,-133.0,1026.65
1778557785.807262,599616104435206118,684,-1015.0,-23.0,-125.0,1022.93
1778557785.847262,599616104475206118,684,-1017.0,-13.0,-137.0,1026.27
1778557785.887262,599616104515206118,684,-1008.0,31.0,-135.0,1017.47
1778557785.927262,599616104555206118,684,-1016.0,22.0,-156.0,1028.14
1778557785.967262,599616104595206118,684,-1019.0,-4.0,-137.0,1028.18
1778557786.007262,599616104635206118,684,-1015.0,-67.0,-117.0,1023.92
1778557786.047262,599616104675206118,684,-1011.0,2.0,-116.0,1017.64
1778557786.087262,599616104715206118,684,-1015.0,2.0,-113.0,1021.27
1778557786.127262,599616104755206118,684,-1016.0,37.0,-129.0,1024.82
1778557786.167262,599616104795206118,684,-1014.0,-8.0,-131.0,1022.46
1778557786.207262,599616104835206118,684,-1005.0,-44.0,-125.0,1013.7
1778557786.247262,599616104875206118,684,-1023.0,-2.0,-144.0,1033.09
1778557786.287262,599616104915206118,684,-1015.0,0.0,-128.0,1023.04
1778557786.327262,599616104955206118,684,-1012.0,4.0,-137.0,1021.24
1778557786.367262,599616104995206118,684,-1013.0,-1.0,-135.0,1021.96
1778557786.407262,599616105035206118,684,-1017.0,49.0,-117.0,1024.88
1778557786.447262,599616105075206118,684,-1002.0,65.0,-127.0,1012.11
1778557786.487262,599616105115206118,684,-1013.0,15.0,-138.0,1022.47
1778557786.527262,599616105155206118,684,-1027.0,-4.0,-148.0,1037.62
1778557786.567262,599616105195206118,684,-1020.0,-6.0,-131.0,1028.4
1778557786.607262,599616105235206118,684,-1024.0,-8.0,-132.0,1032.5
1778557786.602166,599616105254934010,720,-1013.0,-22.0,-116.0,1019.86
1778557786.642166,599616105294934010,720,-1000.0,7.0,-121.0,1007.32
1778557786.682166,599616105334934010,720,-1008.0,16.0,-103.0,1013.38
1778557786.722166,599616105374934010,720,-1010.0,91.0,-70.0,1016.5
1778557786.762166,599616105414934010,720,-1021.0,95.0,-108.0,1031.08
1778557786.802166,599616105454934010,720,-1045.0,-109.0,-204.0,1070.29
1778557786.842166,599616105494934010,720,-995.0,-77.0,-183.0,1014.61
1778557786.882166,599616105534934010,720,-998.0,-19.0,-160.0,1010.92
1778557786.922166,599616105574934010,720,-1016.0,49.0,-160.0,1029.69
1778557786.962166,599616105614934010,720,-1018.0,59.0,-186.0,1036.53
1778557787.002166,599616105654934010,720,-1006.0,122.0,-134.0,1022.19
1778557787.042166,599616105694934010,720,-1013.0,157.0,-135.0,1033.95
1778557787.082166,599616105734934010,720,-1010.0,32.0,-107.0,1016.16
1778557787.122166,599616105774934010,720,-1008.0,-70.0,-111.0,1016.51
1778557787.162166,599616105814934010,720,-1011.0,-110.0,-66.0,1019.11
1778557787.202166,599616105854934010,720,-1009.0,-126.0,-70.0,1019.24
1778557787.242166,599616105894934010,720,-1016.0,-130.0,-91.0,1028.32
1778557787.282166,599616105934934010,720,-1018.0,-138.0,-43.0,1028.21
1778557787.322166,599616105974934010,720,-1017.0,-103.0,-26.0,1022.53
1778557787.362166,599616106014934010,720,-1014.0,-110.0,-71.0,1022.42
1778557787.402166,599616106054934010,720,-1009.0,-104.0,-64.0,1016.36
1778557787.442166,599616106094934010,720,-1011.0,-51.0,-31.0,1012.76
1778557787.482166,599616106134934010,720,-1033.0,10.0,14.0,1033.14
1778557787.522166,599616106174934010,720,-1063.0,51.0,-27.0,1064.57
1778557787.562166,599616106214934010,720,-1038.0,21.0,-48.0,1039.32
1778557787.602166,599616106254934010,720,-1025.0,82.0,-74.0,1030.93
1778557787.642166,599616106294934010,720,-1012.0,153.0,-95.0,1027.9
1778557787.682166,599616106334934010,720,-1019.0,140.0,-131.0,1036.88
1778557787.722166,599616106374934010,720,-1012.0,214.0,-151.0,1045.34
1778557787.762166,599616106414934010,720,-1010.0,217.0,-124.0,1040.46
1778557787.802166,599616106454934010,720,-972.0,168.0,-86.0,990.15
1778557787.842166,599616106494934010,720,-928.0,175.0,-107.0,950.4
1778557787.882166,599616106534934010,720,-993.0,193.0,-99.0,1016.41
1778557787.922166,599616106574934010,720,-1021.0,186.0,-111.0,1043.72
1778557787.962166,599616106614934010,720,-1015.0,212.0,-56.0,1038.41
1778557788.002166,599616106654934010,720,-1048.0,201.0,-100.0,1071.78
1778557788.042105,599616106674722908,756,-1015.0,227.0,-53.0,1041.42
1778557788.082105,599616106714722908,756,-986.0,168.0,-56.0,1001.78
1778557788.122105,599616106754722908,756,-998.0,107.0,-49.0,1004.91
1778557788.162105,599616106794722908,756,-1012.0,101.0,-65.0,1019.1
1778557788.202106,599616106834722908,756,-1015.0,66.0,-58.0,1018.8
1778557788.242105,599616106874722908,756,-1050.0,38.0,-54.0,1052.07
1778557788.282105,599616106914722908,756,-1050.0,0.0,-68.0,1052.2
1778557788.322105,599616106954722908,756,-1010.0,-40.0,-41.0,1011.62
1778557788.362105,599616106994722908,756,-1018.0,-110.0,-58.0,1025.57
1778557788.402105,599616107034722908,756,-1026.0,-137.0,-98.0,1039.74
1778557788.442106,599616107074722908,756,-1009.0,-148.0,-74.0,1022.48
1778557788.482105,599616107114722908,756,-992.0,-122.0,-67.0,1001.72
1778557788.522105,599616107154722908,756,-1008.0,-142.0,-97.0,1022.56
1778557788.562105,599616107194722908,756,-1002.0,-156.0,-99.0,1018.89
1778557788.602105,599616107234722908,756,-1003.0,-153.0,-95.0,1019.04
1778557788.642105,599616107274722908,756,-1009.0,-153.0,-112.0,1026.66
1778557788.682106,599616107314722908,756,-1000.0,-133.0,-102.0,1013.95
1778557788.722106,599616107354722908,756,-993.0,-151.0,-169.0,1018.53
1778557788.762105,599616107394722908,756,-962.0,-139.0,-105.0,977.65
1778557788.802105,599616107434722908,756,-993.0,-97.0,-106.0,1003.34
1778557788.842105,599616107474722908,756,-1043.0,-97.0,-76.0,1050.25
1778557788.882105,599616107514722908,756,-1067.0,-70.0,-60.0,1070.98
1778557788.922106,599616107554722908,756,-1046.0,3.0,-60.0,1047.72
1778557788.962106,599616107594722908,756,-1050.0,44.0,-55.0,1052.36
1778557789.002105,599616107634722908,756,-1037.0,58.0,-60.0,1040.35
1778557789.042105,599616107674722908,756,-1036.0,54.0,-67.0,1039.57
1778557789.082105,599616107714722908,756,-1014.0,77.0,-96.0,1021.44
1778557789.122105,599616107754722908,756,-983.0,99.0,-121.0,995.35
1778557789.162105,599616107794722908,756,-978.0,119.0,-134.0,994.28
1778557789.202106,599616107834722908,756,-986.0,137.0,-133.0,1004.32
1778557789.242105,599616107874722908,756,-999.0,155.0,-134.0,1019.8
1778557789.282105,599616107914722908,756,-1007.0,152.0,-138.0,1027.71
1778557789.322105,599616107954722908,756,-1012.0,128.0,-126.0,1027.82
1778557789.362105,599616107994722908,756,-1015.0,96.0,-112.0,1025.66
1778557789.402105,599616108034722908,756,-1021.0,89.0,-87.0,1028.56
1778557789.442106,599616108074722908,756,-1027.0,84.0,-76.0,1033.23
1778557789.437243,599616108094206650,792,-1027.0,25.0,-51.0,1028.57
1778557789.477243,599616108134206650,792,-1052.0,10.0,-68.0,1054.24
1778557789.517243,599616108174206650,792,-1038.0,-61.0,-54.0,1041.19
1778557789.557243,599616108214206650,792,-1028.0,-115.0,-85.0,1037.9
1778557789.597243,599616108254206650,792,-1019.0,-100.0,-86.0,1027.5
1778557789.637243,599616108294206650,792,-1006.0,-105.0,-90.0,1015.46
1778557789.677243,599616108334206650,792,-1006.0,-125.0,-88.0,1017.55
1778557789.717243,599616108374206650,792,-977.0,-178.0,-115.0,999.72
1778557789.757243,599616108414206650,792,-969.0,-190.0,-120.0,994.72
1778557789.797243,599616108454206650,792,-997.0,-174.0,-109.0,1017.92
1778557789.837243,599616108494206650,792,-1004.0,-174.0,-94.0,1023.29
1778557789.877243,599616108534206650,792,-1003.0,-171.0,-85.0,1021.02
1778557789.917243,599616108574206650,792,-1000.0,-191.0,-79.0,1021.14
1778557789.957243,599616108614206650,792,-1014.0,-173.0,-65.0,1030.7
1778557789.997243,599616108654206650,792,-1014.0,-132.0,-77.0,1025.45
1778557790.037243,599616108694206650,792,-1005.0,-136.0,-95.0,1018.6
1778557790.077243,599616108734206650,792,-1000.0,-106.0,-110.0,1011.6
1778557790.117243,599616108774206650,792,-1008.0,-84.0,-108.0,1017.24
1778557790.157243,599616108814206650,792,-1019.0,-37.0,-76.0,1022.5
1778557790.197243,599616108854206650,792,-1035.0,-14.0,-50.0,1036.3
1778557790.237243,599616108894206650,792,-1076.0,-28.0,-52.0,1077.62
1778557790.277243,599616108934206650,792,-1026.0,8.0,-66.0,1028.15
1778557790.317243,599616108974206650,792,-1020.0,22.0,-62.0,1022.12
1778557790.357243,599616109014206650,792,-1016.0,30.0,-65.0,1018.52
1778557790.397243,599616109054206650,792,-1014.0,44.0,-85.0,1018.51
1778557790.437243,599616109094206650,792,-1013.0,74.0,-101.0,1020.71
1778557790.477243,599616109134206650,792,-1008.0,86.0,-106.0,1017.2
1778557790.517243,599616109174206650,792,-1002.0,72.0,-119.0,1011.61
1778557790.557243,599616109214206650,792,-994.0,91.0,-119.0,1005.23
1778557790.597243,599616109254206650,792,-1013.0,93.0,-118.0,1024.08
1778557790.637243,599616109294206650,792,-1017.0,94.0,-92.0,1025.47
1778557790.677243,599616109334206650,792,-1029.0,92.0,-100.0,1037.93
1778557790.717243,599616109374206650,792,-1004.0,83.0,-117.0,1014.2
1778557790.757243,599616109414206650,792,-1014.0,40.0,-106.0,1020.31
1778557790.797243,599616109454206650,792,-1017.0,4.0,-90.0,1020.98
1778557790.837243,599616109494206650,792,-1039.0,-32.0,-96.0,1043.92
1778557790.876975,599616109513904008,828,-1042.0,-88.0,-101.0,1050.58
1778557790.916975,599616109553904008,828,-1024.0,-107.0,-107.0,1035.12
1778557790.956975,599616109593904008,828,-1022.0,-112.0,-122.0,1035.33
1778557790.996974,599616109633904008,828,-993.0,-86.0,-119.0,1003.8
1778557791.036975,599616109673904008,828,-1000.0,-71.0,-101.0,1007.59
1778557791.076975,599616109713904008,828,-1007.0,-91.0,-146.0,1021.59
1778557791.116975,599616109753904008,828,-999.0,-102.0,-124.0,1011.82
1778557791.156975,599616109793904008,828,-991.0,-113.0,-128.0,1005.6
1778557791.196975,599616109833904008,828,-994.0,-122.0,-128.0,1009.61
1778557791.236974,599616109873904008,828,-998.0,-118.0,-131.0,1013.45
1778557791.276975,599616109913904008,828,-998.0,-99.0,-135.0,1011.94
1778557791.316975,599616109953904008,828,-1003.0,-101.0,-136.0,1017.2
1778557791.356975,599616109993904008,828,-989.0,-88.0,-118.0,999.89
1778557791.396975,599616110033904008,828,-1009.0,-82.0,-121.0,1019.53
1778557791.436975,599616110073904008,828,-1008.0,-71.0,-103.0,1015.73
1778557791.476974,599616110113904008,828,-1040.0,-26.0,-100.0,1045.12
1778557791.516975,599616110153904008,828,-1082.0,17.0,-115.0,1088.23
1778557791.556975,599616110193904008,828,-1042.0,74.0,-116.0,1051.05
1778557791.596975,599616110233904008,828,-1009.0,92.0,-116.0,1019.8
1778557791.636975,599616110273904008,828,-1002.0,87.0,-123.0,1013.26
1778557791.676975,599616110313904008,828,-1007.0,101.0,-133.0,1020.75
1778557791.716974,599616110353904008,828,-1011.0,106.0,-163.0,1029.53
1778557791.756975,599616110393904008,828,-1008.0,103.0,-144.0,1023.43
1778557791.796975,599616110433904008,828,-1003.0,111.0,-143.0,1019.21
1778557791.836975,599616110473904008,828,-986.0,115.0,-134.0,1001.69
1778557791.876975,599616110513904008,828,-1008.0,111.0,-142.0,1023.99
1778557791.916975,599616110553904008,828,-1010.0,110.0,-137.0,1025.17
1778557791.956975,599616110593904008,828,-1010.0,89.0,-114.0,1020.3
1778557791.996974,599616110633904008,828,-1019.0,62.0,-87.0,1024.58
1778557792.036975,599616110673904008,828,-1029.0,38.0,-123.0,1037.02
1778557792.076975,599616110713904008,828,-1041.0,9.0,-125.0,1048.52
1778557792.116975,599616110753904008,828,-1016.0,-13.0,-106.0,1021.6
1778557792.156975,599616110793904008,828,-1020.0,-49.0,-129.0,1029.29
1778557792.196975,599616110833904008,828,-1013.0,-41.0,-120.0,1020.91
1778557792.236974,599616110873904008,828,-1009.0,-58.0,-124.0,1018.24
1778557792.276975,599616110913904008,828,-1011.0,-52.0,-123.0,1019.78
1778557792.317160,599616110933387744,864,-1012.0,-54.0,-121.0,1020.64
1778557792.357160,599616110973387744,864,-1013.0,-61.0,-110.0,1020.78
1778557792.397160,599616111013387744,864,-1001.0,-75.0,-102.0,1008.97
1778557792.437160,599616111053387744,864,-1001.0,-101.0,-125.0,1013.82
1778557792.477160,599616111093387744,864,-992.0,-79.0,-97.0,999.86
1778557792.517160,599616111133387744,864,-1011.0,-107.0,-100.0,1021.55
1778557792.557160,599616111173387744,864,-1022.0,-87.0,-106.0,1031.16
1778557792.597160,599616111213387744,864,-1018.0,-10.0,-93.0,1022.29
1778557792.637160,599616111253387744,864,-1012.0,42.0,-90.0,1016.86
1778557792.677160,599616111293387744,864,-1020.0,41.0,-90.0,1024.78
1778557792.717160,599616111333387744,864,-1037.0,55.0,-78.0,1041.38
1778557792.757160,599616111373387744,864,-1026.0,78.0,-115.0,1035.37
1778557792.797160,599616111413387744,864,-1015.0,103.0,-96.0,1024.72
1778557792.837160,599616111453387744,864,-1012.0,78.0,-103.0,1020.21
1778557792.877160,599616111493387744,864,-1006.0,92.0,-110.0,1016.17
1778557792.917160,599616111533387744,864,-1002.0,110.0,-107.0,1013.68
1778557792.957160,599616111573387744,864,-1010.0,112.0,-112.0,1022.34
1778557792.997160,599616111613387744,864,-1006.0,111.0,-92.0,1016.28
1778557793.037160,599616111653387744,864,-1000.0,121.0,-90.0,1011.31
1778557793.077160,599616111693387744,864,-1017.0,123.0,-91.0,1028.44
1778557793.117160,599616111733387744,864,-1054.0,170.0,-87.0,1071.16
1778557793.157160,599616111773387744,864,-1021.0,135.0,-48.0,1031.0
1778557793.197160,599616111813387744,864,-1008.0,49.0,-75.0,1011.97
1778557793.237160,599616111853387744,864,-1022.0,-32.0,-129.0,1030.61
1778557793.277160,599616111893387744,864,-1035.0,-38.0,-58.0,1037.32
1778557793.317160,599616111933387744,864,-1009.0,-45.0,-40.0,1010.79
1778557793.357160,599616111973387744,864,-1016.0,-38.0,-49.0,1017.89
1778557793.397160,599616112013387744,864,-996.0,-28.0,-21.0,996.61
1778557793.437160,599616112053387744,864,-1019.0,15.0,-34.0,1019.68
1778557793.477160,599616112093387744,864,-989.0,10.0,-17.0,989.2
1778557793.517160,599616112133387744,864,-1011.0,-2.0,-40.0,1011.79
1778557793.557160,599616112173387744,864,-1009.0,-17.0,-56.0,1010.7
1778557793.597160,599616112213387744,864,-1021.0,-30.0,-34.0,1022.01
1778557793.637160,599616112253387744,864,-1005.0,11.0,-37.0,1005.74
1778557793.677160,599616112293387744,864,-1016.0,22.0,-41.0,1017.06
1778557793.717160,599616112333387744,864,-1045.0,47.0,-34.0,1046.61
1778557793.712162,599616112353085102,900,-1047.0,62.0,-37.0,1049.49
1778557793.752162,599616112393085102,900,-1022.0,98.0,-56.0,1028.21
1778557793.792162,599616112433085102,900,-1019.0,109.0,-85.0,1028.33
1778557793.832162,599616112473085102,900,-1007.0,135.0,-77.0,1018.92
1778557793.872162,599616112513085102,900,-1015.0,134.0,-99.0,1028.58
1778557793.912162,599616112553085102,900,-1016.0,152.0,-78.0,1030.26
1778557793.952162,599616112593085102,900,-1009.0,174.0,-96.0,1028.38
1778557793.992162,599616112633085102,900,-1012.0,185.0,-95.0,1033.15
1778557794.032162,599616112673085102,900,-1011.0,186.0,-92.0,1032.08
1778557794.072162,599616112713085102,900,-1009.0,171.0,-91.0,1027.43
1778557794.112162,599616112753085102,900,-1012.0,164.0,-92.0,1029.32
1778557794.152162,599616112793085102,900,-1013.0,172.0,-79.0,1030.53
1778557794.192162,599616112833085102,900,-1009.0,171.0,-80.0,1026.51
1778557794.232162,599616112873085102,900,-1014.0,167.0,-66.0,1029.78
1778557794.272162,599616112913085102,900,-1008.0,130.0,-132.0,1024.88
1778557794.312162,599616112953085102,900,-993.0,77.0,-108.0,1001.82
1778557794.352162,599616112993085102,900,-1021.0,63.0,-115.0,1029.39
1778557794.392162,599616113033085102,900,-1024.0,47.0,-91.0,1029.11
1778557794.432162,599616113073085102,900,-1025.0,61.0,-67.0,1029.0
1778557794.472162,599616113113085102,900,-1074.0,54.0,-64.0,1077.26
1778557794.512162,599616113153085102,900,-1048.0,33.0,-64.0,1050.47
1778557794.552162,599616113193085102,900,-1015.0,-12.0,-60.0,1016.84
1778557794.592162,599616113233085102,900,-1014.0,-14.0,-24.0,1014.38
1778557794.632162,599616113273085102,900,-1048.0,-4.0,-17.0,1048.15
1778557794.672162,599616113313085102,900,-1029.0,-2.0,-4.0,1029.01
1778557794.712162,599616113353085102,900,-1043.0,24.0,61.0,1045.06
1778557794.752162,599616113393085102,900,-1024.0,-54.0,67.0,1027.61
1778557794.792162,599616113433085102,900,-1045.0,-50.0,96.0,1050.59
1778557794.832162,599616113473085102,900,-1001.0,-46.0,87.0,1005.83
1778557794.872162,599616113513085102,900,-964.0,-49.0,78.0,968.39
1778557794.912162,599616113553085102,900,-978.0,-16.0,87.0,981.99
1778557794.952162,599616113593085102,900,-1002.0,19.0,100.0,1007.16
1778557794.992162,599616113633085102,900,-1010.0,35.0,90.0,1014.61
1778557795.032162,599616113673085102,900,-1003.0,35.0,113.0,1009.95
1778557795.072162,599616113713085102,900,-1022.0,53.0,90.0,1027.32
1778557795.112162,599616113753085102,900,-1017.0,23.0,103.0,1022.46
1778557795.107119,599616113772629894,936,-1021.0,34.0,100.0,1026.45
1778557795.147119,599616113812629894,936,-1013.0,26.0,94.0,1017.68
1778557795.187119,599616113852629894,936,-1021.0,3.0,63.0,1022.95
1778557795.227119,599616113892629894,936,-1017.0,39.0,68.0,1020.02
1778557795.267119,599616113932629894,936,-1027.0,56.0,62.0,1030.39
1778557795.307119,599616113972629894,936,-1026.0,88.0,70.0,1032.14
1778557795.347119,599616114012629894,936,-1020.0,85.0,84.0,1026.98
1778557795.387119,599616114052629894,936,-1017.0,69.0,98.0,1024.04
1778557795.427119,599616114092629894,936,-1016.0,80.0,85.0,1022.68
1778557795.467119,599616114132629894,936,-984.0,43.0,71.0,987.49
1778557795.507119,599616114172629894,936,-1051.0,91.0,92.0,1058.94
1778557795.547119,599616114212629894,936,-1043.0,71.0,92.0,1049.45
1778557795.587119,599616114252629894,936,-1020.0,52.0,89.0,1025.2
1778557795.627119,599616114292629894,936,-1014.0,57.0,92.0,1019.76
1778557795.667119,599616114332629894,936,-992.0,35.0,79.0,995.76
1778557795.707119,599616114372629894,936,-1014.0,41.0,83.0,1018.22
1778557795.747119,599616114412629894,936,-1054.0,62.0,84.0,1059.16
1778557795.787119,599616114452629894,936,-1049.0,52.0,149.0,1060.8
1778557795.827119,599616114492629894,936,-1033.0,55.0,113.0,1040.62
1778557795.867119,599616114532629894,936,-999.0,55.0,97.0,1005.2
1778557795.907119,599616114572629894,936,-970.0,12.0,70.0,972.6
1778557795.947119,599616114612629894,936,-1000.0,3.0,61.0,1001.86
1778557795.987119,599616114652629894,936,-1053.0,19.0,100.0,1057.91
1778557796.027119,599616114692629894,936,-1076.0,47.0,115.0,1083.15
1778557796.067119,599616114732629894,936,-1034.0,44.0,118.0,1041.64
1778557796.107119,599616114772629894,936,-995.0,8.0,74.0,997.78
1778557796.147119,599616114812629894,936,-982.0,-8.0,47.0,983.16
1778557796.187119,599616114852629894,936,-1053.0,-56.0,61.0,1056.25
1778557796.227119,599616114892629894,936,-1046.0,-32.0,100.0,1051.26
1778557796.267119,599616114932629894,936,-1006.0,21.0,67.0,1008.45
1778557796.307119,599616114972629894,936,-1003.0,18.0,60.0,1004.95
1778557796.347119,599616115012629894,936,-1013.0,-13.0,70.0,1015.5
1778557796.387119,599616115052629894,936,-1029.0,-38.0,91.0,1033.71
1778557796.427119,599616115092629894,936,-1050.0,-52.0,100.0,1056.03
1778557796.467119,599616115132629894,936,-1027.0,-74.0,101.0,1034.6
1778557796.507119,599616115172629894,936,-1025.0,-86.0,73.0,1031.19
1778557796.547273,599616115192083116,972,-1002.0,-105.0,65.0,1009.58
1778557796.587273,599616115232083116,972,-1000.0,-72.0,46.0,1003.64
1778557796.627273,599616115272083116,972,-1011.0,-71.0,40.0,1014.28
1778557796.667273,599616115312083116,972,-1027.0,-120.0,64.0,1035.97
1778557796.707273,599616115352083116,972,-1015.0,-126.0,32.0,1023.29
1778557796.747273,599616115392083116,972,-996.0,-88.0,46.0,1000.94
1778557796.787273,599616115432083116,972,-1040.0,-112.0,93.0,1050.14
1778557796.827273,599616115472083116,972,-1099.0,-127.0,114.0,1112.17
1778557796.867273,599616115512083116,972,-1034.0,-128.0,87.0,1045.52
1778557796.907273,599616115552083116,972,-948.0,-111.0,1.0,954.48
1778557796.947273,599616115592083116,972,-970.0,-61.0,7.0,971.94
1778557796.987273,599616115632083116,972,-1013.0,-99.0,20.0,1018.02
1778557797.027273,599616115672083116,972,-1039.0,-92.0,54.0,1044.46
1778557797.067273,599616115712083116,972,-1072.0,-95.0,85.0,1079.55
1778557797.107273,599616115752083116,972,-1034.0,-123.0,99.0,1045.99
1778557797.147273,599616115792083116,972,-1004.0,-143.0,69.0,1016.48
1778557797.187273,599616115832083116,972,-993.0,-127.0,43.0,1002.01
1778557797.227273,599616115872083116,972,-988.0,-127.0,19.0,996.31
1778557797.267273,599616115912083116,972,-1009.0,-120.0,-14.0,1016.21
1778557797.307273,599616115952083116,972,-1005.0,-67.0,31.0,1007.71
1778557797.347273,599616115992083116,972,-1019.0,-68.0,21.0,1021.48
1778557797.387273,599616116032083116,972,-1016.0,-103.0,38.0,1021.91
1778557797.427273,599616116072083116,972,-1037.0,-115.0,75.0,1046.05
1778557797.467273,599616116112083116,972,-1008.0,-77.0,46.0,1011.98
1778557797.507273,599616116152083116,972,-1015.0,-59.0,35.0,1017.32
1778557797.547273,599616116192083116,972,-980.0,-57.0,15.0,981.77
1778557797.587273,599616116232083116,972,-996.0,-41.0,-43.0,997.77
1778557797.627273,599616116272083116,972,-987.0,-69.0,-81.0,992.72
1778557797.667273,599616116312083116,972,-971.0,-63.0,-187.0,990.85
1778557797.707273,599616116352083116,972,-1032.0,-60.0,-146.0,1044.0
1778557797.747273,599616116392083116,972,-1125.0,-74.0,-123.0,1134.12
1778557797.787273,599616116432083116,972,-1080.0,-44.0,-126.0,1088.22
1778557797.827273,599616116472083116,972,-1012.0,3.0,-154.0,1023.65
1778557797.867273,599616116512083116,972,-985.0,34.0,-196.0,1004.89
1778557797.907273,599616116552083116,972,-1014.0,58.0,-221.0,1039.42
1778557797.947273,599616116592083116,972,-1024.0,-9.0,-237.0,1051.11
1778557797.988724,599616116611810976,1008,-999.0,-24.0,-253.0,1030.82
1778557798.028723,599616116651810976,1008,-978.0,8.0,-254.0,1010.48
1778557798.068723,599616116691810976,1008,-979.0,21.0,-255.0,1011.88
1778557798.108723,599616116731810976,1008,-1002.0,0.0,-287.0,1042.29
1778557798.148724,599616116771810976,1008,-1011.0,-7.0,-252.0,1041.96
1778557798.188724,599616116811810976,1008,-1008.0,4.0,-246.0,1037.59
1778557798.228724,599616116851810976,1008,-1002.0,22.0,-247.0,1032.23
1778557798.268723,599616116891810976,1008,-1005.0,27.0,-246.0,1035.02
1778557798.308723,599616116931810976,1008,-1009.0,12.0,-246.0,1038.62
1778557798.348723,599616116971810976,1008,-1000.0,7.0,-243.0,1029.12
1778557798.388724,599616117011810976,1008,-990.0,5.0,-250.0,1021.09
1778557798.428724,599616117051810976,1008,-990.0,5.0,-249.0,1020.85
1778557798.468724,599616117091810976,1008,-995.0,4.0,-248.0,1025.45
1778557798.508723,599616117131810976,1008,-994.0,-1.0,-249.0,1024.71
1778557798.548723,599616117171810976,1008,-995.0,-1.0,-249.0,1025.68
1778557798.588723,599616117211810976,1008,-998.0,-1.0,-248.0,1028.35
1778557798.628724,599616117251810976,1008,-1000.0,-2.0,-250.0,1030.78
1778557798.668724,599616117291810976,1008,-994.0,-3.0,-246.0,1023.99
1778557798.708724,599616117331810976,1008,-1000.0,0.0,-251.0,1031.02
1778557798.748724,599616117371810976,1008,-985.0,-1.0,-242.0,1014.29
1778557798.788723,599616117411810976,1008,-994.0,4.0,-249.0,1024.72
1778557798.828723,599616117451810976,1008,-990.0,1.0,-252.0,1021.57
1778557798.868724,599616117491810976,1008,-1001.0,2.0,-241.0,1029.6
1778557798.908724,599616117531810976,1008,-993.0,-1.0,-239.0,1021.36
1778557798.948724,599616117571810976,1008,-992.0,0.0,-233.0,1019.0
1778557798.988724,599616117611810976,1008,-998.0,-1.0,-234.0,1025.07
1778557799.028723,599616117651810976,1008,-1005.0,-2.0,-235.0,1032.11
1778557799.068723,599616117691810976,1008,-998.0,-1.0,-239.0,1026.22
1778557799.108723,599616117731810976,1008,-1000.0,0.0,-232.0,1026.56
1778557799.148724,599616117771810976,1008,-998.0,1.0,-226.0,1023.27
1778557799.188724,599616117811810976,1008,-1004.0,0.0,-226.0,1029.12
1778557799.228724,599616117851810976,1008,-1004.0,-1.0,-225.0,1028.9
1778557799.268723,599616117891810976,1008,-1003.0,-1.0,-223.0,1027.49
1778557799.308723,599616117931810976,1008,-1006.0,-1.0,-215.0,1028.72
1778557799.348723,599616117971810976,1008,-1009.0,1.0,-222.0,1033.13
1778557799.388724,599616118011810976,1008,-993.0,-10.0,-214.0,1015.85
1778557799.382381,599616118032088178,1044,-1002.0,-2.0,-252.0,1033.2
1778557799.422381,599616118072088178,1044,-951.0,-78.0,-220.0,979.23
1778557799.462381,599616118112088178,1044,-1048.0,53.0,-211.0,1070.34
1778557799.502381,599616118152088178,1044,-1063.0,72.0,-180.0,1080.53
1778557799.542381,599616118192088178,1044,-1016.0,-12.0,-175.0,1031.03
1778557799.582381,599616118232088178,1044,-986.0,-10.0,-217.0,1009.65
1778557799.622381,599616118272088178,1044,-1009.0,-5.0,-162.0,1021.93
1778557799.662381,599616118312088178,1044,-1015.0,1.0,-140.0,1024.61
1778557799.702381,599616118352088178,1044,-1008.0,31.0,-129.0,1016.69
1778557799.742381,599616118392088178,1044,-1005.0,9.0,-151.0,1016.32
1778557799.782381,599616118432088178,1044,-987.0,16.0,-146.0,997.87
1778557799.822381,599616118472088178,1044,-1004.0,34.0,-151.0,1015.86
1778557799.862381,599616118512088178,1044,-1006.0,60.0,-127.0,1015.76
1778557799.902381,599616118552088178,1044,-1014.0,30.0,-121.0,1021.63
1778557799.942381,599616118592088178,1044,-1015.0,60.0,-121.0,1023.95
1778557799.982381,599616118632088178,1044,-1002.0,56.0,-130.0,1011.95
1778557800.022381,599616118672088178,1044,-1014.0,63.0,-141.0,1025.69
1778557800.062381,599616118712088178,1044,-1018.0,65.0,-150.0,1031.04
1778557800.102381,599616118752088178,1044,-1012.0,97.0,-160.0,1029.15
1778557800.142381,599616118792088178,1044,-1012.0,74.0,-168.0,1028.52
1778557800.182381,599616118832088178,1044,-1016.0,53.0,-154.0,1028.97
1778557800.222381,599616118872088178,1044,-1008.0,59.0,-192.0,1027.82
1778557800.262381,599616118912088178,1044,-1008.0,39.0,-166.0,1022.32
1778557800.302381,599616118952088178,1044,-1011.0,45.0,-158.0,1024.26
1778557800.342381,599616118992088178,1044,-1008.0,39.0,-179.0,1024.51
1778557800.382381,599616119032088178,1044,-1009.0,37.0,-174.0,1024.56
1778557800.422381,599616119072088178,1044,-1011.0,41.0,-180.0,1027.72
1778557800.462381,599616119112088178,1044,-1007.0,46.0,-178.0,1023.64
1778557800.502381,599616119152088178,1044,-1008.0,31.0,-185.0,1025.3
1778557800.542381,599616119192088178,1044,-1014.0,39.0,-188.0,1032.02
1778557800.582381,599616119232088178,1044,-1012.0,41.0,-177.0,1028.18
1778557800.622381,599616119272088178,1044,-1013.0,34.0,-177.0,1028.91
1778557800.662381,599616119312088178,1044,-1011.0,41.0,-183.0,1028.25
1778557800.702381,599616119352088178,1044,-1005.0,46.0,-180.0,1022.03
1778557800.742381,599616119392088178,1044,-1008.0,40.0,-180.0,1024.73
1778557800.782381,599616119432088178,1044,-1007.0,51.0,-192.0,1026.41
1778557800.822294,599616119452365380,1080,-1005.0,50.0,-177.0,1021.69
1778557800.862294,599616119492365380,1080,-1011.0,48.0,-203.0,1032.3
1778557800.902294,599616119532365380,1080,-1003.0,38.0,-176.0,1019.03
1778557800.942294,599616119572365380,1080,-1007.0,31.0,-216.0,1030.37
1778557800.982295,599616119612365380,1080,-1010.0,33.0,-202.0,1030.53
1778557801.022295,599616119652365380,1080,-1012.0,41.0,-198.0,1032.0
1778557801.062294,599616119692365380,1080,-1006.0,43.0,-205.0,1027.57
1778557801.102294,599616119732365380,1080,-1002.0,50.0,-204.0,1023.78
1778557801.142294,599616119772365380,1080,-1005.0,50.0,-207.0,1027.31
1778557801.182294,599616119812365380,1080,-1007.0,47.0,-209.0,1029.53
1778557801.222295,599616119852365380,1080,-1006.0,46.0,-217.0,1030.17
1778557801.262295,599616119892365380,1080,-1007.0,49.0,-209.0,1029.63
1778557801.302294,599616119932365380,1080,-1004.0,47.0,-214.0,1027.63
1778557801.342294,599616119972365380,1080,-1008.0,47.0,-213.0,1031.33
1778557801.382294,599616120012365380,1080,-1006.0,42.0,-211.0,1028.75
1778557801.422294,599616120052365380,1080,-1007.0,47.0,-212.0,1030.15
1778557801.462295,599616120092365380,1080,-1000.0,47.0,-211.0,1023.1
1778557801.502295,599616120132365380,1080,-1006.0,43.0,-214.0,1029.41
1778557801.542295,599616120172365380,1080,-1003.0,47.0,-213.0,1026.44
1778557801.582294,599616120212365380,1080,-1006.0,44.0,-208.0,1028.22
1778557801.622294,599616120252365380,1080,-1003.0,47.0,-223.0,1028.57
1778557801.662294,599616120292365380,1080,-1004.0,37.0,-201.0,1024.59
1778557801.702295,599616120332365380,1080,-1006.0,48.0,-227.0,1032.41
1778557801.742295,599616120372365380,1080,-1007.0,42.0,-201.0,1027.72
1778557801.782295,599616120412365380,1080,-1008.0,44.0,-205.0,1029.58
1778557801.822294,599616120452365380,1080,-1007.0,42.0,-205.0,1028.51
1778557801.862294,599616120492365380,1080,-1004.0,42.0,-203.0,1025.18
1778557801.902294,599616120532365380,1080,-1008.0,41.0,-202.0,1028.86
1778557801.942294,599616120572365380,1080,-1008.0,44.0,-200.0,1028.59
1778557801.982295,599616120612365380,1080,-1007.0,40.0,-199.0,1027.25
1778557802.022295,599616120652365380,1080,-1006.0,42.0,-191.0,1024.83
1778557802.062294,599616120692365380,1080,-1009.0,39.0,-197.0,1028.79
1778557802.102294,599616120732365380,1080,-1009.0,37.0,-196.0,1028.53
1778557802.142294,599616120772365380,1080,-1008.0,37.0,-195.0,1027.35
1778557802.182294,599616120812365380,1080,-1009.0,39.0,-193.0,1028.03
1778557802.222295,599616120852365380,1080,-1009.0,36.0,-190.0,1027.36
1778557802.217256,599616120873100358,1116,-1010.0,37.0,-190.0,1028.38
1778557802.257256,599616120913100358,1116,-1009.0,39.0,-195.0,1028.41
1778557802.297256,599616120953100358,1116,-1001.0,40.0,-187.0,1019.1
1778557802.337256,599616120993100358,1116,-1007.0,41.0,-218.0,1031.14
1778557802.377256,599616121033100358,1116,-1008.0,35.0,-185.0,1025.43
1778557802.417256,599616121073100358,1116,-1011.0,35.0,-220.0,1035.25
1778557802.457256,599616121113100358,1116,-1006.0,22.0,-196.0,1025.15
1778557802.497256,599616121153100358,1116,-1009.0,8.0,-194.0,1027.51
1778557802.537256,599616121193100358,1116,-1010.0,27.0,-180.0,1026.27
1778557802.577256,599616121233100358,1116,-1014.0,55.0,-166.0,1028.97
1778557802.617256,599616121273100358,1116,-1013.0,55.0,-175.0,1029.48
1778557802.657256,599616121313100358,1116,-1004.0,36.0,-160.0,1017.31
1778557802.697256,599616121353100358,1116,-1008.0,31.0,-173.0,1023.21
1778557802.737256,599616121393100358,1116,-1001.0,15.0,-174.0,1016.12
1778557802.777256,599616121433100358,1116,-1002.0,7.0,-161.0,1014.88
1778557802.817256,599616121473100358,1116,-1013.0,-2.0,-145.0,1023.33
1778557802.857256,599616121513100358,1116,-1030.0,30.0,-145.0,1040.59
1778557802.897256,599616121553100358,1116,-1030.0,43.0,-133.0,1039.44
1778557802.937256,599616121593100358,1116,-1014.0,33.0,-132.0,1023.09
1778557802.977256,599616121633100358,1116,-1015.0,9.0,-148.0,1025.77
1778557803.017256,599616121673100358,1116,-1004.0,7.0,-151.0,1015.32
1778557803.057256,599616121713100358,1116,-998.0,-7.0,-141.0,1007.94
1778557803.097256,599616121753100358,1116,-1006.0,7.0,-161.0,1018.83
1778557803.137256,599616121793100358,1116,-1010.0,12.0,-127.0,1018.02
1778557803.177256,599616121833100358,1116,-1012.0,34.0,-150.0,1023.62
1778557803.217256,599616121873100358,1116,-1012.0,31.0,-123.0,1019.92
1778557803.257256,599616121913100358,1116,-1016.0,25.0,-126.0,1024.09
1778557803.297256,599616121953100358,1116,-1015.0,27.0,-130.0,1023.65
1778557803.337256,599616121993100358,1116,-1014.0,26.0,-129.0,1022.5
1778557803.377256,599616122033100358,1116,-1010.0,27.0,-132.0,1018.95
1778557803.417256,599616122073100358,1116,-1014.0,37.0,-138.0,1024.02
1778557803.457256,599616122113100358,1116,-1013.0,35.0,-139.0,1023.09
1778557803.497256,599616122153100358,1116,-1011.0,34.0,-132.0,1020.15
1778557803.537256,599616122193100358,1116,-1015.0,26.0,-136.0,1024.4
1778557803.577256,599616122233100358,1116,-1015.0,29.0,-140.0,1025.02
1778557803.617256,599616122273100358,1116,-1015.0,28.0,-136.0,1024.45
1778557803.657418,599616122293560650,1152,-1013.0,29.0,-134.0,1022.24
1778557803.697418,599616122333560650,1152,-1013.0,28.0,-138.0,1022.74
1778557803.737418,599616122373560650,1152,-1013.0,22.0,-141.0,1023.0
1778557803.777418,599616122413560650,1152,-1015.0,27.0,-142.0,1025.24
1778557803.817418,599616122453560650,1152,-1012.0,26.0,-134.0,1021.16
1778557803.857418,599616122493560650,1152,-1013.0,23.0,-161.0,1025.97
1778557803.897418,599616122533560650,1152,-1008.0,12.0,-131.0,1016.55
1778557803.937418,599616122573560650,1152,-1016.0,19.0,-158.0,1028.39
1778557803.977418,599616122613560650,1152,-1016.0,27.0,-131.0,1024.77
1778557804.017418,599616122653560650,1152,-1012.0,25.0,-133.0,1021.01
1778557804.057418,599616122693560650,1152,-1011.0,27.0,-136.0,1020.46
1778557804.097418,599616122733560650,1152,-1014.0,21.0,-138.0,1023.56
1778557804.137418,599616122773560650,1152,-1016.0,21.0,-137.0,1025.41
1778557804.177418,599616122813560650,1152,-1015.0,23.0,-134.0,1024.07
1778557804.217418,599616122853560650,1152,-1011.0,21.0,-141.0,1021.0
1778557804.257418,599616122893560650,1152,-1010.0,24.0,-130.0,1018.61
1778557804.297418,599616122933560650,1152,-1012.0,16.0,-130.0,1020.44
1778557804.337418,599616122973560650,1152,-1010.0,15.0,-153.0,1021.63
1778557804.377418,599616123013560650,1152,-1018.0,28.0,-136.0,1027.43
1778557804.417418,599616123053560650,1152,-1007.0,20.0,-153.0,1018.75
1778557804.457418,599616123093560650,1152,-1009.0,27.0,-139.0,1018.89
1778557804.497418,599616123133560650,1152,-1021.0,28.0,-143.0,1031.35
1778557804.537418,599616123173560650,1152,-1020.0,30.0,-139.0,1029.86
1778557804.577418,599616123213560650,1152,-1004.0,20.0,-162.0,1017.18
1778557804.617418,599616123253560650,1152,-1004.0,18.0,-178.0,1019.82
1778557804.657418,599616123293560650,1152,-997.0,19.0,-170.0,1011.57
1778557804.697418,599616123333560650,1152,-1012.0,26.0,-150.0,1023.39
1778557804.737418,599616123373560650,1152,-1014.0,29.0,-157.0,1026.49
1778557804.777418,599616123413560650,1152,-1015.0,28.0,-131.0,1023.8
1778557804.817418,599616123453560650,1152,-1017.0,29.0,-147.0,1027.98
1778557804.857418,599616123493560650,1152,-1014.0,20.0,-141.0,1023.95
1778557804.897418,599616123533560650,1152,-1009.0,18.0,-152.0,1020.54
1778557804.937418,599616123573560650,1152,-1012.0,17.0,-152.0,1023.49
1778557804.977418,599616123613560650,1152,-1012.0,34.0,-165.0,1025.93
1778557805.017418,599616123653560650,1152,-1010.0,33.0,-153.0,1022.06
1778557805.057418,599616123693560650,1152,-1012.0,31.0,-144.0,1022.66
1778557805.052706,599616123713959940,1188,-1015.0,25.0,-147.0,1025.89
1778557805.092705,599616123753959940,1188,-1012.0,20.0,-156.0,1024.15
1778557805.132705,599616123793959940,1188,-1013.0,28.0,-144.0,1023.57
1778557805.172705,599616123833959940,1188,-1014.0,34.0,-151.0,1025.75
1778557805.212706,599616123873959940,1188,-1008.0,29.0,-151.0,1019.66
1778557805.252706,599616123913959940,1188,-1011.0,25.0,-147.0,1021.94
1778557805.292706,599616123953959940,1188,-1015.0,27.0,-152.0,1026.67
1778557805.332705,599616123993959940,1188,-1014.0,22.0,-143.0,1024.27
1778557805.372705,599616124033959940,1188,-1015.0,30.0,-169.0,1029.41
1778557805.412705,599616124073959940,1188,-1009.0,27.0,-141.0,1019.16
1778557805.452706,599616124113959940,1188,-1013.0,30.0,-168.0,1027.27
1778557805.492706,599616124153959940,1188,-1007.0,22.0,-162.0,1020.18
1778557805.532706,599616124193959940,1188,-1014.0,19.0,-166.0,1027.67
1778557805.572706,599616124233959940,1188,-1014.0,22.0,-159.0,1026.63
1778557805.612705,599616124273959940,1188,-1014.0,32.0,-150.0,1025.53
1778557805.652705,599616124313959940,1188,-1014.0,32.0,-143.0,1024.53
1778557805.692706,599616124353959940,1188,-1015.0,28.0,-139.0,1024.86
1778557805.732706,599616124393959940,1188,-1014.0,15.0,-153.0,1025.59
1778557805.772706,599616124433959940,1188,-1015.0,19.0,-149.0,1026.05
1778557805.812706,599616124473959940,1188,-1014.0,37.0,-142.0,1024.56
1778557805.852705,599616124513959940,1188,-1014.0,30.0,-149.0,1025.33
1778557805.892705,599616124553959940,1188,-1016.0,25.0,-145.0,1026.6
1778557805.932706,599616124593959940,1188,-1012.0,28.0,-159.0,1024.8
1778557805.972706,599616124633959940,1188,-1011.0,20.0,-163.0,1024.25
1778557806.012706,599616124673959940,1188,-1008.0,22.0,-164.0,1021.49
1778557806.052706,599616124713959940,1188,-1013.0,43.0,-157.0,1026.0
1778557806.092705,599616124753959940,1188,-1017.0,20.0,-139.0,1026.65
1778557806.132705,599616124793959940,1188,-1022.0,13.0,-128.0,1030.07
1778557806.172705,599616124833959940,1188,-1025.0,28.0,-117.0,1032.04
1778557806.212706,599616124873959940,1188,-1057.0,10.0,-74.0,1059.63
1778557806.252706,599616124913959940,1188,-1019.0,5.0,-107.0,1024.61
1778557806.292706,599616124953959940,1188,-1017.0,-3.0,-96.0,1021.53
1778557806.332705,599616124993959940,1188,-997.0,-45.0,-53.0,999.42
1778557806.372705,599616125033959940,1188,-1013.0,-57.0,-41.0,1015.43
1778557806.412705,599616125073959940,1188,-1024.0,-56.0,-24.0,1025.81
1778557806.452706,599616125113959940,1188,-1032.0,-92.0,-36.0,1036.72
1778557806.495483,599616125133901438,1224,-1029.0,-113.0,5.0,1035.2
1778557806.535483,599616125173901438,1224,-1002.0,-123.0,14.0,1009.62
1778557806.575483,599616125213901438,1224,-978.0,-150.0,2.0,989.44
1778557806.615483,599616125253901438,1224,-1006.0,-201.0,-2.0,1025.89
1778557806.655483,599616125293901438,1224,-1012.0,-226.0,-7.0,1036.95
1778557806.695483,599616125333901438,1224,-1009.0,-242.0,-4.0,1037.62
1778557806.735483,599616125373901438,1224,-1011.0,-194.0,-2.0,1029.45
1778557806.775483,599616125413901438,1224,-990.0,-187.0,24.0,1007.79
1778557806.815483,599616125453901438,1224,-961.0,-235.0,-10.0,989.37
1778557806.855483,599616125493901438,1224,-1008.0,-220.0,-17.0,1031.87
1778557806.895483,599616125533901438,1224,-1007.0,-276.0,16.0,1044.26
1778557806.935483,599616125573901438,1224,-1006.0,-295.0,1.0,1048.36
1778557806.975483,599616125613901438,1224,-1003.0,-276.0,45.0,1041.25
1778557807.015483,599616125653901438,1224,-999.0,-293.0,3.0,1041.09
1778557807.055483,599616125693901438,1224,-974.0,-256.0,-7.0,1007.11
1778557807.095483,599616125733901438,1224,-972.0,-217.0,-2.0,995.93
1778557807.135483,599616125773901438,1224,-948.0,-217.0,-35.0,973.15
1778557807.175483,599616125813901438,1224,-944.0,-98.0,-19.0,949.26
1778557807.215483,599616125853901438,1224,-962.0,-146.0,-27.0,973.39
1778557807.255483,599616125893901438,1224,-983.0,-237.0,-30.0,1011.61
1778557807.295483,599616125933901438,1224,-1024.0,-242.0,-18.0,1052.36
1778557807.335483,599616125973901438,1224,-1066.0,-132.0,-21.0,1074.35
1778557807.375483,599616126013901438,1224,-1082.0,-73.0,-116.0,1090.65
1778557807.415483,599616126053901438,1224,-1119.0,-88.0,-207.0,1141.38
1778557807.455483,599616126093901438,1224,-1204.0,121.0,-235.0,1232.67
1778557807.495483,599616126133901438,1224,-1131.0,208.0,-405.0,1219.2
1778557807.535483,599616126173901438,1224,-1101.0,108.0,-396.0,1175.02
1778557807.575483,599616126213901438,1224,-1243.0,256.0,-463.0,1350.91
1778557807.615483,599616126253901438,1224,-1109.0,155.0,-387.0,1184.77
1778557807.655483,599616126293901438,1224,-1119.0,3.0,-471.0,1214.09
1778557807.695483,599616126333901438,1224,-993.0,104.0,-436.0,1089.48
1778557807.735483,599616126373901438,1224,-1038.0,109.0,-513.0,1162.97
1778557807.775483,599616126413901438,1224,-1017.0,93.0,-511.0,1141.95
1778557807.815483,599616126453901438,1224,-1136.0,-47.0,-505.0,1244.08
1778557807.855483,599616126493901438,1224,-1071.0,7.0,-451.0,1162.11
1778557807.895483,599616126533901438,1224,-1002.0,109.0,-359.0,1069.94
1778557807.887818,599616126553690338,1260,-870.0,108.0,-321.0,933.6
1778557807.927818,599616126593690338,1260,-759.0,30.0,-345.0,834.27
1778557807.967818,599616126633690338,1260,-785.0,-116.0,-333.0,860.56
1778557808.007818,599616126673690338,1260,-784.0,-106.0,-302.0,846.82
1778557808.047818,599616126713690338,1260,-769.0,-149.0,-258.0,824.7
1778557808.087818,599616126753690338,1260,-750.0,-205.0,-260.0,819.83
1778557808.127818,599616126793690338,1260,-761.0,-290.0,-234.0,847.34
1778557808.167818,599616126833690338,1260,-783.0,-303.0,-262.0,879.51
1778557808.207818,599616126873690338,1260,-810.0,-286.0,-260.0,897.49
1778557808.247818,599616126913690338,1260,-915.0,-265.0,-183.0,970.02
1778557808.287818,599616126953690338,1260,-966.0,-306.0,-167.0,1026.98
1778557808.327818,599616126993690338,1260,-938.0,-397.0,-77.0,1021.46
1778557808.367818,599616127033690338,1260,-938.0,-414.0,-101.0,1030.26
1778557808.407818,599616127073690338,1260,-877.0,-370.0,-88.0,955.91
1778557808.447818,599616127113690338,1260,-1056.0,-267.0,-180.0,1104.0
1778557808.487818,599616127153690338,1260,-1073.0,80.0,-42.0,1076.8
1778557808.527818,599616127193690338,1260,-976.0,335.0,15.0,1032.0
1778557808.567818,599616127233690338,1260,-987.0,272.0,35.0,1024.39
1778557808.607818,599616127273690338,1260,-1026.0,307.0,-30.0,1071.37
1778557808.647818,599616127313690338,1260,-1049.0,217.0,10.0,1071.26
1778557808.687818,599616127353690338,1260,-1013.0,317.0,99.0,1066.05
1778557808.727818,599616127393690338,1260,-977.0,329.0,170.0,1044.83
1778557808.767818,599616127433690338,1260,-873.0,322.0,148.0,942.19
1778557808.807818,599616127473690338,1260,-854.0,282.0,34.0,900.0
1778557808.847818,599616127513690338,1260,-927.0,200.0,-14.0,948.43
1778557808.887818,599616127553690338,1260,-968.0,131.0,39.0,977.6
1778557808.927818,599616127593690338,1260,-1011.0,146.0,89.0,1025.36
1778557808.967818,599616127633690338,1260,-1074.0,146.0,74.0,1086.4
1778557809.007818,599616127673690338,1260,-1054.0,92.0,85.0,1061.42
1778557809.047818,599616127713690338,1260,-1060.0,105.0,47.0,1066.22
1778557809.087818,599616127753690338,1260,-1065.0,14.0,-23.0,1065.34
1778557809.127818,599616127793690338,1260,-1007.0,-34.0,-22.0,1007.81
1778557809.167818,599616127833690338,1260,-1006.0,7.0,-72.0,1008.6
1778557809.207818,599616127873690338,1260,-951.0,-13.0,-115.0,958.02
1778557809.247818,599616127913690338,1260,-963.0,-99.0,-120.0,975.48
1778557809.287818,599616127953690338,1260,-1014.0,-132.0,-131.0,1030.91
1778557809.327608,599616127973113060,1296,-1070.0,-103.0,-99.0,1079.5
1778557809.367608,599616128013113060,1296,-1074.0,-118.0,-32.0,1080.94
1778557809.407608,599616128053113060,1296,-1097.0,-68.0,-48.0,1100.15
1778557809.447608,599616128093113060,1296,-1018.0,-107.0,-34.0,1024.17
1778557809.487608,599616128133113060,1296,-1000.0,-97.0,-43.0,1005.61
1778557809.527608,599616128173113060,1296,-1022.0,-38.0,-38.0,1023.41
1778557809.567608,599616128213113060,1296,-1024.0,-100.0,-90.0,1032.8
1778557809.607608,599616128253113060,1296,-1043.0,-186.0,-157.0,1071.02
1778557809.647608,599616128293113060,1296,-1137.0,-163.0,-202.0,1166.25
1778557809.687608,599616128333113060,1296,-1044.0,-267.0,-214.0,1098.65
1778557809.727608,599616128373113060,1296,-952.0,-201.0,-123.0,980.73
1778557809.767608,599616128413113060,1296,-926.0,-56.0,-150.0,939.74
1778557809.807608,599616128453113060,1296,-915.0,-91.0,-180.0,936.97
1778557809.847608,599616128493113060,1296,-964.0,-141.0,-157.0,986.83
1778557809.887608,599616128533113060,1296,-996.0,-141.0,-118.0,1012.83
1778557809.927608,599616128573113060,1296,-1019.0,-155.0,-114.0,1037.01
1778557809.967608,599616128613113060,1296,-1004.0,-149.0,-112.0,1021.16
1778557810.007608,599616128653113060,1296,-956.0,-129.0,-115.0,971.49
1778557810.047608,599616128693113060,1296,-968.0,-100.0,-139.0,983.03
1778557810.087608,599616128733113060,1296,-1016.0,-20.0,-78.0,1019.19
1778557810.127608,599616128773113060,1296,-1094.0,169.0,-5.0,1106.99
1778557810.167608,599616128813113060,1296,-1127.0,317.0,72.0,1172.95
1778557810.207608,599616128853113060,1296,-1091.0,193.0,68.0,1110.02
1778557810.247608,599616128893113060,1296,-1060.0,146.0,94.0,1074.13
1778557810.287608,599616128933113060,1296,-1024.0,165.0,85.0,1040.69
1778557810.327608,599616128973113060,1296,-978.0,210.0,80.0,1003.49
1778557810.367608,599616129013113060,1296,-968.0,243.0,58.0,999.72
1778557810.407608,599616129053113060,1296,-975.0,210.0,111.0,1003.52
1778557810.447608,599616129093113060,1296,-1002.0,217.0,47.0,1026.31
1778557810.487608,599616129133113060,1296,-1009.0,199.0,54.0,1029.85
1778557810.527608,599616129173113060,1296,-1024.0,214.0,57.0,1047.67
1778557810.567608,599616129213113060,1296,-1018.0,197.0,96.0,1041.32
1778557810.607608,599616129253113060,1296,-1014.0,179.0,88.0,1033.43
1778557810.647608,599616129293113060,1296,-1011.0,191.0,90.0,1032.81
1778557810.687608,599616129333113060,1296,-1012.0,188.0,102.0,1034.36
1778557810.727608,599616129373113060,1296,-1013.0,192.0,100.0,1035.87
1778557810.767395,599616129393573350,1332,-998.0,194.0,93.0,1020.93
1778557810.807395,599616129433573350,1332,-965.0,212.0,120.0,995.27
1778557810.847395,599616129473573350,1332,-910.0,256.0,75.0,948.29
1778557810.887395,599616129513573350,1332,-901.0,246.0,-33.0,934.56
1778557810.927396,599616129553573350,1332,-993.0,202.0,-15.0,1013.45
1778557810.967396,599616129593573350,1332,-1085.0,204.0,27.0,1104.34
1778557811.007396,599616129633573350,1332,-1084.0,191.0,1.0,1100.7
1778557811.047395,599616129673573350,1332,-1027.0,175.0,-25.0,1042.1
1778557811.087395,599616129713573350,1332,-1025.0,191.0,-6.0,1042.66
1778557811.127395,599616129753573350,1332,-1053.0,225.0,11.0,1076.83
1778557811.167396,599616129793573350,1332,-1042.0,190.0,48.0,1060.27
1778557811.207396,599616129833573350,1332,-1020.0,165.0,-12.0,1033.33
1778557811.247396,599616129873573350,1332,-1016.0,136.0,-11.0,1025.12
1778557811.287395,599616129913573350,1332,-1027.0,118.0,42.0,1034.61
1778557811.327395,599616129953573350,1332,-1030.0,161.0,98.0,1047.1
1778557811.367395,599616129993573350,1332,-1062.0,193.0,65.0,1081.35
1778557811.407396,599616130033573350,1332,-1000.0,137.0,34.0,1009.91
1778557811.447396,599616130073573350,1332,-956.0,5.0,15.0,956.13
1778557811.487396,599616130113573350,1332,-872.0,-113.0,21.0,879.54
1778557811.527395,599616130153573350,1332,-858.0,-211.0,36.0,884.3
1778557811.567395,599616130193573350,1332,-1077.0,-173.0,-8.0,1090.84
1778557811.607395,599616130233573350,1332,-1206.0,-141.0,90.0,1217.55
1778557811.647396,599616130273573350,1332,-1141.0,-164.0,110.0,1157.96
1778557811.687396,599616130313573350,1332,-1037.0,-127.0,91.0,1048.7
1778557811.727396,599616130353573350,1332,-956.0,-148.0,120.0,974.8
1778557811.767395,599616130393573350,1332,-914.0,-190.0,97.0,938.57
1778557811.807395,599616130433573350,1332,-961.0,-233.0,107.0,994.62
1778557811.847395,599616130473573350,1332,-1008.0,-272.0,63.0,1045.95
1778557811.887395,599616130513573350,1332,-1020.0,-270.0,25.0,1055.43
1778557811.927396,599616130553573350,1332,-1022.0,-230.0,37.0,1048.21
1778557811.967396,599616130593573350,1332,-1005.0,-196.0,69.0,1026.26
1778557812.007396,599616130633573350,1332,-969.0,-212.0,75.0,994.75
1778557812.047395,599616130673573350,1332,-999.0,-250.0,89.0,1033.65
1778557812.087395,599616130713573350,1332,-989.0,-250.0,95.0,1024.52
1778557812.127395,599616130753573350,1332,-991.0,-258.0,65.0,1026.09
1778557812.167396,599616130793573350,1332,-1003.0,-254.0,63.0,1036.58
1778557812.162608,599616130814277812,1368,-1004.0,-248.0,37.0,1034.84
1778557812.202608,599616130854277812,1368,-1018.0,-212.0,68.0,1042.06
1778557812.242608,599616130894277812,1368,-1026.0,-238.0,50.0,1054.43
1778557812.282608,599616130934277812,1368,-1006.0,-253.0,67.0,1039.49
1778557812.322608,599616130974277812,1368,-1006.0,-251.0,34.0,1037.4
1778557812.362608,599616131014277812,1368,-969.0,-237.0,39.0,998.32
1778557812.402608,599616131054277812,1368,-979.0,-175.0,41.0,995.36
1778557812.442608,599616131094277812,1368,-1028.0,-128.0,103.0,1041.05
1778557812.482608,599616131134277812,1368,-1118.0,-18.0,111.0,1123.64
1778557812.522608,599616131174277812,1368,-1029.0,24.0,163.0,1042.11
1778557812.562608,599616131214277812,1368,-982.0,-10.0,134.0,991.15
1778557812.602608,599616131254277812,1368,-985.0,78.0,107.0,993.86
1778557812.642608,599616131294277812,1368,-1031.0,206.0,96.0,1055.75
1778557812.682608,599616131334277812,1368,-1080.0,234.0,93.0,1108.97
1778557812.722608,599616131374277812,1368,-1071.0,234.0,80.0,1099.18
1778557812.762608,599616131414277812,1368,-1067.0,221.0,74.0,1092.16
1778557812.802608,599616131454277812,1368,-990.0,239.0,102.0,1023.54
1778557812.842608,599616131494277812,1368,-959.0,216.0,91.0,987.23
1778557812.882608,599616131534277812,1368,-981.0,233.0,64.0,1010.32
1778557812.922608,599616131574277812,1368,-999.0,229.0,42.0,1025.77
1778557812.962608,599616131614277812,1368,-991.0,209.0,60.0,1014.57
1778557813.002608,599616131654277812,1368,-1010.0,210.0,37.0,1032.26
1778557813.042608,599616131694277812,1368,-1031.0,233.0,59.0,1058.65
1778557813.082608,599616131734277812,1368,-1051.0,231.0,38.0,1076.76
1778557813.122608,599616131774277812,1368,-1058.0,184.0,65.0,1075.85
1778557813.162608,599616131814277812,1368,-1015.0,120.0,88.0,1025.85
1778557813.202608,599616131854277812,1368,-1006.0,156.0,110.0,1023.95
1778557813.242608,599616131894277812,1368,-1014.0,193.0,108.0,1037.84
1778557813.282608,599616131934277812,1368,-993.0,170.0,122.0,1014.81
1778557813.322608,599616131974277812,1368,-1014.0,174.0,140.0,1038.3
1778557813.362608,599616132014277812,1368,-1042.0,122.0,126.0,1056.66
1778557813.402608,599616132054277812,1368,-1026.0,66.0,119.0,1034.98
1778557813.442608,599616132094277812,1368,-953.0,19.0,100.0,958.42
1778557813.482608,599616132134277812,1368,-898.0,-85.0,115.0,909.32
1778557813.522608,599616132174277812,1368,-869.0,-125.0,112.0,885.06
1778557813.562608,599616132214277812,1368,-1004.0,-180.0,46.0,1021.04
1778557813.602471,599616132234280374,1404,-1134.0,-241.0,113.0,1164.82
1778557813.642471,599616132274280374,1404,-1140.0,-216.0,203.0,1177.91
1778557813.682471,599616132314280374,1404,-1008.0,-146.0,172.0,1032.94
1778557813.722471,599616132354280374,1404,-926.0,-127.0,130.0,943.67
1778557813.762471,599616132394280374,1404,-902.0,-198.0,104.0,929.31
1778557813.802471,599616132434280374,1404,-945.0,-243.0,122.0,983.34
1778557813.842471,599616132474280374,1404,-1002.0,-243.0,109.0,1036.79
1778557813.882471,599616132514280374,1404,-1016.0,-215.0,104.0,1043.69
1778557813.922471,599616132554280374,1404,-1016.0,-249.0,43.0,1046.95
1778557813.962471,599616132594280374,1404,-1006.0,-147.0,46.0,1017.72
1778557814.002471,599616132634280374,1404,-1249.0,66.0,52.0,1251.82
1778557814.042471,599616132674280374,1404,-1211.0,270.0,-10.0,1240.77
1778557814.082471,599616132714280374,1404,-1184.0,267.0,-149.0,1222.84
1778557814.122471,599616132754280374,1404,-1005.0,60.0,-118.0,1013.68
1778557814.162471,599616132794280374,1404,-966.0,85.0,-59.0,971.53
1778557814.202471,599616132834280374,1404,-988.0,231.0,30.0,1015.09
1778557814.242471,599616132874280374,1404,-984.0,301.0,41.0,1029.82
1778557814.282471,599616132914280374,1404,-1015.0,316.0,-1.0,1063.05
1778557814.322471,599616132954280374,1404,-997.0,227.0,4.0,1022.52
1778557814.362471,599616132994280374,1404,-976.0,184.0,-11.0,993.25
1778557814.402471,599616133034280374,1404,-991.0,210.0,-10.0,1013.06
1778557814.442471,599616133074280374,1404,-978.0,218.0,7.0,1002.03
1778557814.482471,599616133114280374,1404,-1008.0,233.0,60.0,1036.32
1778557814.522471,599616133154280374,1404,-1015.0,232.0,73.0,1043.73
1778557814.562471,599616133194280374,1404,-1010.0,214.0,49.0,1033.58
1778557814.602471,599616133234280374,1404,-998.0,188.0,47.0,1016.64
1778557814.642471,599616133274280374,1404,-994.0,212.0,13.0,1016.44
1778557814.682471,599616133314280374,1404,-1015.0,183.0,13.0,1031.45
1778557814.722471,599616133354280374,1404,-1021.0,169.0,65.0,1036.93
1778557814.762471,599616133394280374,1404,-1018.0,180.0,83.0,1037.12
1778557814.802471,599616133434280374,1404,-1008.0,182.0,101.0,1029.27
1778557814.842471,599616133474280374,1404,-1010.0,179.0,107.0,1031.3
1778557814.882471,599616133514280374,1404,-1014.0,199.0,115.0,1039.72
1778557814.922471,599616133554280374,1404,-1027.0,182.0,99.0,1047.69
1778557814.962471,599616133594280374,1404,-1042.0,136.0,110.0,1056.58
1778557815.002471,599616133634280374,1404,-1021.0,108.0,108.0,1032.36
1778557814.997452,599616133654252386,1440,-1025.0,84.0,109.0,1034.2
1778557815.037452,599616133694252386,1440,-1016.0,26.0,145.0,1026.62
1778557815.077452,599616133734252386,1440,-985.0,-82.0,126.0,996.41
1778557815.117452,599616133774252386,1440,-999.0,-134.0,121.0,1015.18
1778557815.157452,599616133814252386,1440,-924.0,-181.0,102.0,947.07
1778557815.197452,599616133854252386,1440,-945.0,-172.0,87.0,964.46
1778557815.237452,599616133894252386,1440,-1073.0,-171.0,122.0,1093.37
1778557815.277452,599616133934252386,1440,-1089.0,-212.0,176.0,1123.32
1778557815.317452,599616133974252386,1440,-1058.0,-182.0,164.0,1085.99
1778557815.357452,599616134014252386,1440,-1002.0,-154.0,208.0,1034.88
1778557815.397452,599616134054252386,1440,-970.0,-183.0,198.0,1006.77
1778557815.437452,599616134094252386,1440,-961.0,-212.0,196.0,1003.43
1778557815.477452,599616134134252386,1440,-974.0,-243.0,153.0,1015.45
1778557815.517452,599616134174252386,1440,-979.0,-251.0,194.0,1029.12
1778557815.557452,599616134214252386,1440,-966.0,-255.0,192.0,1017.37
1778557815.597452,599616134254252386,1440,-946.0,-255.0,163.0,993.23
1778557815.637452,599616134294252386,1440,-953.0,-277.0,171.0,1007.06
1778557815.677452,599616134334252386,1440,-984.0,-272.0,137.0,1030.05
1778557815.717452,599616134374252386,1440,-1136.0,-161.0,99.0,1151.62
1778557815.757452,599616134414252386,1440,-1107.0,-77.0,102.0,1114.35
1778557815.797452,599616134454252386,1440,-1060.0,122.0,155.0,1078.2
1778557815.837452,599616134494252386,1440,-1073.0,171.0,43.0,1087.39
1778557815.877452,599616134534252386,1440,-1019.0,117.0,-41.0,1026.51
1778557815.917452,599616134574252386,1440,-1088.0,103.0,-32.0,1093.33
1778557815.957452,599616134614252386,1440,-1099.0,123.0,-33.0,1106.35
1778557815.997452,599616134654252386,1440,-1012.0,134.0,28.0,1021.22
1778557816.037452,599616134694252386,1440,-1037.0,198.0,102.0,1060.65
1778557816.077452,599616134734252386,1440,-1011.0,262.0,54.0,1045.79
1778557816.117452,599616134774252386,1440,-960.0,115.0,4.0,966.87
1778557816.157452,599616134814252386,1440,-948.0,35.0,23.0,948.92
1778557816.197452,599616134854252386,1440,-1007.0,45.0,61.0,1009.85
1778557816.237452,599616134894252386,1440,-1012.0,42.0,41.0,1013.7
1778557816.277452,599616134934252386,1440,-994.0,43.0,54.0,996.39
1778557816.317452,599616134974252386,1440,-1013.0,15.0,30.0,1013.56
1778557816.357452,599616135014252386,1440,-1013.0,-66.0,46.0,1016.19
1778557816.397452,599616135054252386,1440,-1066.0,-78.0,60.0,1070.53
1778557816.437527,599616135074315956,1476,-1024.0,-87.0,68.0,1029.94
1778557816.477527,599616135114315956,1476,-1002.0,-61.0,98.0,1008.63
1778557816.517527,599616135154315956,1476,-1011.0,-25.0,99.0,1016.14
1778557816.557527,599616135194315956,1476,-1033.0,-57.0,106.0,1039.99
1778557816.597527,599616135234315956,1476,-1095.0,-64.0,161.0,1108.62
1778557816.637527,599616135274315956,1476,-1206.0,-105.0,185.0,1224.62
1778557816.677527,599616135314315956,1476,-1358.0,-6.0,75.0,1360.08
1778557816.717527,599616135354315956,1476,-1135.0,-27.0,3.0,1135.33
1778557816.757527,599616135394315956,1476,-882.0,-209.0,-89.0,910.78
1778557816.797527,599616135434315956,1476,-792.0,-268.0,-155.0,850.36
1778557816.837527,599616135474315956,1476,-933.0,-103.0,-30.0,939.15
1778557816.877527,599616135514315956,1476,-1017.0,-120.0,55.0,1025.53
1778557816.917527,599616135554315956,1476,-1009.0,-263.0,49.0,1043.86
1778557816.957527,599616135594315956,1476,-978.0,-218.0,63.0,1003.98
1778557816.997527,599616135634315956,1476,-947.0,-163.0,92.0,965.32
1778557817.037527,599616135674315956,1476,-921.0,-138.0,128.0,940.04
1778557817.077527,599616135714315956,1476,-921.0,-158.0,130.0,943.45
1778557817.117527,599616135754315956,1476,-926.0,-214.0,187.0,968.63
1778557817.157527,599616135794315956,1476,-964.0,-155.0,203.0,997.26
1778557817.197527,599616135834315956,1476,-937.0,-164.0,142.0,961.78
1778557817.237527,599616135874315956,1476,-1084.0,-111.0,206.0,1108.97
1778557817.277527,599616135914315956,1476,-1171.0,-147.0,225.0,1201.45
1778557817.317527,599616135954315956,1476,-1386.0,-16.0,228.0,1404.72
1778557817.357527,599616135994315956,1476,-1304.0,-52.0,129.0,1311.4
1778557817.397527,599616136034315956,1476,-1085.0,133.0,41.0,1093.89
1778557817.437527,599616136074315956,1476,-749.0,228.0,-86.0,787.64
1778557817.477527,599616136114315956,1476,-930.0,-67.0,-97.0,937.44
1778557817.517527,599616136154315956,1476,-1071.0,-47.0,121.0,1078.84
1778557817.557527,599616136194315956,1476,-1061.0,26.0,142.0,1070.78
1778557817.597527,599616136234315956,1476,-885.0,119.0,113.0,900.09
1778557817.637527,599616136274315956,1476,-904.0,122.0,137.0,922.43
1778557817.677527,599616136314315956,1476,-882.0,122.0,181.0,908.61
1778557817.717527,599616136354315956,1476,-902.0,149.0,198.0,935.42
1778557817.757527,599616136394315956,1476,-916.0,98.0,183.0,939.23
1778557817.797527,599616136434315956,1476,-926.0,54.0,138.0,937.78
1778557817.837527,599616136474315956,1476,-1073.0,53.0,196.0,1092.04
1778557817.832798,599616136493891228,1512,-1200.0,146.0,206.0,1226.28
1778557817.872798,599616136533891228,1512,-1529.0,-84.0,195.0,1543.67
1778557817.912798,599616136573891228,1512,-1439.0,-83.0,131.0,1447.33
1778557817.952798,599616136613891228,1512,-893.0,-233.0,33.0,923.49
1778557817.992798,599616136653891228,1512,-649.0,-133.0,-152.0,679.7
1778557818.032798,599616136693891228,1512,-967.0,183.0,98.0,989.03
1778557818.072798,599616136733891228,1512,-1031.0,61.0,140.0,1042.25
1778557818.112798,599616136773891228,1512,-968.0,-117.0,181.0,991.7
1778557818.152798,599616136813891228,1512,-913.0,-156.0,137.0,936.31
1778557818.192798,599616136853891228,1512,-965.0,-57.0,234.0,994.6
1778557818.232798,599616136893891228,1512,-945.0,-53.0,203.0,968.01
1778557818.272798,599616136933891228,1512,-904.0,-68.0,214.0,931.47
1778557818.312798,599616136973891228,1512,-883.0,-88.0,96.0,892.55
1778557818.352798,599616137013891228,1512,-930.0,-122.0,156.0,950.85
1778557818.392798,599616137053891228,1512,-1087.0,-232.0,161.0,1123.08
1778557818.432798,599616137093891228,1512,-1243.0,-174.0,145.0,1263.47
1778557818.472798,599616137133891228,1512,-1390.0,48.0,268.0,1416.41
1778557818.512798,599616137173891228,1512,-1287.0,265.0,92.0,1317.22
1778557818.552798,599616137213891228,1512,-906.0,496.0,55.0,1034.35
1778557818.592798,599616137253891228,1512,-840.0,110.0,-68.0,849.9
1778557818.632798,599616137293891228,1512,-951.0,-6.0,70.0,953.59
1778557818.672798,599616137333891228,1512,-1020.0,156.0,118.0,1038.59
1778557818.712798,599616137373891228,1512,-987.0,190.0,100.0,1010.08
1778557818.752798,599616137413891228,1512,-964.0,208.0,159.0,998.92
1778557818.792798,599616137453891228,1512,-940.0,226.0,204.0,988.07
1778557818.832798,599616137493891228,1512,-907.0,165.0,200.0,943.33
1778557818.872798,599616137533891228,1512,-903.0,134.0,168.0,928.22
1778557818.912798,599616137573891228,1512,-946.0,161.0,163.0,973.35
1778557818.952798,599616137613891228,1512,-1108.0,142.0,132.0,1124.83
1778557818.992798,599616137653891228,1512,-1246.0,31.0,7.0,1246.41
1778557819.032798,599616137693891228,1512,-1217.0,-107.0,125.0,1228.07
1778557819.072798,599616137733891228,1512,-996.0,-94.0,103.0,1005.71
1778557819.112798,599616137773891228,1512,-893.0,4.0,-65.0,895.37
1778557819.152798,599616137813891228,1512,-1160.0,100.0,56.0,1165.65
1778557819.192798,599616137853891228,1512,-1092.0,42.0,88.0,1096.34
1778557819.232798,599616137893891228,1512,-1009.0,-49.0,103.0,1015.43
1778557819.272559,599616137913344476,1548,-919.0,-6.0,116.0,926.31
1778557819.312559,599616137953344476,1548,-901.0,-24.0,99.0,906.74
1778557819.352559,599616137993344476,1548,-911.0,-98.0,63.0,918.42
1778557819.392559,599616138033344476,1548,-907.0,-198.0,7.0,928.39
1778557819.432559,599616138073344476,1548,-917.0,-201.0,32.0,939.32
1778557819.472559,599616138113344476,1548,-1075.0,-138.0,37.0,1084.45
1778557819.512559,599616138153344476,1548,-1175.0,-88.0,63.0,1179.97
1778557819.552559,599616138193344476,1548,-1260.0,309.0,40.0,1297.95
1778557819.592559,599616138233344476,1548,-929.0,461.0,-50.0,1038.3
1778557819.632559,599616138273344476,1548,-940.0,414.0,-4.0,1027.14
1778557819.672559,599616138313344476,1548,-1027.0,270.0,23.0,1062.15
1778557819.712559,599616138353344476,1548,-989.0,129.0,-25.0,997.69
1778557819.752559,599616138393344476,1548,-1075.0,214.0,-76.0,1098.73
1778557819.792559,599616138433344476,1548,-1082.0,345.0,49.0,1136.73
1778557819.832559,599616138473344476,1548,-992.0,297.0,108.0,1041.12
1778557819.872559,599616138513344476,1548,-926.0,285.0,43.0,969.82
1778557819.912559,599616138553344476,1548,-986.0,294.0,23.0,1029.16
1778557819.952559,599616138593344476,1548,-1011.0,304.0,46.0,1056.72
1778557819.992559,599616138633344476,1548,-1020.0,289.0,33.0,1060.66
1778557820.032559,599616138673344476,1548,-1006.0,303.0,43.0,1051.52
1778557820.072559,599616138713344476,1548,-961.0,273.0,60.0,1000.82
1778557820.112559,599616138753344476,1548,-962.0,237.0,76.0,993.67
1778557820.152559,599616138793344476,1548,-972.0,237.0,120.0,1007.65
1778557820.192559,599616138833344476,1548,-992.0,250.0,119.0,1029.92
1778557820.232559,599616138873344476,1548,-969.0,250.0,144.0,1011.04
1778557820.272559,599616138913344476,1548,-942.0,262.0,121.0,985.22
1778557820.312559,599616138953344476,1548,-967.0,287.0,120.0,1015.8
1778557820.352559,599616138993344476,1548,-949.0,220.0,127.0,982.41
1778557820.392559,599616139033344476,1548,-957.0,135.0,118.0,973.65
1778557820.432559,599616139073344476,1548,-997.0,114.0,165.0,1016.97
1778557820.472559,599616139113344476,1548,-1230.0,55.0,80.0,1233.83
1778557820.512559,599616139153344476,1548,-1151.0,-225.0,152.0,1182.59
1778557820.552559,599616139193344476,1548,-999.0,-372.0,-164.0,1078.56
1778557820.592559,599616139233344476,1548,-1088.0,-305.0,-51.0,1131.09
1778557820.632559,599616139273344476,1548,-1161.0,-150.0,64.0,1172.4
1778557820.672559,599616139313344476,1548,-1045.0,-106.0,46.0,1051.37
1778557820.667533,599616139333011316,1584,-935.0,-261.0,57.0,972.42
1778557820.707533,599616139373011316,1584,-954.0,-277.0,40.0,994.21
1778557820.747533,599616139413011316,1584,-922.0,-212.0,78.0,949.27
1778557820.787533,599616139453011316,1584,-963.0,-213.0,37.0,986.97
1778557820.827533,599616139493011316,1584,-985.0,-225.0,91.0,1014.46
1778557820.867533,599616139533011316,1584,-989.0,-168.0,121.0,1010.44
1778557820.907533,599616139573011316,1584,-978.0,-175.0,125.0,1001.37
1778557820.947533,599616139613011316,1584,-968.0,-207.0,155.0,1001.95
1778557820.987533,599616139653011316,1584,-967.0,-207.0,155.0,1000.98
1778557821.027533,599616139693011316,1584,-992.0,-155.0,171.0,1018.49
1778557821.067533,599616139733011316,1584,-1019.0,-124.0,237.0,1053.52
1778557821.107533,599616139773011316,1584,-1417.0,-159.0,67.0,1427.47
1778557821.147533,599616139813011316,1584,-1397.0,-72.0,60.0,1400.14
1778557821.187533,599616139853011316,1584,-946.0,-50.0,108.0,953.46
1778557821.227533,599616139893011316,1584,-662.0,58.0,13.0,664.66
1778557821.267533,599616139933011316,1584,-807.0,27.0,-117.0,815.88
1778557821.307533,599616139973011316,1584,-1055.0,-51.0,-26.0,1056.55
1778557821.347533,599616140013011316,1584,-1209.0,88.0,202.0,1228.91
1778557821.387533,599616140053011316,1584,-1094.0,87.0,205.0,1116.44
1778557821.427533,599616140093011316,1584,-936.0,66.0,117.0,945.59
1778557821.467533,599616140133011316,1584,-860.0,108.0,88.0,871.21
1778557821.507533,599616140173011316,1584,-892.0,117.0,150.0,912.06
1778557821.547533,599616140213011316,1584,-978.0,140.0,210.0,1010.04
1778557821.587533,599616140253011316,1584,-1015.0,151.0,221.0,1049.7
1778557821.627533,599616140293011316,1584,-1019.0,127.0,208.0,1047.74
1778557821.667533,599616140333011316,1584,-1024.0,159.0,186.0,1052.83
1778557821.707533,599616140373011316,1584,-1090.0,35.0,119.0,1097.04
1778557821.747533,599616140413011316,1584,-1252.0,-85.0,196.0,1270.1
1778557821.787533,599616140453011316,1584,-1405.0,-108.0,189.0,1421.76
1778557821.827533,599616140493011316,1584,-913.0,-86.0,186.0,935.71
1778557821.867533,599616140533011316,1584,-569.0,-114.0,-85.0,586.5
1778557821.907533,599616140573011316,1584,-907.0,33.0,2.0,907.6
1778557821.947533,599616140613011316,1584,-1142.0,28.0,105.0,1147.16
1778557821.987533,599616140653011316,1584,-1224.0,-166.0,172.0,1247.12
1778557822.027533,599616140693011316,1584,-1091.0,-117.0,213.0,1117.74
1778557822.067533,599616140733011316,1584,-931.0,-83.0,184.0,952.63
1778557822.107615,599616140752861254,1620,-826.0,-114.0,135.0,844.69
1778557822.147615,599616140792861254,1620,-825.0,-143.0,114.0,845.03
1778557822.187615,599616140832861254,1620,-930.0,-170.0,117.0,952.62
1778557822.227615,599616140872861254,1620,-1077.0,-195.0,131.0,1102.32
1778557822.267616,599616140912861254,1620,-1340.0,-190.0,83.0,1355.95
1778557822.307616,599616140952861254,1620,-1089.0,86.0,59.0,1093.98
1778557822.347615,599616140992861254,1620,-857.0,179.0,86.0,879.71
1778557822.387615,599616141032861254,1620,-892.0,246.0,105.0,931.24
1778557822.427615,599616141072861254,1620,-973.0,295.0,49.0,1017.92
1778557822.467615,599616141112861254,1620,-987.0,181.0,-52.0,1004.81
1778557822.507616,599616141152861254,1620,-1010.0,217.0,-114.0,1039.32
1778557822.547616,599616141192861254,1620,-1127.0,205.0,-183.0,1160.02
1778557822.587615,599616141232861254,1620,-1096.0,156.0,-78.0,1109.79
1778557822.627615,599616141272861254,1620,-1026.0,160.0,-5.0,1038.41
1778557822.667615,599616141312861254,1620,-997.0,241.0,3.0,1025.72
1778557822.707615,599616141352861254,1620,-998.0,307.0,22.0,1044.38
1778557822.747616,599616141392861254,1620,-1012.0,337.0,26.0,1066.95
1778557822.787616,599616141432861254,1620,-1011.0,294.0,5.0,1052.89
1778557822.827615,599616141472861254,1620,-1010.0,237.0,-36.0,1038.06
1778557822.867615,599616141512861254,1620,-999.0,208.0,-37.0,1021.09
1778557822.907615,599616141552861254,1620,-992.0,226.0,-22.0,1017.66
1778557822.947615,599616141592861254,1620,-1000.0,257.0,-14.0,1032.59
1778557822.987616,599616141632861254,1620,-1004.0,279.0,-8.0,1042.08
1778557823.027616,599616141672861254,1620,-1003.0,283.0,28.0,1042.54
1778557823.067616,599616141712861254,1620,-1004.0,313.0,56.0,1053.15
1778557823.107615,599616141752861254,1620,-984.0,360.0,55.0,1049.23
1778557823.147615,599616141792861254,1620,-980.0,333.0,31.0,1035.5
1778557823.187615,599616141832861254,1620,-983.0,312.0,35.0,1031.92
1778557823.227615,599616141872861254,1620,-970.0,289.0,49.0,1013.32
1778557823.267616,599616141912861254,1620,-968.0,277.0,52.0,1008.19
1778557823.307616,599616141952861254,1620,-948.0,282.0,43.0,989.99
1778557823.347615,599616141992861254,1620,-952.0,295.0,40.0,997.46
1778557823.387615,599616142032861254,1620,-945.0,289.0,69.0,990.61
1778557823.427615,599616142072861254,1620,-987.0,279.0,65.0,1027.73
1778557823.467615,599616142112861254,1620,-1095.0,178.0,65.0,1111.28
1778557823.507616,599616142152861254,1620,-1069.0,24.0,163.0,1081.62
1778557823.547466,599616142173260528,1656,-943.0,49.0,219.0,969.34
1778557823.587466,599616142213260528,1656,-1051.0,79.0,95.0,1058.24
1778557823.627466,599616142253260528,1656,-1215.0,-138.0,99.0,1226.81
1778557823.667466,599616142293260528,1656,-1204.0,-201.0,159.0,1230.97
1778557823.707466,599616142333260528,1656,-1064.0,-247.0,135.0,1100.6
1778557823.747466,599616142373260528,1656,-946.0,-220.0,152.0,983.07
1778557823.787466,599616142413260528,1656,-843.0,-199.0,84.0,870.23
1778557823.827466,599616142453260528,1656,-866.0,-183.0,52.0,886.65
1778557823.867466,599616142493260528,1656,-988.0,-147.0,119.0,1005.94
1778557823.907466,599616142533260528,1656,-1062.0,-151.0,179.0,1087.51
1778557823.947466,599616142573260528,1656,-1050.0,-118.0,227.0,1080.72
1778557823.987466,599616142613260528,1656,-993.0,-64.0,240.0,1023.59
1778557824.027466,599616142653260528,1656,-948.0,-45.0,206.0,971.17
1778557824.067466,599616142693260528,1656,-962.0,-33.0,219.0,987.16
1778557824.107466,599616142733260528,1656,-986.0,-44.0,193.0,1005.67
1778557824.147466,599616142773260528,1656,-1070.0,-15.0,268.0,1103.15
1778557824.187466,599616142813260528,1656,-1403.0,-19.0,112.0,1407.59
1778557824.227466,599616142853260528,1656,-1417.0,-41.0,35.0,1418.03
1778557824.267466,599616142893260528,1656,-941.0,-81.0,146.0,955.7
1778557824.307466,599616142933260528,1656,-663.0,120.0,41.0,675.02
1778557824.347466,599616142973260528,1656,-683.0,64.0,-152.0,702.63
1778557824.387466,599616143013260528,1656,-1107.0,-99.0,-94.0,1115.39
1778557824.427466,599616143053260528,1656,-1251.0,35.0,127.0,1257.92
1778557824.467466,599616143093260528,1656,-1221.0,36.0,176.0,1234.14
1778557824.507466,599616143133260528,1656,-1000.0,40.0,138.0,1010.27
1778557824.547466,599616143173260528,1656,-820.0,29.0,91.0,825.54
1778557824.587466,599616143213260528,1656,-783.0,92.0,77.0,792.14
1778557824.627466,599616143253260528,1656,-884.0,147.0,107.0,902.5
1778557824.667466,599616143293260528,1656,-968.0,231.0,212.0,1017.51
1778557824.707466,599616143333260528,1656,-1055.0,220.0,249.0,1106.09
1778557824.747466,599616143373260528,1656,-1029.0,195.0,200.0,1066.24
1778557824.787466,599616143413260528,1656,-989.0,197.0,37.0,1009.11
1778557824.827466,599616143453260528,1656,-1103.0,67.0,4.0,1105.04
1778557824.867466,599616143493260528,1656,-1236.0,-141.0,305.0,1280.86
1778557824.907466,599616143533260528,1656,-1423.0,53.0,222.0,1441.19
1778557824.947466,599616143573260528,1656,-1254.0,76.0,47.0,1257.18
1778557824.942552,599616143593171498,1692,-787.0,-61.0,-128.0,799.67
1778557824.982552,599616143633171498,1692,-708.0,-122.0,-80.0,722.87
1778557825.022552,599616143673171498,1692,-1010.0,2.0,51.0,1011.29
1778557825.062552,599616143713171498,1692,-1010.0,-27.0,134.0,1019.21
1778557825.102552,599616143753171498,1692,-1059.0,-182.0,121.0,1081.32
1778557825.142552,599616143793171498,1692,-1007.0,-177.0,126.0,1030.17
1778557825.182552,599616143833171498,1692,-911.0,-106.0,133.0,926.74
1778557825.222552,599616143873171498,1692,-862.0,-116.0,125.0,878.71
1778557825.262552,599616143913171498,1692,-904.0,-158.0,145.0,929.09
1778557825.302552,599616143953171498,1692,-932.0,-177.0,206.0,970.77
1778557825.342552,599616143993171498,1692,-982.0,-182.0,193.0,1017.2
1778557825.382552,599616144033171498,1692,-1075.0,-179.0,202.0,1108.36
1778557825.422552,599616144073171498,1692,-1206.0,-104.0,181.0,1223.93
1778557825.462552,599616144113171498,1692,-1464.0,77.0,50.0,1466.88
1778557825.502552,599616144153171498,1692,-1366.0,212.0,29.0,1382.66
1778557825.542552,599616144193171498,1692,-977.0,248.0,149.0,1018.94
1778557825.582552,599616144233171498,1692,-588.0,189.0,-33.0,618.51
1778557825.622552,599616144273171498,1692,-790.0,36.0,-43.0,791.99
1778557825.662552,599616144313171498,1692,-1064.0,31.0,32.0,1064.93
1778557825.702552,599616144353171498,1692,-1243.0,142.0,127.0,1257.51
1778557825.742552,599616144393171498,1692,-1067.0,188.0,166.0,1096.08
1778557825.782552,599616144433171498,1692,-919.0,214.0,128.0,952.23
1778557825.822552,599616144473171498,1692,-835.0,226.0,150.0,877.95
1778557825.862552,599616144513171498,1692,-835.0,229.0,160.0,880.49
1778557825.902552,599616144553171498,1692,-925.0,231.0,157.0,966.25
1778557825.942552,599616144593171498,1692,-1022.0,228.0,205.0,1067.0
1778557825.982552,599616144633171498,1692,-1030.0,234.0,181.0,1071.64
1778557826.022552,599616144673171498,1692,-1051.0,87.0,121.0,1061.51
1778557826.062552,599616144713171498,1692,-1037.0,-25.0,130.0,1045.42
1778557826.102552,599616144753171498,1692,-1091.0,-99.0,318.0,1140.7
1778557826.142552,599616144793171498,1692,-1006.0,48.0,403.0,1084.78
1778557826.182552,599616144833171498,1692,-1117.0,210.0,266.0,1167.28
1778557826.222552,599616144873171498,1692,-1242.0,181.0,43.0,1255.86
1778557826.262552,599616144913171498,1692,-1073.0,74.0,26.0,1075.86
1778557826.302552,599616144953171498,1692,-837.0,-127.0,69.0,849.39
1778557826.342552,599616144993171498,1692,-859.0,-19.0,-59.0,861.23
1778557826.384876,599616145013113012,1728,-1031.0,75.0,48.0,1034.84
1778557826.424876,599616145053113012,1728,-1073.0,-55.0,166.0,1087.16
1778557826.464876,599616145093113012,1728,-1026.0,-35.0,217.0,1049.28
1778557826.504876,599616145133113012,1728,-975.0,22.0,210.0,997.6
1778557826.544877,599616145173113012,1728,-958.0,10.0,205.0,979.74
1778557826.584877,599616145213113012,1728,-935.0,-23.0,217.0,960.13
1778557826.624876,599616145253113012,1728,-930.0,-100.0,228.0,962.75
1778557826.664876,599616145293113012,1728,-908.0,-90.0,250.0,946.08
1778557826.704876,599616145333113012,1728,-914.0,-76.0,239.0,947.78
1778557826.744876,599616145373113012,1728,-1026.0,-156.0,146.0,1048.01
1778557826.784877,599616145413113012,1728,-1054.0,-66.0,222.0,1079.15
1778557826.824877,599616145453113012,1728,-1200.0,146.0,389.0,1269.9
1778557826.864877,599616145493113012,1728,-1421.0,189.0,255.0,1456.02
1778557826.904876,599616145533113012,1728,-1429.0,189.0,-3.0,1441.45
1778557826.944876,599616145573113012,1728,-830.0,48.0,109.0,838.5
1778557826.984876,599616145613113012,1728,-548.0,153.0,7.0,569.0
1778557827.024877,599616145653113012,1728,-789.0,72.0,-142.0,804.9
1778557827.064877,599616145693113012,1728,-1121.0,-11.0,-5.0,1121.07
1778557827.104877,599616145733113012,1728,-1263.0,207.0,114.0,1284.92
1778557827.144876,599616145773113012,1728,-1050.0,163.0,158.0,1074.26
1778557827.184876,599616145813113012,1728,-887.0,195.0,139.0,918.76
1778557827.224876,599616145853113012,1728,-827.0,174.0,101.0,851.12
1778557827.264877,599616145893113012,1728,-872.0,173.0,104.0,895.06
1778557827.304877,599616145933113012,1728,-995.0,138.0,134.0,1013.42
1778557827.344877,599616145973113012,1728,-1041.0,149.0,143.0,1061.29
1778557827.384876,599616146013113012,1728,-1063.0,158.0,109.0,1080.19
1778557827.424876,599616146053113012,1728,-1092.0,169.0,189.0,1121.05
1778557827.464876,599616146093113012,1728,-1304.0,131.0,49.0,1311.48
1778557827.504876,599616146133113012,1728,-1198.0,-13.0,162.0,1208.97
1778557827.544877,599616146173113012,1728,-1117.0,-203.0,74.0,1137.71
1778557827.584877,599616146213113012,1728,-864.0,-209.0,-12.0,889.0
1778557827.624876,599616146253113012,1728,-998.0,64.0,27.0,1000.41
1778557827.664876,599616146293113012,1728,-1004.0,82.0,96.0,1011.91
1778557827.704876,599616146333113012,1728,-999.0,-32.0,101.0,1004.6
1778557827.744876,599616146373113012,1728,-954.0,-65.0,136.0,965.83
1778557827.784877,599616146413113012,1728,-917.0,-87.0,130.0,930.25
1778557827.913181,599616146432871420,1764,-925.0,-120.0,141.0,943.35
1778557827.953181,599616146472871420,1764,-930.0,-137.0,209.0,962.99
1778557827.993181,599616146512871420,1764,-919.0,-114.0,148.0,937.8
1778557828.033181,599616146552871420,1764,-950.0,-63.0,120.0,959.62
1778557828.073181,599616146592871420,1764,-1054.0,-79.0,203.0,1076.27
1778557828.113181,599616146632871420,1764,-1089.0,-101.0,206.0,1112.91
1778557828.153181,599616146672871420,1764,-1383.0,98.0,156.0,1395.22
1778557828.193181,599616146712871420,1764,-1400.0,117.0,77.0,1406.99
1778557828.233181,599616146752871420,1764,-988.0,193.0,161.0,1019.47
1778557828.273181,599616146792871420,1764,-691.0,117.0,-63.0,703.66
1778557828.313181,599616146832871420,1764,-916.0,32.0,-62.0,918.65
1778557828.353181,599616146872871420,1764,-1068.0,31.0,63.0,1070.31
1778557828.393181,599616146912871420,1764,-1068.0,83.0,136.0,1079.82
1778557828.433181,599616146952871420,1764,-993.0,169.0,107.0,1012.95
1778557828.473181,599616146992871420,1764,-933.0,186.0,97.0,956.29
1778557828.513181,599616147032871420,1764,-910.0,204.0,103.0,938.26
1778557828.553181,599616147072871420,1764,-954.0,183.0,117.0,978.41
1778557828.593181,599616147112871420,1764,-959.0,164.0,121.0,980.42
1778557828.633181,599616147152871420,1764,-970.0,174.0,112.0,991.83
1778557828.673181,599616147192871420,1764,-1033.0,210.0,103.0,1059.15
1778557828.713181,599616147232871420,1764,-1203.0,51.0,6.0,1204.1
1778557828.753181,599616147272871420,1764,-1215.0,-43.0,28.0,1216.08
1778557828.793181,599616147312871420,1764,-1131.0,-108.0,59.0,1137.68
1778557828.833181,599616147352871420,1764,-1042.0,-66.0,105.0,1049.35
1778557828.873181,599616147392871420,1764,-856.0,-14.0,-4.0,856.12
1778557828.913181,599616147432871420,1764,-974.0,-7.0,23.0,974.3
1778557828.953181,599616147472871420,1764,-1041.0,24.0,105.0,1046.56
1778557828.993181,599616147512871420,1764,-1107.0,-76.0,107.0,1114.75
1778557829.033181,599616147552871420,1764,-1041.0,-115.0,181.0,1062.86
1778557829.073181,599616147592871420,1764,-953.0,-57.0,176.0,970.79
1778557829.113181,599616147632871420,1764,-906.0,-59.0,116.0,915.3
1778557829.153181,599616147672871420,1764,-908.0,-79.0,75.0,914.51
1778557829.193181,599616147712871420,1764,-950.0,-77.0,125.0,961.28
1778557829.233181,599616147752871420,1764,-994.0,-69.0,151.0,1007.77
1778557829.273181,599616147792871420,1764,-1002.0,-27.0,177.0,1017.87
1778557829.313181,599616147832871420,1764,-976.0,39.0,221.0,1001.47
1778557829.262923,599616147852843440,1800,-979.0,-16.0,240.0,1008.12
1778557829.302923,599616147892843440,1800,-904.0,-27.0,232.0,933.69
1778557829.342923,599616147932843440,1800,-774.0,2.0,247.0,812.46
1778557829.382923,599616147972843440,1800,-664.0,-81.0,46.0,670.5
1778557829.422923,599616148012843440,1800,-515.0,1.0,-20.0,515.39
1778557829.462923,599616148052843440,1800,-588.0,-272.0,-424.0,774.28
1778557829.502923,599616148092843440,1800,-532.0,-12.0,-277.0,599.91
1778557829.542923,599616148132843440,1800,-702.0,99.0,-71.0,712.49
1778557829.582923,599616148172843440,1800,-625.0,1.0,-438.0,763.2
1778557829.622923,599616148212843440,1800,-898.0,144.0,-402.0,994.36
1778557829.662923,599616148252843440,1800,-778.0,314.0,-259.0,878.04
1778557829.702923,599616148292843440,1800,-839.0,-189.0,-693.0,1104.49
1778557829.742923,599616148332843440,1800,-799.0,262.0,-879.0,1216.42
1778557829.782923,599616148372843440,1800,26.0,-153.0,-1342.0,1350.94
1778557829.822923,599616148412843440,1800,-599.0,-122.0,-1326.0,1460.12
1778557829.862923,599616148452843440,1800,-179.0,104.0,-2000.0,2010.69
1778557829.902923,599616148492843440,1800,161.0,73.0,-1423.0,1433.94
1778557829.942923,599616148532843440,1800,70.0,374.0,-1285.0,1340.15
1778557829.982923,599616148572843440,1800,358.0,-265.0,-1047.0,1137.8
1778557830.022923,599616148612843440,1800,260.0,-485.0,-1078.0,1210.33
1778557830.062923,599616148652843440,1800,216.0,-535.0,-900.0,1069.06
1778557830.102923,599616148692843440,1800,356.0,-149.0,-852.0,935.33
1778557830.142923,599616148732843440,1800,208.0,-448.0,-976.0,1093.87
1778557830.182923,599616148772843440,1800,310.0,-232.0,-810.0,897.79
1778557830.222923,599616148812843440,1800,322.0,-190.0,-748.0,836.23
1778557830.262923,599616148852843440,1800,259.0,-174.0,-780.0,840.09
1778557830.302923,599616148892843440,1800,149.0,-337.0,-637.0,735.89
1778557830.342923,599616148932843440,1800,231.0,-252.0,-753.0,826.97
1778557830.382923,599616148972843440,1800,146.0,-544.0,-999.0,1146.84
1778557830.422923,599616149012843440,1800,2.0,-821.0,-1073.0,1351.06
1778557830.462923,599616149052843440,1800,81.0,-1056.0,-1490.0,1828.06
1778557830.502923,599616149092843440,1800,-10.0,-915.0,-1251.0,1549.94
1778557830.542923,599616149132843440,1800,-6.0,-791.0,-653.0,1025.73
1778557830.582923,599616149172843440,1800,-13.0,-668.0,-524.0,849.1
1778557830.622923,599616149212843440,1800,-11.0,-633.0,-495.0,803.64
1778557830.662923,599616149252843440,1800,5.0,-651.0,-556.0,856.13
1778557830.657845,599616149272632330,1836,-26.0,-739.0,-766.0,1064.68
1778557830.697845,599616149312632330,1836,-73.0,-714.0,-778.0,1058.49
1778557830.737844,599616149352632330,1836,-105.0,-621.0,-619.0,883.08
1778557830.777844,599616149392632330,1836,-46.0,-677.0,-590.0,899.19
1778557830.817845,599616149432632330,1836,-19.0,-669.0,-701.0,969.19
1778557830.857845,599616149472632330,1836,32.0,-638.0,-755.0,988.99
1778557830.897845,599616149512632330,1836,-18.0,-660.0,-813.0,1047.33
1778557830.937845,599616149552632330,1836,-19.0,-629.0,-771.0,995.21
1778557830.977844,599616149592632330,1836,-34.0,-607.0,-701.0,927.9
1778557831.017844,599616149632632330,1836,19.0,-615.0,-751.0,970.87
1778557831.057845,599616149672632330,1836,32.0,-644.0,-806.0,1032.18
1778557831.097845,599616149712632330,1836,7.0,-626.0,-781.0,1000.94
1778557831.137845,599616149752632330,1836,25.0,-623.0,-768.0,989.23
1778557831.177845,599616149792632330,1836,30.0,-620.0,-766.0,985.93
1778557831.217844,599616149832632330,1836,22.0,-624.0,-755.0,979.74
1778557831.257844,599616149872632330,1836,16.0,-632.0,-754.0,983.97
1778557831.297845,599616149912632330,1836,9.0,-624.0,-756.0,980.3
1778557831.337845,599616149952632330,1836,-9.0,-624.0,-765.0,987.26
1778557831.377845,599616149992632330,1836,-4.0,-630.0,-762.0,988.72
1778557831.417845,599616150032632330,1836,-6.0,-620.0,-755.0,976.97
1778557831.457844,599616150072632330,1836,-3.0,-622.0,-768.0,988.29
1778557831.497844,599616150112632330,1836,-14.0,-618.0,-770.0,987.43
1778557831.537845,599616150152632330,1836,-4.0,-623.0,-765.0,986.6
1778557831.577845,599616150192632330,1836,-12.0,-623.0,-763.0,985.11
1778557831.617845,599616150232632330,1836,2.0,-627.0,-763.0,987.57
1778557831.657845,599616150272632330,1836,7.0,-626.0,-757.0,982.33
1778557831.697845,599616150312632330,1836,-5.0,-623.0,-757.0,980.41
1778557831.737844,599616150352632330,1836,-10.0,-620.0,-752.0,974.68
1778557831.777844,599616150392632330,1836,-8.0,-625.0,-759.0,983.24
1778557831.817845,599616150432632330,1836,-3.0,-629.0,-761.0,987.3
1778557831.857845,599616150472632330,1836,-5.0,-625.0,-757.0,981.68
1778557831.897845,599616150512632330,1836,-2.0,-623.0,-759.0,981.94
1778557831.937845,599616150552632330,1836,-1.0,-623.0,-762.0,984.26
1778557831.977844,599616150592632330,1836,1.0,-623.0,-764.0,985.81
1778557832.017844,599616150632632330,1836,-3.0,-624.0,-765.0,987.22
1778557832.057845,599616150672632330,1836,0.0,-625.0,-760.0,983.98
1778557832.052839,599616150692512828,1872,-9.0,-632.0,-763.0,990.79
1778557832.092839,599616150732512828,1872,11.0,-630.0,-763.0,989.54
1778557832.132839,599616150772512828,1872,-3.0,-615.0,-767.0,983.12
1778557832.172839,599616150812512828,1872,13.0,-626.0,-725.0,957.95
1778557832.212839,599616150852512828,1872,1.0,-626.0,-754.0,980.0
1778557832.252839,599616150892512828,1872,-5.0,-625.0,-750.0,976.29
1778557832.292839,599616150932512828,1872,-4.0,-643.0,-768.0,1001.64
1778557832.332839,599616150972512828,1872,-1.0,-630.0,-760.0,987.17
1778557832.372839,599616151012512828,1872,-4.0,-629.0,-755.0,982.69
1778557832.412839,599616151052512828,1872,0.0,-623.0,-758.0,981.17
1778557832.452839,599616151092512828,1872,-2.0,-634.0,-750.0,982.07
1778557832.492839,599616151132512828,1872,-4.0,-634.0,-748.0,980.55
1778557832.532839,599616151172512828,1872,-3.0,-628.0,-760.0,985.9
1778557832.572839,599616151212512828,1872,3.0,-636.0,-752.0,984.89
1778557832.612839,599616151252512828,1872,-1.0,-644.0,-760.0,996.16
1778557832.652839,599616151292512828,1872,-1.0,-634.0,-757.0,987.42
1778557832.692839,599616151332512828,1872,4.0,-629.0,-750.0,978.85
1778557832.732839,599616151372512828,1872,-6.0,-625.0,-733.0,963.3
1778557832.772839,599616151412512828,1872,3.0,-638.0,-730.0,969.51
1778557832.812839,599616151452512828,1872,-8.0,-644.0,-760.0,996.19
1778557832.852839,599616151492512828,1872,-5.0,-639.0,-739.0,976.97
1778557832.892839,599616151532512828,1872,-11.0,-639.0,-755.0,989.17
1778557832.932839,599616151572512828,1872,-3.0,-630.0,-758.0,985.63
1778557832.972839,599616151612512828,1872,-8.0,-630.0,-746.0,976.46
1778557833.012839,599616151652512828,1872,-6.0,-634.0,-741.0,975.23
1778557833.052839,599616151692512828,1872,-4.0,-633.0,-744.0,976.85
1778557833.092839,599616151732512828,1872,-4.0,-635.0,-751.0,983.48
1778557833.132839,599616151772512828,1872,1.0,-632.0,-745.0,976.96
1778557833.172839,599616151812512828,1872,1.0,-638.0,-741.0,977.82
1778557833.212839,599616151852512828,1872,-1.0,-636.0,-743.0,978.03
1778557833.252839,599616151892512828,1872,0.0,-639.0,-750.0,985.3
1778557833.292839,599616151932512828,1872,-2.0,-630.0,-757.0,984.86
1778557833.332839,599616151972512828,1872,-3.0,-633.0,-757.0,986.79
1778557833.372839,599616152012512828,1872,-2.0,-629.0,-757.0,984.22
1778557833.412839,599616152052512828,1872,-7.0,-628.0,-746.0,975.17
1778557833.452839,599616152092512828,1872,5.0,-643.0,-748.0,986.4
1778557833.492809,599616152112057596,1908,2.0,-633.0,-759.0,988.32
1778557833.532809,599616152152057596,1908,6.0,-631.0,-746.0,977.09
1778557833.572809,599616152192057596,1908,-6.0,-626.0,-746.0,973.87
1778557833.612809,599616152232057596,1908,0.0,-631.0,-759.0,987.04
1778557833.652809,599616152272057596,1908,-5.0,-630.0,-758.0,985.64
1778557833.692809,599616152312057596,1908,-5.0,-629.0,-754.0,981.93
1778557833.732809,599616152352057596,1908,-3.0,-630.0,-755.0,983.33
1778557833.772809,599616152392057596,1908,5.0,-633.0,-756.0,986.03
1778557833.812809,599616152432057596,1908,2.0,-632.0,-753.0,983.08
1778557833.852809,599616152472057596,1908,5.0,-626.0,-748.0,975.4
1778557833.892809,599616152512057596,1908,3.0,-627.0,-752.0,979.1
1778557833.932809,599616152552057596,1908,1.0,-630.0,-753.0,981.79
1778557833.972809,599616152592057596,1908,4.0,-632.0,-755.0,984.61
1778557834.012809,599616152632057596,1908,0.0,-632.0,-758.0,986.91
1778557834.052809,599616152672057596,1908,1.0,-628.0,-756.0,982.81
1778557834.092809,599616152712057596,1908,1.0,-627.0,-752.0,979.1
1778557834.132809,599616152752057596,1908,1.0,-632.0,-769.0,995.38
1778557834.172809,599616152792057596,1908,10.0,-627.0,-742.0,971.49
1778557834.212809,599616152832057596,1908,7.0,-627.0,-763.0,987.6
1778557834.252809,599616152872057596,1908,0.0,-627.0,-754.0,980.63
1778557834.292809,599616152912057596,1908,1.0,-626.0,-760.0,984.62
1778557834.332809,599616152952057596,1908,4.0,-628.0,-760.0,985.9
1778557834.372809,599616152992057596,1908,-2.0,-625.0,-756.0,980.9
1778557834.412809,599616153032057596,1908,2.0,-627.0,-758.0,983.72
1778557834.452809,599616153072057596,1908,2.0,-629.0,-758.0,984.99
1778557834.492809,599616153112057596,1908,0.0,-627.0,-760.0,985.26
1778557834.532809,599616153152057596,1908,5.0,-627.0,-755.0,981.42
1778557834.572809,599616153192057596,1908,0.0,-626.0,-753.0,979.23
1778557834.612809,599616153232057596,1908,4.0,-627.0,-757.0,982.95
1778557834.652809,599616153272057596,1908,5.0,-628.0,-759.0,985.13
1778557834.692809,599616153312057596,1908,0.0,-627.0,-758.0,983.71
1778557834.732809,599616153352057596,1908,3.0,-627.0,-761.0,986.03
1778557834.772809,599616153392057596,1908,-2.0,-628.0,-756.0,982.81
1778557834.812809,599616153432057596,1908,3.0,-626.0,-753.0,979.23
1778557834.852809,599616153472057596,1908,10.0,-633.0,-754.0,984.53
1778557834.892809,599616153512057596,1908,2.0,-627.0,-768.0,991.44
1778557834.893797,599616153531480290,1944,9.0,-626.0,-753.0,979.27
1778557834.933797,599616153571480290,1944,-3.0,-627.0,-753.0,979.87
1778557834.973797,599616153611480290,1944,5.0,-628.0,-761.0,986.68
1778557835.013797,599616153651480290,1944,4.0,-626.0,-759.0,983.86
1778557835.053797,599616153691480290,1944,-2.0,-626.0,-754.0,980.0
1778557835.093797,599616153731480290,1944,3.0,-626.0,-756.0,981.54
1778557835.133797,599616153771480290,1944,4.0,-626.0,-759.0,983.86
1778557835.173797,599616153811480290,1944,4.0,-627.0,-760.0,985.26
1778557835.213797,599616153851480290,1944,-2.0,-626.0,-755.0,980.77
1778557835.253797,599616153891480290,1944,0.0,-631.0,-753.0,982.43
1778557835.293797,599616153931480290,1944,3.0,-633.0,-749.0,980.66
1778557835.333797,599616153971480290,1944,3.0,-626.0,-754.0,980.0
1778557835.373797,599616154011480290,1944,3.0,-626.0,-760.0,984.62
1778557835.413797,599616154051480290,1944,5.0,-623.0,-742.0,968.87
1778557835.453797,599616154091480290,1944,2.0,-639.0,-765.0,996.77
1778557835.493797,599616154131480290,1944,9.0,-639.0,-753.0,987.63
1778557835.533797,599616154171480290,1944,-3.0,-634.0,-767.0,995.12
1778557835.573797,599616154211480290,1944,18.0,-629.0,-746.0,975.95
1778557835.613797,599616154251480290,1944,16.0,-633.0,-750.0,981.55
1778557835.653797,599616154291480290,1944,-2.0,-637.0,-728.0,967.35
1778557835.693797,599616154331480290,1944,-7.0,-631.0,-738.0,971.01
1778557835.733797,599616154371480290,1944,-1.0,-629.0,-759.0,985.76
1778557835.773797,599616154411480290,1944,9.0,-634.0,-752.0,983.64
1778557835.813797,599616154451480290,1944,-2.0,-638.0,-754.0,987.71
1778557835.853797,599616154491480290,1944,4.0,-629.0,-756.0,983.46
1778557835.893797,599616154531480290,1944,8.0,-633.0,-761.0,989.89
1778557835.933797,599616154571480290,1944,7.0,-629.0,-757.0,984.25
1778557835.973797,599616154611480290,1944,-2.0,-626.0,-742.0,970.8
1778557836.013797,599616154651480290,1944,7.0,-637.0,-760.0,991.67
1778557836.053797,599616154691480290,1944,9.0,-634.0,-756.0,986.7
1778557836.093797,599616154731480290,1944,1.0,-630.0,-750.0,979.49
1778557836.133797,599616154771480290,1944,7.0,-630.0,-755.0,983.35
1778557836.173797,599616154811480290,1944,-1.0,-634.0,-747.0,979.78
1778557836.213797,599616154851480290,1944,-4.0,-636.0,-748.0,981.84
1778557836.253797,599616154891480290,1944,0.0,-634.0,-748.0,980.54
1778557836.293797,599616154931480290,1944,1.0,-632.0,-741.0,973.91
1778557836.282934,599616154951452312,1980,0.0,-637.0,-742.0,977.92
1778557836.322934,599616154991452312,1980,-2.0,-633.0,-754.0,984.48
1778557836.362934,599616155031452312,1980,6.0,-633.0,-748.0,979.91
1778557836.402934,599616155071452312,1980,-4.0,-632.0,-748.0,979.26
1778557836.442934,599616155111452312,1980,2.0,-631.0,-757.0,985.5
1778557836.482934,599616155151452312,1980,7.0,-631.0,-755.0,983.99
1778557836.522934,599616155191452312,1980,4.0,-629.0,-747.0,976.56
1778557836.562934,599616155231452312,1980,7.0,-633.0,-756.0,986.04
1778557836.602934,599616155271452312,1980,3.0,-631.0,-754.0,983.2
1778557836.642934,599616155311452312,1980,5.0,-633.0,-754.0,984.49
1778557836.682934,599616155351452312,1980,3.0,-630.0,-747.0,977.2
1778557836.722934,599616155391452312,1980,-3.0,-630.0,-749.0,978.73
1778557836.762934,599616155431452312,1980,0.0,-632.0,-750.0,980.78
1778557836.802934,599616155471452312,1980,1.0,-634.0,-755.0,985.89
1778557836.842934,599616155511452312,1980,4.0,-631.0,-755.0,983.97
1778557836.882934,599616155551452312,1980,7.0,-629.0,-753.0,981.17
1778557836.922934,599616155591452312,1980,5.0,-629.0,-754.0,981.93
1778557836.962934,599616155631452312,1980,7.0,-632.0,-754.0,983.86
1778557837.002934,599616155671452312,1980,8.0,-628.0,-752.0,979.77
1778557837.042934,599616155711452312,1980,-2.0,-630.0,-772.0,996.44
1778557837.082934,599616155751452312,1980,7.0,-637.0,-742.0,977.95
1778557837.122934,599616155791452312,1980,0.0,-649.0,-763.0,1001.68
1778557837.162934,599616155831452312,1980,3.0,-681.0,-758.0,1018.99
1778557837.202934,599616155871452312,1980,5.0,-693.0,-761.0,1029.27
1778557837.242934,599616155911452312,1980,18.0,-600.0,-749.0,959.86
1778557837.282934,599616155951452312,1980,110.0,-619.0,-774.0,997.16
1778557837.322934,599616155991452312,1980,56.0,-725.0,-832.0,1104.98
1778557837.362934,599616156031452312,1980,41.0,-727.0,-818.0,1095.14
1778557837.402934,599616156071452312,1980,66.0,-769.0,-857.0,1153.33
1778557837.442934,599616156111452312,1980,26.0,-759.0,-801.0,1103.79
1778557837.482934,599616156151452312,1980,36.0,-740.0,-734.0,1042.91
1778557837.522934,599616156191452312,1980,-129.0,-776.0,-662.0,1028.13
1778557837.562934,599616156231452312,1980,-125.0,-769.0,-706.0,1051.39
1778557837.602934,599616156271452312,1980,-196.0,-808.0,-723.0,1101.82
1778557837.642934,599616156311452312,1980,-249.0,-734.0,-670.0,1024.53
1778557837.682934,599616156351452312,1980,-253.0,-703.0,-651.0,990.97
1778557837.723311,599616156371698978,2016,-265.0,-682.0,-592.0,941.18
1778557837.763311,599616156411698978,2016,-320.0,-655.0,-546.0,910.79
1778557837.803311,599616156451698978,2016,-388.0,-608.0,-580.0,925.53
1778557837.843311,599616156491698978,2016,-485.0,-510.0,-553.0,895.06
1778557837.883311,599616156531698978,2016,-601.0,-552.0,-625.0,1027.88
1778557837.923311,599616156571698978,2016,-670.0,-524.0,-604.0,1043.21
1778557837.963311,599616156611698978,2016,-663.0,-526.0,-511.0,988.62
1778557838.003311,599616156651698978,2016,-647.0,-467.0,-513.0,948.61
1778557838.043311,599616156691698978,2016,-649.0,-355.0,-536.0,913.52
1778557838.083311,599616156731698978,2016,-792.0,-253.0,-462.0,951.17
1778557838.123311,599616156771698978,2016,-891.0,-261.0,-441.0,1027.85
1778557838.163311,599616156811698978,2016,-916.0,-240.0,-445.0,1046.27
1778557838.203311,599616156851698978,2016,-828.0,-134.0,-427.0,941.21
1778557838.243311,599616156891698978,2016,-780.0,-90.0,-377.0,870.99
1778557838.283311,599616156931698978,2016,-828.0,-44.0,-296.0,880.42
1778557838.323311,599616156971698978,2016,-888.0,-87.0,-263.0,930.21
1778557838.363311,599616157011698978,2016,-922.0,-104.0,-177.0,944.58
1778557838.403311,599616157051698978,2016,-971.0,-138.0,-158.0,993.4
1778557838.443311,599616157091698978,2016,-990.0,-104.0,-171.0,1010.03
1778557838.483311,599616157131698978,2016,-985.0,-128.0,-142.0,1003.38
1778557838.523311,599616157171698978,2016,-990.0,-124.0,-236.0,1025.27
1778557838.563311,599616157211698978,2016,-1020.0,-146.0,-270.0,1065.18
1778557838.603311,599616157251698978,2016,-1112.0,-77.0,-428.0,1194.01
1778557838.643311,599616157291698978,2016,-1211.0,-30.0,-769.0,1434.85
1778557838.683311,599616157331698978,2016,-1135.0,118.0,-783.0,1383.92
1778557838.723311,599616157371698978,2016,-1130.0,7.0,-719.0,1339.37
1778557838.763311,599616157411698978,2016,-1010.0,36.0,-717.0,1239.15
1778557838.803311,599616157451698978,2016,-1008.0,196.0,-788.0,1294.38
1778557838.843311,599616157491698978,2016,-1103.0,197.0,-809.0,1381.99
1778557838.883311,599616157531698978,2016,-1182.0,193.0,-767.0,1422.2
1778557838.923311,599616157571698978,2016,-1135.0,137.0,-699.0,1340.0
1778557838.963311,599616157611698978,2016,-1096.0,72.0,-644.0,1273.24
1778557839.003311,599616157651698978,2016,-955.0,81.0,-511.0,1086.14
1778557839.043311,599616157691698978,2016,-788.0,89.0,-474.0,923.87
1778557839.083311,599616157731698978,2016,-620.0,56.0,-474.0,782.44
1778557839.123311,599616157771698978,2016,-656.0,70.0,-337.0,740.81
1778557839.164648,599616157791701546,2052,-693.0,10.0,-205.0,722.75
1778557839.204648,599616157831701546,2052,-663.0,-101.0,-167.0,691.13
1778557839.244648,599616157871701546,2052,-640.0,-148.0,-184.0,682.17
1778557839.284647,599616157911701546,2052,-647.0,-86.0,-211.0,685.95
1778557839.324648,599616157951701546,2052,-709.0,-9.0,-94.0,715.26
1778557839.364648,599616157991701546,2052,-813.0,-34.0,-91.0,818.78
1778557839.404648,599616158031701546,2052,-913.0,-53.0,-51.0,915.96
1778557839.444648,599616158071701546,2052,-924.0,-171.0,12.0,939.77
1778557839.484648,599616158111701546,2052,-996.0,-277.0,-136.0,1042.71
1778557839.524647,599616158151701546,2052,-1134.0,-144.0,-323.0,1187.86
1778557839.564648,599616158191701546,2052,-1229.0,232.0,-312.0,1289.03
1778557839.604648,599616158231701546,2052,-1092.0,152.0,-200.0,1120.52
1778557839.644648,599616158271701546,2052,-957.0,48.0,-126.0,966.45
1778557839.684648,599616158311701546,2052,-815.0,158.0,-111.0,837.56
1778557839.724648,599616158351701546,2052,-782.0,136.0,-117.0,802.31
1778557839.764647,599616158391701546,2052,-820.0,100.0,-123.0,835.18
1778557839.804648,599616158431701546,2052,-969.0,101.0,-75.0,977.13
1778557839.844648,599616158471701546,2052,-1014.0,46.0,10.0,1015.09
1778557839.884648,599616158511701546,2052,-1013.0,101.0,88.0,1021.82
1778557839.924648,599616158551701546,2052,-1012.0,101.0,133.0,1025.69
1778557839.964648,599616158591701546,2052,-1004.0,112.0,134.0,1019.08
1778557840.004647,599616158631701546,2052,-1000.0,90.0,69.0,1006.41
1778557840.044648,599616158671701546,2052,-1054.0,11.0,66.0,1056.12
1778557840.084648,599616158711701546,2052,-1045.0,51.0,167.0,1059.49
1778557840.124648,599616158751701546,2052,-1383.0,-144.0,7.0,1390.49
1778557840.164648,599616158791701546,2052,-1589.0,-459.0,-87.0,1656.25
1778557840.204648,599616158831701546,2052,-897.0,-223.0,-177.0,941.1
1778557840.244648,599616158871701546,2052,-895.0,-83.0,-144.0,910.3
1778557840.284647,599616158911701546,2052,-1023.0,-119.0,21.0,1030.11
1778557840.324648,599616158951701546,2052,-909.0,-213.0,82.0,937.22
1778557840.364648,599616158991701546,2052,-822.0,-290.0,60.0,873.72
1778557840.404648,599616159031701546,2052,-803.0,-231.0,33.0,836.22
1778557840.444648,599616159071701546,2052,-821.0,-241.0,66.0,858.18
1778557840.484648,599616159111701546,2052,-935.0,-228.0,178.0,978.72
1778557840.524647,599616159151701546,2052,-946.0,-164.0,192.0,979.12
1778557840.564648,599616159191701546,2052,-964.0,-134.0,215.0,996.73
1778557840.557894,599616159211795634,2088,-1025.0,-37.0,259.0,1057.86
1778557840.597894,599616159251795634,2088,-1526.0,-30.0,-90.0,1528.95
1778557840.637894,599616159291795634,2088,-1443.0,-113.0,-35.0,1447.84
1778557840.677894,599616159331795634,2088,-1165.0,28.0,-43.0,1166.13
1778557840.717894,599616159371795634,2088,-962.0,-88.0,-11.0,966.08
1778557840.757894,599616159411795634,2088,-841.0,-246.0,32.0,876.82
1778557840.797894,599616159451795634,2088,-791.0,-113.0,63.0,801.51
1778557840.837894,599616159491795634,2088,-913.0,117.0,122.0,928.52
1778557840.877894,599616159531795634,2088,-933.0,83.0,182.0,954.2
1778557840.917894,599616159571795634,2088,-915.0,70.0,206.0,940.51
1778557840.957894,599616159611795634,2088,-927.0,88.0,237.0,960.85
1778557840.997894,599616159651795634,2088,-900.0,47.0,223.0,928.41
1778557841.037894,599616159691795634,2088,-956.0,-28.0,224.0,982.29
1778557841.077894,599616159731795634,2088,-1023.0,107.0,203.0,1048.42
1778557841.117894,599616159771795634,2088,-1435.0,36.0,124.0,1440.8
1778557841.157894,599616159811795634,2088,-1675.0,-317.0,162.0,1712.41
1778557841.197894,599616159851795634,2088,-1037.0,-361.0,-87.0,1101.48
1778557841.237894,599616159891795634,2088,-900.0,-111.0,-58.0,908.67
1778557841.277894,599616159931795634,2088,-893.0,98.0,83.0,902.19
1778557841.317894,599616159971795634,2088,-877.0,-24.0,106.0,883.71
1778557841.357894,599616160011795634,2088,-919.0,-158.0,115.0,939.55
1778557841.397894,599616160051795634,2088,-966.0,-195.0,214.0,1008.45
1778557841.437894,599616160091795634,2088,-928.0,-227.0,225.0,981.5
1778557841.477894,599616160131795634,2088,-894.0,-249.0,198.0,948.92
1778557841.517894,599616160171795634,2088,-882.0,-154.0,177.0,912.67
1778557841.557894,599616160211795634,2088,-853.0,-128.0,208.0,887.28
1778557841.597894,599616160251795634,2088,-1030.0,-121.0,246.0,1065.86
1778557841.637894,599616160291795634,2088,-1070.0,-209.0,236.0,1115.47
1778557841.677894,599616160331795634,2088,-1271.0,-220.0,228.0,1309.9
1778557841.717894,599616160371795634,2088,-1440.0,-75.0,335.0,1480.35
1778557841.757894,599616160411795634,2088,-1326.0,-20.0,189.0,1339.55
1778557841.797894,599616160451795634,2088,-889.0,230.0,30.0,918.76
1778557841.837894,599616160491795634,2088,-729.0,187.0,-101.0,759.35
1778557841.877894,599616160531795634,2088,-942.0,-42.0,42.0,943.87
1778557841.917894,599616160571795634,2088,-1005.0,11.0,185.0,1021.94
1778557841.957894,599616160611795634,2088,-1035.0,109.0,201.0,1059.96
1778557842.000287,599616160631798180,2124,-986.0,87.0,199.0,1009.64
1778557842.040287,599616160671798180,2124,-935.0,71.0,218.0,962.7
1778557842.080287,599616160711798180,2124,-910.0,136.0,244.0,951.91
1778557842.120287,599616160751798180,2124,-913.0,148.0,231.0,953.33
1778557842.160287,599616160791798180,2124,-942.0,64.0,177.0,960.62
1778557842.200287,599616160831798180,2124,-970.0,104.0,218.0,999.62
1778557842.240287,599616160871798180,2124,-1049.0,93.0,247.0,1081.69
1778557842.280287,599616160911798180,2124,-1426.0,-40.0,147.0,1434.11
1778557842.320287,599616160951798180,2124,-1225.0,-145.0,291.0,1267.41
1778557842.360287,599616160991798180,2124,-948.0,-382.0,62.0,1023.95
1778557842.400287,599616161031798180,2124,-879.0,-115.0,120.0,894.58
1778557842.440287,599616161071798180,2124,-1065.0,144.0,242.0,1101.6
1778557842.480287,599616161111798180,2124,-974.0,26.0,242.0,1003.95
1778557842.520287,599616161151798180,2124,-909.0,-114.0,237.0,946.28
1778557842.560287,599616161191798180,2124,-870.0,-124.0,230.0,908.39
1778557842.600287,599616161231798180,2124,-877.0,-155.0,223.0,918.09
1778557842.640287,599616161271798180,2124,-889.0,-200.0,239.0,942.04
1778557842.680287,599616161311798180,2124,-869.0,-97.0,204.0,897.88
1778557842.720287,599616161351798180,2124,-981.0,-31.0,288.0,1022.87
1778557842.760287,599616161391798180,2124,-989.0,-90.0,294.0,1035.69
1778557842.800287,599616161431798180,2124,-1429.0,-1.0,95.0,1432.15
1778557842.840287,599616161471798180,2124,-1410.0,-128.0,133.0,1422.03
1778557842.880287,599616161511798180,2124,-1045.0,170.0,127.0,1066.33
1778557842.920287,599616161551798180,2124,-795.0,112.0,15.0,802.99
1778557842.960287,599616161591798180,2124,-1042.0,-151.0,116.0,1059.25
1778557843.000287,599616161631798180,2124,-1118.0,-1.0,199.0,1135.57
1778557843.040287,599616161671798180,2124,-978.0,-61.0,168.0,994.2
1778557843.080287,599616161711798180,2124,-892.0,-24.0,71.0,895.14
1778557843.120287,599616161751798180,2124,-930.0,63.0,183.0,949.93
1778557843.160287,599616161791798180,2124,-951.0,34.0,236.0,980.44
1778557843.200287,599616161831798180,2124,-956.0,-26.0,242.0,986.5
1778557843.240287,599616161871798180,2124,-967.0,55.0,205.0,990.02
1778557843.280287,599616161911798180,2124,-1018.0,104.0,236.0,1050.16
1778557843.320287,599616161951798180,2124,-1081.0,112.0,225.0,1109.83
1778557843.360287,599616161991798180,2124,-1324.0,6.0,180.0,1336.19
1778557843.400287,599616162031798180,2124,-1340.0,-63.0,207.0,1357.36
1778557843.393078,599616162051922760,2160,-1095.0,-334.0,82.0,1147.74
1778557843.433078,599616162091922760,2160,-865.0,-368.0,-98.0,945.12
1778557843.473078,599616162131922760,2160,-843.0,-178.0,-35.0,862.3
1778557843.513078,599616162171922760,2160,-1002.0,-9.0,101.0,1007.12
1778557843.553078,599616162211922760,2160,-1023.0,-79.0,156.0,1037.84
1778557843.593078,599616162251922760,2160,-972.0,-223.0,146.0,1007.88
1778557843.633078,599616162291922760,2160,-941.0,-195.0,80.0,964.32
1778557843.673078,599616162331922760,2160,-925.0,-142.0,111.0,942.4
1778557843.713078,599616162371922760,2160,-914.0,-170.0,162.0,943.68
1778557843.753078,599616162411922760,2160,-942.0,-90.0,245.0,977.49
1778557843.793078,599616162451922760,2160,-972.0,-96.0,213.0,999.68
1778557843.833078,599616162491922760,2160,-982.0,-72.0,215.0,1007.84
1778557843.873078,599616162531922760,2160,-1024.0,-86.0,226.0,1052.16
1778557843.913078,599616162571922760,2160,-1088.0,-13.0,288.0,1125.55
1778557843.953078,599616162611922760,2160,-1349.0,68.0,217.0,1368.03
1778557843.993078,599616162651922760,2160,-1418.0,31.0,138.0,1425.04
1778557844.033078,599616162691922760,2160,-1056.0,16.0,27.0,1056.47
1778557844.073078,599616162731922760,2160,-896.0,-82.0,-16.0,899.89
1778557844.113078,599616162771922760,2160,-971.0,-203.0,122.0,999.47
1778557844.153078,599616162811922760,2160,-997.0,-136.0,157.0,1018.41
1778557844.193078,599616162851922760,2160,-939.0,72.0,168.0,956.62
1778557844.233078,599616162891922760,2160,-886.0,107.0,208.0,916.36
1778557844.273078,599616162931922760,2160,-864.0,64.0,216.0,892.89
1778557844.313078,599616162971922760,2160,-897.0,108.0,211.0,927.79
1778557844.353078,599616163011922760,2160,-921.0,115.0,247.0,960.46
1778557844.393078,599616163051922760,2160,-964.0,102.0,211.0,992.08
1778557844.433078,599616163091922760,2160,-989.0,125.0,212.0,1019.16
1778557844.473078,599616163131922760,2160,-1073.0,203.0,246.0,1119.4
1778557844.513078,599616163171922760,2160,-1052.0,264.0,181.0,1099.62
1778557844.553078,599616163211922760,2160,-1240.0,61.0,129.0,1248.18
1778557844.593078,599616163251922760,2160,-1298.0,-63.0,115.0,1304.61
1778557844.633078,599616163291922760,2160,-1086.0,-226.0,35.0,1109.82
1778557844.673078,599616163331922760,2160,-1018.0,-130.0,-4.0,1026.27
1778557844.713078,599616163371922760,2160,-918.0,-46.0,65.0,921.45
1778557844.753078,599616163411922760,2160,-986.0,-213.0,56.0,1010.3
1778557844.793078,599616163451922760,2160,-980.0,-396.0,17.0,1057.12
1778557844.833207,599616163472230504,2196,-1010.0,-295.0,-15.0,1052.31
1778557844.873207,599616163512230504,2196,-1001.0,-158.0,42.0,1014.26
1778557844.913207,599616163552230504,2196,-1010.0,-95.0,30.0,1014.9
1778557844.953207,599616163592230504,2196,-993.0,-59.0,91.0,998.9
1778557844.993207,599616163632230504,2196,-993.0,-103.0,38.0,999.05
1778557845.033207,599616163672230504,2196,-1010.0,-117.0,72.0,1019.3
1778557845.073207,599616163712230504,2196,-1022.0,-127.0,122.0,1037.06
1778557845.113207,599616163752230504,2196,-1017.0,-128.0,164.0,1038.06
1778557845.153207,599616163792230504,2196,-1009.0,-118.0,193.0,1034.05
1778557845.193207,599616163832230504,2196,-996.0,-111.0,200.0,1021.93
1778557845.233207,599616163872230504,2196,-985.0,-121.0,225.0,1017.59
1778557845.273207,599616163912230504,2196,-1000.0,-126.0,237.0,1035.4
1778557845.313207,599616163952230504,2196,-994.0,-126.0,248.0,1032.19
1778557845.353207,599616163992230504,2196,-981.0,-126.0,253.0,1020.9
1778557845.393207,599616164032230504,2196,-1197.0,-40.0,178.0,1210.82
1778557845.433207,599616164072230504,2196,-1110.0,-105.0,138.0,1123.46
1778557845.473207,599616164112230504,2196,-947.0,-35.0,7.0,947.67
1778557845.513207,599616164152230504,2196,-999.0,2.0,-47.0,1000.11
1778557845.553207,599616164192230504,2196,-1081.0,-112.0,127.0,1094.18
1778557845.593207,599616164232230504,2196,-1034.0,-227.0,192.0,1075.89
1778557845.633207,599616164272230504,2196,-985.0,-90.0,133.0,998.01
1778557845.673207,599616164312230504,2196,-996.0,-26.0,179.0,1012.29
1778557845.713207,599616164352230504,2196,-983.0,-91.0,185.0,1004.39
1778557845.753207,599616164392230504,2196,-988.0,-12.0,205.0,1009.11
1778557845.793207,599616164432230504,2196,-981.0,-2.0,141.0,991.08
1778557845.833207,599616164472230504,2196,-970.0,-40.0,104.0,976.38
1778557845.873207,599616164512230504,2196,-1046.0,-20.0,184.0,1062.25
1778557845.913207,599616164552230504,2196,-1100.0,73.0,253.0,1131.08
1778557845.953207,599616164592230504,2196,-1207.0,-63.0,108.0,1213.46
1778557845.993207,599616164632230504,2196,-869.0,-411.0,-21.0,961.52
1778557846.033207,599616164672230504,2196,-1020.0,-364.0,21.0,1083.21
1778557846.073207,599616164712230504,2196,-1023.0,-256.0,134.0,1063.02
1778557846.113207,599616164752230504,2196,-996.0,-206.0,101.0,1022.08
1778557846.153207,599616164792230504,2196,-1002.0,-204.0,116.0,1029.11
1778557846.193207,599616164832230504,2196,-990.0,-279.0,130.0,1036.75
1778557846.233207,599616164872230504,2196,-955.0,-350.0,155.0,1028.86
1778557846.271821,599616164892446676,2232,-932.0,-358.0,150.0,1009.6
1778557846.311821,599616164932446676,2232,-917.0,-338.0,150.0,988.75
1778557846.351821,599616164972446676,2232,-946.0,-309.0,148.0,1006.13
1778557846.391821,599616165012446676,2232,-980.0,-264.0,136.0,1024.01
1778557846.431821,599616165052446676,2232,-984.0,-244.0,182.0,1030.01
1778557846.471821,599616165092446676,2232,-974.0,-219.0,204.0,1018.95
1778557846.511821,599616165132446676,2232,-955.0,-234.0,195.0,1002.4
1778557846.551821,599616165172446676,2232,-922.0,-218.0,222.0,973.08
1778557846.591821,599616165212446676,2232,-956.0,-208.0,236.0,1006.43
1778557846.631821,599616165252446676,2232,-976.0,-203.0,243.0,1026.08
1778557846.671821,599616165292446676,2232,-994.0,-207.0,274.0,1051.65
1778557846.711821,599616165332446676,2232,-985.0,-212.0,264.0,1041.57
1778557846.751821,599616165372446676,2232,-972.0,-212.0,234.0,1022.0
1778557846.791821,599616165412446676,2232,-959.0,-184.0,225.0,1002.08
1778557846.831821,599616165452446676,2232,-947.0,-144.0,227.0,984.42
1778557846.871821,599616165492446676,2232,-1079.0,-89.0,179.0,1097.36
1778557846.911821,599616165532446676,2232,-1055.0,-132.0,140.0,1072.4
1778557846.951821,599616165572446676,2232,-1117.0,-3.0,71.0,1119.26
1778557846.991821,599616165612446676,2232,-987.0,105.0,-27.0,992.94
1778557847.031821,599616165652446676,2232,-1028.0,176.0,-126.0,1050.54
1778557847.071821,599616165692446676,2232,-1067.0,199.0,-92.0,1089.29
1778557847.111821,599616165732446676,2232,-1058.0,211.0,-108.0,1084.23
1778557847.151821,599616165772446676,2232,-1002.0,204.0,-118.0,1029.34
1778557847.191821,599616165812446676,2232,-975.0,258.0,-117.0,1015.32
1778557847.231821,599616165852446676,2232,-946.0,283.0,-133.0,996.34
1778557847.271821,599616165892446676,2232,-923.0,282.0,-142.0,975.51
1778557847.311821,599616165932446676,2232,-977.0,342.0,-186.0,1051.71
1778557847.351821,599616165972446676,2232,-1017.0,312.0,-180.0,1078.9
1778557847.391821,599616166012446676,2232,-999.0,270.0,-163.0,1047.6
1778557847.431821,599616166052446676,2232,-949.0,225.0,-182.0,992.14
1778557847.471821,599616166092446676,2232,-980.0,243.0,-220.0,1033.37
1778557847.511821,599616166132446676,2232,-971.0,233.0,-208.0,1020.0
1778557847.551821,599616166172446676,2232,-988.0,258.0,-214.0,1043.31
1778557847.591821,599616166212446676,2232,-983.0,297.0,-188.0,1043.95
1778557847.631821,599616166252446676,2232,-987.0,309.0,-232.0,1059.94
1778557847.671821,599616166292446676,2232,-980.0,289.0,-200.0,1041.12
1778557847.667857,599616166312876466,2268,-1013.0,273.0,-220.0,1071.96
1778557847.707857,599616166352876466,2268,-998.0,241.0,-208.0,1047.54
1778557847.747857,599616166392876466,2268,-1005.0,227.0,-184.0,1046.62
1778557847.787857,599616166432876466,2268,-1012.0,179.0,-151.0,1038.74
1778557847.827857,599616166472876466,2268,-1039.0,188.0,-141.0,1065.24
1778557847.867857,599616166512876466,2268,-1072.0,228.0,-145.0,1105.53
1778557847.907857,599616166552876466,2268,-1027.0,225.0,-102.0,1056.29
1778557847.947857,599616166592876466,2268,-1010.0,134.0,-106.0,1024.35
1778557847.987857,599616166632876466,2268,-972.0,109.0,-57.0,979.75
1778557848.027857,599616166672876466,2268,-920.0,71.0,-45.0,923.83
1778557848.067857,599616166712876466,2268,-945.0,45.0,-75.0,949.04
1778557848.107857,599616166752876466,2268,-1010.0,65.0,-62.0,1013.99
1778557848.147857,599616166792876466,2268,-1045.0,46.0,-84.0,1049.38
1778557848.187857,599616166832876466,2268,-1019.0,-58.0,-73.0,1023.26
1778557848.227857,599616166872876466,2268,-1019.0,-63.0,-76.0,1023.77
1778557848.267857,599616166912876466,2268,-1015.0,-34.0,-95.0,1020.0
1778557848.307857,599616166952876466,2268,-989.0,-107.0,-61.0,996.64
1778557848.347857,599616166992876466,2268,-1005.0,-107.0,-63.0,1012.64
1778557848.387857,599616167032876466,2268,-1012.0,-56.0,-34.0,1014.12
1778557848.427857,599616167072876466,2268,-997.0,-73.0,-53.0,1001.07
1778557848.467857,599616167112876466,2268,-1008.0,-39.0,-16.0,1008.88
1778557848.507857,599616167152876466,2268,-1063.0,-128.0,71.0,1073.03
1778557848.547857,599616167192876466,2268,-1066.0,-178.0,72.0,1083.15
1778557848.587857,599616167232876466,2268,-1004.0,-147.0,-18.0,1014.86
1778557848.627857,599616167272876466,2268,-977.0,-187.0,-33.0,995.28
1778557848.667857,599616167312876466,2268,-1050.0,-268.0,-17.0,1083.8
1778557848.707857,599616167352876466,2268,-982.0,-157.0,116.0,1001.21
1778557848.747857,599616167392876466,2268,-1044.0,-130.0,123.0,1059.23
1778557848.787857,599616167432876466,2268,-940.0,-154.0,117.0,959.69
1778557848.827857,599616167472876466,2268,-986.0,-231.0,109.0,1018.55
1778557848.867857,599616167512876466,2268,-1011.0,-183.0,160.0,1039.81
1778557848.907857,599616167552876466,2268,-1013.0,-231.0,163.0,1051.71
1778557848.947857,599616167592876466,2268,-957.0,-179.0,172.0,988.67
1778557848.987857,599616167632876466,2268,-993.0,-123.0,155.0,1012.52
1778557849.027857,599616167672876466,2268,-1006.0,-183.0,123.0,1029.88
1778557849.067857,599616167712876466,2268,-1008.0,-110.0,172.0,1028.47
1778557849.108118,599616167733001050,2304,-1016.0,-199.0,163.0,1048.06
1778557849.148118,599616167773001050,2304,-1014.0,-152.0,178.0,1040.67
1778557849.188118,599616167813001050,2304,-1013.0,-195.0,161.0,1044.09
1778557849.228118,599616167853001050,2304,-1013.0,-170.0,194.0,1045.33
1778557849.268118,599616167893001050,2304,-976.0,-279.0,209.0,1036.39
1778557849.308118,599616167933001050,2304,-1003.0,-80.0,157.0,1018.36
1778557849.348118,599616167973001050,2304,-1011.0,-154.0,187.0,1039.62
1778557849.388118,599616168013001050,2304,-1016.0,-146.0,183.0,1042.62
1778557849.428118,599616168053001050,2304,-1011.0,-178.0,164.0,1039.57
1778557849.468118,599616168093001050,2304,-1003.0,-159.0,200.0,1035.03
1778557849.508118,599616168133001050,2304,-1007.0,-123.0,197.0,1033.43
1778557849.548118,599616168173001050,2304,-989.0,-142.0,194.0,1017.8
1778557849.588118,599616168213001050,2304,-997.0,-115.0,192.0,1021.81
1778557849.628118,599616168253001050,2304,-990.0,-106.0,200.0,1015.55
1778557849.668118,599616168293001050,2304,-1014.0,-129.0,214.0,1044.33
1778557849.708118,599616168333001050,2304,-1010.0,-80.0,204.0,1033.5
1778557849.748118,599616168373001050,2304,-1001.0,-174.0,205.0,1036.49
1778557849.788118,599616168413001050,2304,-1000.0,-176.0,201.0,1035.07
1778557849.828118,599616168453001050,2304,-1006.0,-116.0,195.0,1031.27
1778557849.868118,599616168493001050,2304,-992.0,-128.0,182.0,1016.65
1778557849.908118,599616168533001050,2304,-997.0,-170.0,182.0,1027.63
1778557849.948118,599616168573001050,2304,-999.0,-177.0,190.0,1032.2
1778557849.988118,599616168613001050,2304,-1016.0,-90.0,186.0,1036.8
1778557850.028118,599616168653001050,2304,-1004.0,-201.0,215.0,1046.25
1778557850.068118,599616168693001050,2304,-1013.0,-86.0,202.0,1036.52
1778557850.108118,599616168733001050,2304,-1001.0,-91.0,202.0,1025.22
1778557850.148118,599616168773001050,2304,-1000.0,-131.0,194.0,1027.03
1778557850.188118,599616168813001050,2304,-1002.0,-187.0,207.0,1040.11
1778557850.228118,599616168853001050,2304,-1005.0,-132.0,203.0,1033.76
1778557850.268118,599616168893001050,2304,-1011.0,-121.0,209.0,1039.44
1778557850.308118,599616168933001050,2304,-1005.0,-125.0,210.0,1034.29
1778557850.348118,599616168973001050,2304,-1009.0,-123.0,195.0,1035.0
1778557850.388118,599616169013001050,2304,-998.0,-140.0,212.0,1029.83
1778557850.428118,599616169053001050,2304,-1004.0,-123.0,210.0,1033.08
1778557850.468118,599616169093001050,2304,-1002.0,-120.0,214.0,1031.6
1778557850.508118,599616169133001050,2304,-1001.0,-165.0,197.0,1033.46
1778557850.510535,599616169153064642,2340,-996.0,-146.0,211.0,1028.52
1778557850.550535,599616169193064642,2340,-1011.0,-118.0,198.0,1036.94
1778557850.590535,599616169233064642,2340,-1012.0,-123.0,216.0,1042.08
1778557850.630535,599616169273064642,2340,-1008.0,-173.0,221.0,1046.34
1778557850.670535,599616169313064642,2340,-1006.0,-130.0,177.0,1029.69
1778557850.710535,599616169353064642,2340,-1008.0,-124.0,209.0,1036.88
1778557850.750535,599616169393064642,2340,-1011.0,-148.0,191.0,1039.47
1778557850.790535,599616169433064642,2340,-1006.0,-137.0,217.0,1038.22
1778557850.830535,599616169473064642,2340,-999.0,-94.0,197.0,1022.57
1778557850.870535,599616169513064642,2340,-988.0,-200.0,195.0,1026.73
1778557850.910535,599616169553064642,2340,-1004.0,-61.0,217.0,1028.99
1778557850.950535,599616169593064642,2340,-1025.0,92.0,268.0,1063.44
1778557850.990535,599616169633064642,2340,-922.0,-507.0,98.0,1056.76
1778557851.030535,599616169673064642,2340,-1023.0,-103.0,164.0,1041.17
1778557851.070535,599616169713064642,2340,-976.0,-235.0,178.0,1019.55
1778557851.110535,599616169753064642,2340,-1008.0,-54.0,160.0,1022.05
1778557851.150535,599616169793064642,2340,-1007.0,-140.0,126.0,1024.46
1778557851.190535,599616169833064642,2340,-1018.0,-158.0,152.0,1041.34
1778557851.230535,599616169873064642,2340,-1051.0,-157.0,153.0,1073.62
1778557851.270535,599616169913064642,2340,-1036.0,-126.0,97.0,1048.13
1778557851.310535,599616169953064642,2340,-1005.0,-73.0,77.0,1010.59
1778557851.350535,599616169993064642,2340,-1033.0,-61.0,78.0,1037.74
1778557851.390535,599616170033064642,2340,-1008.0,-89.0,73.0,1014.55
1778557851.430535,599616170073064642,2340,-1017.0,-55.0,108.0,1024.2
1778557851.470535,599616170113064642,2340,-1028.0,-56.0,141.0,1039.13
1778557851.510535,599616170153064642,2340,-1048.0,-119.0,135.0,1063.34
1778557851.550535,599616170193064642,2340,-990.0,-148.0,96.0,1005.59
1778557851.590535,599616170233064642,2340,-990.0,-121.0,143.0,1007.57
1778557851.630535,599616170273064642,2340,-1002.0,-106.0,141.0,1017.41
1778557851.670535,599616170313064642,2340,-1037.0,-166.0,120.0,1057.04
1778557851.710535,599616170353064642,2340,-994.0,-166.0,205.0,1028.41
1778557851.750535,599616170393064642,2340,-977.0,-235.0,150.0,1016.0
1778557851.790535,599616170433064642,2340,-1014.0,-121.0,154.0,1032.74
1778557851.830535,599616170473064642,2340,-1013.0,-218.0,179.0,1051.54
1778557851.870535,599616170513064642,2340,-950.0,-146.0,113.0,967.77
1778557851.910535,599616170553064642,2340,-1045.0,-211.0,137.0,1074.86
1778557851.943126,599616170572670442,2376,-1026.0,-137.0,77.0,1037.97
1778557851.983126,599616170612670442,2376,-1049.0,-94.0,112.0,1059.14
1778557852.023126,599616170652670442,2376,-1547.0,-205.0,-237.0,1578.42
1778557852.063126,599616170692670442,2376,-722.0,-167.0,508.0,898.46
1778557852.103126,599616170732670442,2376,-640.0,-132.0,458.0,797.99
1778557852.143126,599616170772670442,2376,694.0,-216.0,417.0,837.96
1778557852.183126,599616170812670442,2376,-2000.0,-251.0,-1000.0,2250.11
1778557852.223126,599616170852670442,2376,-315.0,-162.0,439.0,564.08
1778557852.263126,599616170892670442,2376,-690.0,-112.0,139.0,712.72
1778557852.303126,599616170932670442,2376,-1119.0,-243.0,116.0,1150.94
1778557852.343126,599616170972670442,2376,-983.0,-261.0,104.0,1022.36
1778557852.383126,599616171012670442,2376,-943.0,-194.0,268.0,999.35
1778557852.423126,599616171052670442,2376,-1037.0,-153.0,321.0,1096.28
1778557852.463126,599616171092670442,2376,-980.0,-209.0,262.0,1035.72
1778557852.503126,599616171132670442,2376,-1076.0,-129.0,61.0,1085.42
1778557852.543126,599616171172670442,2376,-1026.0,-152.0,317.0,1084.56
1778557852.583126,599616171212670442,2376,-729.0,-231.0,232.0,799.14
1778557852.623126,599616171252670442,2376,-1059.0,-215.0,213.0,1101.4
1778557852.663126,599616171292670442,2376,-994.0,-182.0,205.0,1031.11
1778557852.703126,599616171332670442,2376,-944.0,-231.0,113.0,978.4
1778557852.743126,599616171372670442,2376,-962.0,-2.0,99.0,967.08
1778557852.783126,599616171412670442,2376,-1103.0,-106.0,198.0,1125.63
1778557852.823126,599616171452670442,2376,-1078.0,-132.0,229.0,1109.93
1778557852.863126,599616171492670442,2376,-930.0,-124.0,189.0,957.08
1778557852.903126,599616171532670442,2376,-1009.0,-55.0,71.0,1012.99
1778557852.943126,599616171572670442,2376,-893.0,-47.0,6.0,894.26
1778557852.983126,599616171612670442,2376,-920.0,-58.0,118.0,929.35
1778557853.023126,599616171652670442,2376,-863.0,-304.0,155.0,928.01
1778557853.063126,599616171692670442,2376,-812.0,-72.0,534.0,974.52
1778557853.103126,599616171732670442,2376,-912.0,-122.0,230.0,948.43
1778557853.143126,599616171772670442,2376,-797.0,-144.0,-76.0,813.46
1778557853.183126,599616171812670442,2376,-926.0,-251.0,-86.0,963.26
1778557853.223126,599616171852670442,2376,-1095.0,-227.0,0.0,1118.28
1778557853.263126,599616171892670442,2376,-870.0,-324.0,174.0,944.54
1778557853.303126,599616171932670442,2376,-789.0,-473.0,175.0,936.42
1778557853.343126,599616171972670442,2376,-656.0,-265.0,-80.0,712.01
1778557853.338241,599616171991543828,2412,-690.0,-69.0,-186.0,717.95
1778557853.378241,599616172031543828,2412,-1287.0,-625.0,-360.0,1475.33
1778557853.418241,599616172071543828,2412,-1777.0,-746.0,-223.0,1940.1
1778557853.458241,599616172111543828,2412,-1373.0,-246.0,-655.0,1541.0
1778557853.498241,599616172151543828,2412,-776.0,-517.0,547.0,1081.05
1778557853.538241,599616172191543828,2412,-865.0,-899.0,-25.0,1247.82
1778557853.578241,599616172231543828,2412,-827.0,-644.0,292.0,1088.09
1778557853.618241,599616172271543828,2412,-1153.0,224.0,-585.0,1312.18
1778557853.658241,599616172311543828,2412,-174.0,203.0,1269.0,1296.86
1778557853.698241,599616172351543828,2412,-296.0,103.0,994.0,1042.24
1778557853.738241,599616172391543828,2412,-570.0,39.0,28.0,572.02
1778557853.778241,599616172431543828,2412,-841.0,415.0,996.0,1368.04
1778557853.818241,599616172471543828,2412,-341.0,498.0,725.0,943.35
1778557853.858241,599616172511543828,2412,-508.0,652.0,922.0,1238.25
1778557853.898241,599616172551543828,2412,-540.0,692.0,454.0,988.22
1778557853.938241,599616172591543828,2412,-386.0,961.0,1748.0,2031.75
1778557853.978241,599616172631543828,2412,-567.0,866.0,1034.0,1463.08
1778557854.018241,599616172671543828,2412,-392.0,558.0,652.0,943.47
1778557854.058241,599616172711543828,2412,118.0,361.0,945.0,1018.46
1778557854.098241,599616172751543828,2412,-238.0,467.0,759.0,922.4
1778557854.138241,599616172791543828,2412,-505.0,187.0,569.0,783.43
1778557854.178241,599616172831543828,2412,-440.0,305.0,859.0,1012.18
1778557854.218241,599616172871543828,2412,-399.0,305.0,947.0,1071.93
1778557854.258241,599616172911543828,2412,-452.0,289.0,938.0,1080.59
1778557854.298241,599616172951543828,2412,-129.0,230.0,873.0,911.96
1778557854.338241,599616172991543828,2412,-321.0,156.0,757.0,836.91
1778557854.378241,599616173031543828,2412,-295.0,257.0,1121.0,1187.31
1778557854.418241,599616173071543828,2412,-15.0,543.0,1447.0,1545.6
1778557854.458241,599616173111543828,2412,-397.0,-5.0,924.0,1005.69
1778557854.498241,599616173151543828,2412,-347.0,-435.0,770.0,950.02
1778557854.538241,599616173191543828,2412,-173.0,85.0,1179.0,1194.65
1778557854.578241,599616173231543828,2412,-278.0,446.0,738.0,906.0
1778557854.618241,599616173271543828,2412,-773.0,224.0,601.0,1004.44
1778557854.658241,599616173311543828,2412,-645.0,197.0,962.0,1174.85
1778557854.698241,599616173351543828,2412,-669.0,308.0,374.0,826.02
1778557854.738241,599616173391543828,2412,-613.0,151.0,466.0,784.68
1778557854.823042,599616173411119094,2448,-1489.0,362.0,-292.0,1559.95
1778557854.863042,599616173451119094,2448,-867.0,586.0,169.0,1060.02
1778557854.903042,599616173491119094,2448,-821.0,289.0,-181.0,889.0
1778557854.943042,599616173531119094,2448,-706.0,245.0,-56.0,749.4
1778557854.983042,599616173571119094,2448,-733.0,226.0,144.0,780.45
1778557855.023042,599616173611119094,2448,-838.0,273.0,52.0,882.88
1778557855.063042,599616173651119094,2448,-680.0,43.0,218.0,715.38
1778557855.103042,599616173691119094,2448,-965.0,877.0,-176.0,1315.8
1778557855.143042,599616173731119094,2448,-361.0,719.0,561.0,980.82
1778557855.183042,599616173771119094,2448,107.0,-97.0,759.0,772.62
1778557855.223042,599616173811119094,2448,-166.0,669.0,-403.0,798.45
1778557855.263042,599616173851119094,2448,-380.0,1201.0,-327.0,1301.43
1778557855.303042,599616173891119094,2448,-577.0,1558.0,-308.0,1689.72
1778557855.343042,599616173931119094,2448,-180.0,1688.0,504.0,1770.81
1778557855.383042,599616173971119094,2448,22.0,1550.0,476.0,1621.59
1778557855.423042,599616174011119094,2448,-197.0,1457.0,270.0,1494.84
1778557855.463042,599616174051119094,2448,-216.0,963.0,249.0,1017.85
1778557855.503042,599616174091119094,2448,-456.0,1095.0,-139.0,1194.27
1778557855.543042,599616174131119094,2448,-383.0,1578.0,-558.0,1717.01
1778557855.583042,599616174171119094,2448,169.0,1244.0,-597.0,1390.15
1778557855.623042,599616174211119094,2448,16.0,1293.0,221.0,1311.85
1778557855.663042,599616174251119094,2448,-183.0,1135.0,47.0,1150.62
1778557855.703043,599616174291119094,2448,-333.0,858.0,-124.0,928.67
1778557855.743042,599616174331119094,2448,-199.0,226.0,-732.0,791.52
1778557855.783042,599616174371119094,2448,-323.0,664.0,-974.0,1222.25
1778557855.823042,599616174411119094,2448,-243.0,679.0,-723.0,1021.19
1778557855.863042,599616174451119094,2448,343.0,784.0,129.0,865.42
1778557855.903042,599616174491119094,2448,-17.0,1102.0,473.0,1199.34
1778557855.943042,599616174531119094,2448,-555.0,1480.0,-603.0,1691.75
1778557855.983042,599616174571119094,2448,-769.0,1178.0,-1656.0,2172.87
1778557856.023042,599616174611119094,2448,421.0,1787.0,61.0,1836.94
1778557856.063042,599616174651119094,2448,-32.0,861.0,-297.0,911.35
1778557856.103042,599616174691119094,2448,-1510.0,1028.0,-363.0,1862.43
1778557856.143042,599616174731119094,2448,-763.0,1828.0,-482.0,2038.65
1778557856.183042,599616174771119094,2448,376.0,1999.0,-1037.0,2283.14
1778557856.223042,599616174811119094,2448,420.0,1180.0,144.0,1260.77
1778557856.172897,599616174830724910,2484,-8.0,397.0,-255.0,471.91
1778557856.212897,599616174870724910,2484,-284.0,1220.0,-1478.0,1937.41
1778557856.252897,599616174910724910,2484,14.0,-193.0,19.0,194.44
1778557856.292897,599616174950724910,2484,183.0,-660.0,735.0,1004.65
1778557856.332897,599616174990724910,2484,150.0,203.0,84.0,266.02
1778557856.372897,599616175030724910,2484,49.0,515.0,-213.0,559.46
1778557856.412897,599616175070724910,2484,-501.0,1384.0,511.0,1558.07
1778557856.452897,599616175110724910,2484,-309.0,1862.0,62.0,1888.48
1778557856.492897,599616175150724910,2484,-50.0,1038.0,281.0,1076.52
1778557856.532897,599616175190724910,2484,-264.0,1075.0,241.0,1132.87
1778557856.572897,599616175230724910,2484,-289.0,938.0,169.0,995.95
1778557856.612897,599616175270724910,2484,-14.0,479.0,25.0,479.86
1778557856.652897,599616175310724910,2484,-490.0,1243.0,377.0,1388.26
1778557856.692897,599616175350724910,2484,-187.0,964.0,311.0,1030.04
1778557856.732897,599616175390724910,2484,-428.0,898.0,196.0,1013.91
1778557856.772897,599616175430724910,2484,-146.0,1069.0,74.0,1081.46
1778557856.812897,599616175470724910,2484,-411.0,825.0,552.0,1074.36
1778557856.852897,599616175510724910,2484,14.0,853.0,530.0,1004.34
1778557856.892897,599616175550724910,2484,-466.0,640.0,-788.0,1117.0
1778557856.932897,599616175590724910,2484,591.0,981.0,1149.0,1622.3
1778557856.972897,599616175630724910,2484,1052.0,1539.0,1356.0,2305.2
1778557857.012897,599616175670724910,2484,-692.0,1188.0,502.0,1463.63
1778557857.052897,599616175710724910,2484,10.0,643.0,739.0,979.63
1778557857.092897,599616175750724910,2484,-768.0,56.0,-948.0,1221.34
1778557857.132897,599616175790724910,2484,-247.0,951.0,-184.0,999.63
1778557857.172897,599616175830724910,2484,157.0,661.0,-96.0,686.14
1778557857.212897,599616175870724910,2484,1.0,293.0,105.0,311.25
1778557857.252897,599616175910724910,2484,-712.0,1229.0,116.0,1425.08
1778557857.292897,599616175950724910,2484,-1002.0,1235.0,683.0,1730.81
1778557857.332897,599616175990724910,2484,-50.0,564.0,464.0,732.05
1778557857.372897,599616176030724910,2484,95.0,1728.0,-654.0,1850.06
1778557857.412897,599616176070724910,2484,-280.0,1597.0,-947.0,1877.66
1778557857.452897,599616176110724910,2484,-440.0,1301.0,141.0,1380.61
1778557857.492897,599616176150724910,2484,270.0,903.0,-72.0,945.25
1778557857.532897,599616176190724910,2484,-544.0,990.0,-108.0,1134.77
1778557857.572897,599616176230724910,2484,-441.0,1012.0,-36.0,1104.5
1778557857.613078,599616176250147620,2520,-256.0,919.0,-147.0,965.25
1778557857.653078,599616176290147620,2520,-431.0,884.0,-138.0,993.11
1778557857.693078,599616176330147620,2520,-397.0,896.0,-178.0,996.05
1778557857.733078,599616176370147620,2520,-337.0,814.0,-29.0,881.48
1778557857.773078,599616176410147620,2520,-240.0,903.0,-57.0,936.09
1778557857.813078,599616176450147620,2520,-300.0,716.0,-182.0,797.36
1778557857.853078,599616176490147620,2520,-368.0,1002.0,-64.0,1069.36
1778557857.893078,599616176530147620,2520,-183.0,960.0,-122.0,984.87
1778557857.933078,599616176570147620,2520,-220.0,1019.0,-95.0,1046.8
1778557857.973078,599616176610147620,2520,-226.0,982.0,-100.0,1012.62
1778557858.013078,599616176650147620,2520,-204.0,1078.0,22.0,1097.35
1778557858.053078,599616176690147620,2520,-199.0,1182.0,96.0,1202.47
1778557858.093078,599616176730147620,2520,156.0,1622.0,87.0,1631.81
1778557858.133078,599616176770147620,2520,-10.0,837.0,-429.0,940.59
1778557858.173078,599616176810147620,2520,-1040.0,647.0,-300.0,1261.03
1778557858.213078,599616176850147620,2520,-1097.0,-398.0,853.0,1445.48
1778557858.253078,599616176890147620,2520,-1262.0,268.0,170.0,1301.29
1778557858.293078,599616176930147620,2520,-546.0,255.0,704.0,926.69
1778557858.333078,599616176970147620,2520,-616.0,446.0,446.0,881.64
1778557858.373078,599616177010147620,2520,-825.0,67.0,389.0,914.57
1778557858.413078,599616177050147620,2520,-1263.0,152.0,308.0,1308.87
1778557858.453078,599616177090147620,2520,-851.0,192.0,654.0,1090.31
1778557858.493078,599616177130147620,2520,-723.0,167.0,576.0,939.36
1778557858.533078,599616177170147620,2520,-901.0,166.0,467.0,1028.32
1778557858.573078,599616177210147620,2520,-781.0,-82.0,638.0,1011.79
1778557858.613078,599616177250147620,2520,-988.0,172.0,577.0,1157.0
1778557858.653078,599616177290147620,2520,-695.0,221.0,472.0,868.71
1778557858.693078,599616177330147620,2520,-849.0,339.0,453.0,1020.26
1778557858.733078,599616177370147620,2520,-918.0,231.0,538.0,1088.82
1778557858.773078,599616177410147620,2520,-1219.0,-57.0,331.0,1264.43
1778557858.813078,599616177450147620,2520,-797.0,33.0,447.0,914.39
1778557858.853078,599616177490147620,2520,-959.0,22.0,213.0,982.62
1778557858.893078,599616177530147620,2520,-591.0,88.0,653.0,885.12
1778557858.933078,599616177570147620,2520,-917.0,407.0,620.0,1179.38
1778557858.973078,599616177610147620,2520,-1116.0,-89.0,235.0,1143.94
1778557859.013078,599616177650147620,2520,-1086.0,-379.0,247.0,1176.45
1778557859.008093,599616177670119642,2556,-909.0,-357.0,401.0,1055.71
1778557859.048093,599616177710119642,2556,-953.0,-377.0,346.0,1081.69
1778557859.088093,599616177750119642,2556,-1191.0,-141.0,278.0,1231.12
1778557859.128093,599616177790119642,2556,-1190.0,156.0,213.0,1218.94
1778557859.168093,599616177830119642,2556,-1544.0,219.0,381.0,1605.32
1778557859.208093,599616177870119642,2556,-703.0,-59.0,-80.0,709.99
1778557859.248093,599616177910119642,2556,-312.0,-464.0,151.0,579.17
1778557859.288093,599616177950119642,2556,-647.0,-154.0,488.0,824.91
1778557859.328093,599616177990119642,2556,-814.0,312.0,363.0,944.3
1778557859.368093,599616178030119642,2556,-608.0,27.0,-37.0,609.72
1778557859.408093,599616178070119642,2556,-684.0,448.0,62.0,820.0
1778557859.448093,599616178110119642,2556,-201.0,1404.0,562.0,1525.6
1778557859.488093,599616178150119642,2556,-137.0,1493.0,94.0,1502.22
1778557859.528093,599616178190119642,2556,-165.0,623.0,773.0,1006.42
1778557859.568093,599616178230119642,2556,95.0,756.0,170.0,780.68
1778557859.608093,599616178270119642,2556,-11.0,1912.0,-964.0,2141.3
1778557859.648093,599616178310119642,2556,-268.0,1999.0,-779.0,2162.1
1778557859.688093,599616178350119642,2556,-39.0,1854.0,-1438.0,2346.63
1778557859.728093,599616178390119642,2556,-165.0,564.0,-522.0,786.01
1778557859.768093,599616178430119642,2556,-276.0,646.0,-374.0,795.84
1778557859.808093,599616178470119642,2556,-583.0,1229.0,18.0,1360.39
1778557859.848093,599616178510119642,2556,198.0,810.0,770.0,1134.99
1778557859.888093,599616178550119642,2556,5.0,1999.0,937.0,2207.71
1778557859.928093,599616178590119642,2556,107.0,981.0,11.0,986.88
1778557859.968093,599616178630119642,2556,-236.0,-103.0,-25.0,258.71
1778557860.008093,599616178670119642,2556,-244.0,1051.0,427.0,1160.37
1778557860.048093,599616178710119642,2556,71.0,1845.0,232.0,1860.88
1778557860.088093,599616178750119642,2556,-115.0,849.0,103.0,862.92
1778557860.128093,599616178790119642,2556,-1.0,443.0,-35.0,444.38
1778557860.168093,599616178830119642,2556,-347.0,1056.0,-551.0,1240.62
1778557860.208093,599616178870119642,2556,-221.0,1745.0,-617.0,1864.02
1778557860.248093,599616178910119642,2556,-116.0,1038.0,-543.0,1177.18
1778557860.288093,599616178950119642,2556,-56.0,1172.0,-799.0,1419.55
1778557860.328093,599616178990119642,2556,-212.0,787.0,-811.0,1149.8
1778557860.368093,599616179030119642,2556,-91.0,545.0,-796.0,968.98
1778557860.408093,599616179070119642,2556,110.0,1244.0,-481.0,1338.28
1778557860.448300,599616179089878040,2592,-38.0,1068.0,-626.0,1238.52
1778557860.488300,599616179129878040,2592,237.0,982.0,1046.0,1454.17
1778557860.528300,599616179169878040,2592,296.0,529.0,921.0,1102.59
1778557860.568300,599616179209878040,2592,-31.0,1028.0,747.0,1271.12
1778557860.608300,599616179249878040,2592,-220.0,1113.0,-509.0,1243.48
1778557860.648300,599616179289878040,2592,-102.0,546.0,121.0,568.47
1778557860.688300,599616179329878040,2592,-158.0,764.0,162.0,796.81
1778557860.728300,599616179369878040,2592,-550.0,844.0,-54.0,1008.84
1778557860.768300,599616179409878040,2592,-324.0,1008.0,-204.0,1078.27
1778557860.808300,599616179449878040,2592,-110.0,1787.0,39.0,1790.81
1778557860.848300,599616179489878040,2592,-185.0,1272.0,27.0,1285.67
1778557860.888300,599616179529878040,2592,-101.0,319.0,100.0,349.23
1778557860.928300,599616179569878040,2592,-241.0,608.0,-79.0,658.78
1778557860.968300,599616179609878040,2592,-235.0,1553.0,-559.0,1667.19
1778557861.008300,599616179649878040,2592,352.0,1479.0,536.0,1612.03
1778557861.048300,599616179689878040,2592,-114.0,398.0,405.0,579.16
1778557861.088300,599616179729878040,2592,-128.0,437.0,-54.0,458.55
1778557861.128300,599616179769878040,2592,-177.0,596.0,-310.0,694.73
1778557861.168300,599616179809878040,2592,-114.0,1789.0,-185.0,1802.15
1778557861.208300,599616179849878040,2592,-122.0,1233.0,-488.0,1331.66
1778557861.248300,599616179889878040,2592,-56.0,1214.0,-423.0,1286.8
1778557861.288300,599616179929878040,2592,-678.0,776.0,-1033.0,1459.09
1778557861.328300,599616179969878040,2592,-197.0,1529.0,-662.0,1677.76
1778557861.368300,599616180009878040,2592,217.0,1238.0,676.0,1427.13
1778557861.408300,599616180049878040,2592,178.0,385.0,202.0,469.8
1778557861.448300,599616180089878040,2592,-229.0,850.0,278.0,923.16
1778557861.488300,599616180129878040,2592,-119.0,919.0,225.0,953.6
1778557861.528300,599616180169878040,2592,-78.0,989.0,29.0,992.49
1778557861.568300,599616180209878040,2592,42.0,958.0,-305.0,1006.26
1778557861.608300,599616180249878040,2592,111.0,1404.0,-99.0,1411.86
1778557861.648300,599616180289878040,2592,-286.0,1071.0,-390.0,1175.13
1778557861.688300,599616180329878040,2592,-255.0,822.0,-53.0,862.27
1778557861.728300,599616180369878040,2592,-77.0,984.0,-16.0,987.14
1778557861.768300,599616180409878040,2592,1.0,1064.0,1.0,1064.0
1778557861.808300,599616180449878040,2592,-54.0,1068.0,81.0,1072.43
1778557861.848300,599616180489878040,2592,-309.0,852.0,-325.0,962.81
1778557861.843138,599616180508812432,2628,-73.0,933.0,60.0,937.77
1778557861.883138,599616180548812432,2628,-41.0,1111.0,78.0,1114.49
1778557861.923138,599616180588812432,2628,-132.0,1190.0,10.0,1197.34
1778557861.963138,599616180628812432,2628,-57.0,799.0,-186.0,822.34
1778557862.003138,599616180668812432,2628,-71.0,851.0,-201.0,877.29
1778557862.043138,599616180708812432,2628,-78.0,1021.0,18.0,1024.13
1778557862.083138,599616180748812432,2628,-64.0,930.0,-188.0,950.97
1778557862.123138,599616180788812432,2628,-51.0,1156.0,33.0,1157.59
1778557862.163138,599616180828812432,2628,-233.0,1078.0,-163.0,1114.87
1778557862.203138,599616180868812432,2628,-297.0,1029.0,-15.0,1071.11
1778557862.243138,599616180908812432,2628,-264.0,1044.0,71.0,1079.2
1778557862.283138,599616180948812432,2628,-274.0,1017.0,117.0,1059.74
1778557862.323138,599616180988812432,2628,-80.0,960.0,-70.0,965.87
1778557862.363138,599616181028812432,2628,-279.0,857.0,-289.0,946.47
1778557862.403138,599616181068812432,2628,-257.0,848.0,6.0,886.11
1778557862.443138,599616181108812432,2628,-53.0,1190.0,137.0,1199.03
1778557862.483138,599616181148812432,2628,-103.0,1103.0,33.0,1108.29
1778557862.523138,599616181188812432,2628,-191.0,841.0,22.0,862.7
1778557862.563138,599616181228812432,2628,-122.0,786.0,-390.0,885.88
1778557862.603138,599616181268812432,2628,-76.0,977.0,162.0,993.25
1778557862.643138,599616181308812432,2628,-437.0,988.0,210.0,1100.55
1778557862.683138,599616181348812432,2628,-354.0,816.0,-98.0,894.86
1778557862.723138,599616181388812432,2628,-99.0,1210.0,-164.0,1225.07
1778557862.763138,599616181428812432,2628,-131.0,498.0,-52.0,517.56
1778557862.803138,599616181468812432,2628,-85.0,295.0,-228.0,382.41
1778557862.843138,599616181508812432,2628,-194.0,1823.0,-581.0,1923.16
1778557862.883138,599616181548812432,2628,-242.0,1999.0,83.0,2015.3
1778557862.923138,599616181588812432,2628,-73.0,736.0,310.0,801.95
1778557862.963138,599616181628812432,2628,-48.0,869.0,115.0,877.89
1778557863.003138,599616181668812432,2628,-506.0,947.0,157.0,1085.12
1778557863.043138,599616181708812432,2628,-684.0,1050.0,-121.0,1258.97
1778557863.083138,599616181748812432,2628,-299.0,1080.0,9.0,1120.66
1778557863.123138,599616181788812432,2628,-87.0,1137.0,-155.0,1150.81
1778557863.163138,599616181828812432,2628,-283.0,779.0,67.0,831.52
1778557863.203138,599616181868812432,2628,-481.0,848.0,213.0,997.91
1778557863.243138,599616181908812432,2628,-106.0,930.0,-50.0,937.36
1778557863.285336,599616181927502690,2664,-214.0,1046.0,-276.0,1102.76
1778557863.325336,599616181967502690,2664,-88.0,895.0,220.0,925.83
1778557863.365335,599616182007502690,2664,-207.0,850.0,-43.0,875.9
1778557863.405335,599616182047502690,2664,-471.0,450.0,-430.0,780.54
1778557863.445336,599616182087502690,2664,-698.0,1414.0,-524.0,1661.68
1778557863.485336,599616182127502690,2664,-93.0,1121.0,-19.0,1125.01
1778557863.525336,599616182167502690,2664,190.0,736.0,255.0,801.76
1778557863.565336,599616182207502690,2664,-214.0,1342.0,204.0,1374.18
1778557863.605335,599616182247502690,2664,-349.0,961.0,-202.0,1042.17
1778557863.645335,599616182287502690,2664,-284.0,369.0,-428.0,632.46
1778557863.685336,599616182327502690,2664,-200.0,504.0,-193.0,575.56
1778557863.725336,599616182367502690,2664,-330.0,1959.0,-114.0,1989.87
1778557863.765336,599616182407502690,2664,-133.0,833.0,-182.0,862.96
1778557863.805336,599616182447502690,2664,46.0,1387.0,-834.0,1619.09
1778557863.845335,599616182487502690,2664,305.0,1999.0,692.0,2137.26
1778557863.885335,599616182527502690,2664,78.0,1425.0,97.0,1430.43
1778557863.925336,599616182567502690,2664,-127.0,267.0,-351.0,458.93
1778557863.965336,599616182607502690,2664,241.0,355.0,-269.0,506.43
1778557864.005336,599616182647502690,2664,516.0,1026.0,385.0,1211.26
1778557864.045336,599616182687502690,2664,19.0,980.0,-65.0,982.34
1778557864.085335,599616182727502690,2664,-158.0,1130.0,-261.0,1170.46
1778557864.125335,599616182767502690,2664,-298.0,1638.0,1009.0,1946.77
1778557864.165336,599616182807502690,2664,434.0,1057.0,-69.0,1144.71
1778557864.205336,599616182847502690,2664,-167.0,584.0,-1141.0,1292.6
1778557864.245336,599616182887502690,2664,-633.0,946.0,-1007.0,1519.75
1778557864.285336,599616182927502690,2664,126.0,1361.0,-110.0,1371.24
1778557864.325336,599616182967502690,2664,271.0,798.0,-403.0,934.16
1778557864.365335,599616183007502690,2664,-131.0,1392.0,306.0,1431.24
1778557864.405335,599616183047502690,2664,-304.0,-73.0,-457.0,553.71
1778557864.445336,599616183087502690,2664,-24.0,1034.0,-655.0,1224.24
1778557864.485336,599616183127502690,2664,-1088.0,205.0,-385.0,1172.17
1778557864.525336,599616183167502690,2664,-1054.0,218.0,-103.0,1081.23
1778557864.565336,599616183207502690,2664,-945.0,124.0,-103.0,958.65
1778557864.605335,599616183247502690,2664,-617.0,-413.0,-1140.0,1360.46
1778557864.645335,599616183287502690,2664,-519.0,-302.0,-1321.0,1451.07
1778557864.685336,599616183327502690,2664,-2000.0,-231.0,-378.0,2048.47
1778557864.678287,599616183346437108,2700,-983.0,-53.0,145.0,995.05
1778557864.718287,599616183386437108,2700,-578.0,123.0,72.0,595.31
1778557864.758287,599616183426437108,2700,-712.0,-114.0,266.0,768.57
1778557864.798287,599616183466437108,2700,-1471.0,-488.0,-309.0,1580.34
1778557864.838287,599616183506437108,2700,-887.0,241.0,-88.0,923.36
1778557864.878287,599616183546437108,2700,-726.0,-146.0,503.0,895.21
1778557864.918287,599616183586437108,2700,-1256.0,-384.0,-862.0,1571.0
1778557864.958287,599616183626437108,2700,-1117.0,-251.0,-578.0,1282.49
1778557864.998287,599616183666437108,2700,-1116.0,-357.0,-986.0,1531.37
1778557865.038287,599616183706437108,2700,-1014.0,-674.0,-2000.0,2341.47
1778557865.078287,599616183746437108,2700,-982.0,-466.0,-667.0,1275.29
1778557865.118287,599616183786437108,2700,380.0,54.0,1038.0,1106.69
1778557865.158287,599616183826437108,2700,-247.0,-141.0,-1159.0,1193.39
1778557865.198287,599616183866437108,2700,-286.0,-185.0,-1481.0,1519.67
1778557865.238287,599616183906437108,2700,-156.0,-244.0,-844.0,892.3
1778557865.278287,599616183946437108,2700,-599.0,-68.0,-604.0,853.37
1778557865.318287,599616183986437108,2700,-548.0,289.0,-839.0,1042.95
1778557865.358287,599616184026437108,2700,-65.0,-37.0,-1122.0,1124.49
1778557865.398287,599616184066437108,2700,147.0,-662.0,-968.0,1181.9
1778557865.438287,599616184106437108,2700,-16.0,-658.0,-907.0,1120.66
1778557865.478287,599616184146437108,2700,-231.0,-89.0,-875.0,909.34
1778557865.518287,599616184186437108,2700,-256.0,87.0,-1046.0,1080.38
1778557865.558287,599616184226437108,2700,-85.0,-215.0,-805.0,837.54
1778557865.598287,599616184266437108,2700,-94.0,-449.0,-755.0,883.44
1778557865.638287,599616184306437108,2700,-238.0,143.0,-888.0,930.4
1778557865.678287,599616184346437108,2700,-18.0,210.0,-981.0,1003.39
1778557865.718287,599616184386437108,2700,-115.0,-464.0,-1487.0,1561.95
1778557865.758287,599616184426437108,2700,-24.0,-31.0,-936.0,936.82
1778557865.798287,599616184466437108,2700,-179.0,-199.0,-933.0,970.63
1778557865.838287,599616184506437108,2700,-212.0,-181.0,-941.0,981.42
1778557865.878287,599616184546437108,2700,-66.0,-106.0,-952.0,960.15
1778557865.918287,599616184586437108,2700,-45.0,-242.0,-981.0,1011.41
1778557865.958287,599616184626437108,2700,13.0,-176.0,-876.0,893.6
1778557865.998287,599616184666437108,2700,-233.0,-102.0,-1242.0,1267.78
1778557866.038287,599616184706437108,2700,-51.0,-258.0,-815.0,856.38
1778557866.078287,599616184746437108,2700,-232.0,-353.0,-808.0,911.75
1778557866.118118,599616184765402046,2736,-301.0,-139.0,-740.0,810.88
1778557866.158118,599616184805402046,2736,-195.0,126.0,-977.0,1004.21
1778557866.198118,599616184845402046,2736,-160.0,142.0,-1286.0,1303.67
1778557866.238118,599616184885402046,2736,-134.0,13.0,-1236.0,1243.31
1778557866.278118,599616184925402046,2736,-102.0,-167.0,-546.0,580.01
1778557866.318118,599616184965402046,2736,-243.0,-40.0,-573.0,623.68
1778557866.358118,599616185005402046,2736,-280.0,81.0,-571.0,641.09
1778557866.398118,599616185045402046,2736,-262.0,213.0,-1010.0,1064.95
1778557866.438118,599616185085402046,2736,-232.0,240.0,-1007.0,1060.88
1778557866.478118,599616185125402046,2736,-32.0,252.0,-724.0,767.27
1778557866.518118,599616185165402046,2736,-5.0,290.0,-815.0,865.07
1778557866.558118,599616185205402046,2736,107.0,246.0,-821.0,863.72
1778557866.598118,599616185245402046,2736,92.0,582.0,-1240.0,1372.88
1778557866.638118,599616185285402046,2736,-127.0,752.0,-1103.0,1340.99
1778557866.678118,599616185325402046,2736,-59.0,522.0,-970.0,1103.12
1778557866.718118,599616185365402046,2736,28.0,648.0,-965.0,1162.72
1778557866.758118,599616185405402046,2736,-310.0,947.0,-1239.0,1589.98
1778557866.798118,599616185445402046,2736,-123.0,868.0,-769.0,1166.15
1778557866.838118,599616185485402046,2736,143.0,809.0,-267.0,863.84
1778557866.878118,599616185525402046,2736,-27.0,1052.0,-389.0,1121.94
1778557866.918118,599616185565402046,2736,-51.0,984.0,-445.0,1081.15
1778557866.958118,599616185605402046,2736,-50.0,1227.0,-20.0,1228.18
1778557866.998118,599616185645402046,2736,-24.0,1065.0,-234.0,1090.67
1778557867.038118,599616185685402046,2736,-16.0,1015.0,407.0,1093.68
1778557867.078118,599616185725402046,2736,19.0,1313.0,-572.0,1432.31
1778557867.118118,599616185765402046,2736,328.0,1810.0,657.0,1953.29
1778557867.158118,599616185805402046,2736,-88.0,884.0,119.0,896.3
1778557867.198118,599616185845402046,2736,-60.0,969.0,-167.0,985.11
1778557867.238118,599616185885402046,2736,-3.0,947.0,-261.0,982.31
1778557867.278118,599616185925402046,2736,-22.0,848.0,110.0,855.39
1778557867.318118,599616185965402046,2736,20.0,665.0,70.0,668.97
1778557867.358118,599616186005402046,2736,-7.0,514.0,-149.0,535.21
1778557867.398118,599616186045402046,2736,-8.0,973.0,-21.0,973.26
1778557867.438118,599616186085402046,2736,-21.0,1043.0,14.0,1043.31
1778557867.478118,599616186125402046,2736,80.0,1139.0,-20.0,1141.98
1778557867.518118,599616186165402046,2736,81.0,1210.0,66.0,1214.5
1778557867.558429,599616186184031274,2772,-19.0,1132.0,66.0,1134.08
1778557867.598429,599616186224031274,2772,-96.0,1132.0,197.0,1153.02
1778557867.638429,599616186264031274,2772,14.0,1309.0,188.0,1322.51
1778557867.678429,599616186304031274,2772,60.0,1023.0,98.0,1029.43
1778557867.718429,599616186344031274,2772,36.0,992.0,-59.0,994.4
1778557867.758429,599616186384031274,2772,-9.0,942.0,-88.0,946.14
1778557867.798429,599616186424031274,2772,-11.0,946.0,-168.0,960.86
1778557867.838429,599616186464031274,2772,18.0,899.0,-209.0,923.15
1778557867.878429,599616186504031274,2772,14.0,782.0,-225.0,813.85
1778557867.918429,599616186544031274,2772,56.0,1107.0,-369.0,1168.22
1778557867.958429,599616186584031274,2772,18.0,981.0,-232.0,1008.22
1778557867.998429,599616186624031274,2772,70.0,865.0,-278.0,911.27
1778557868.038429,599616186664031274,2772,52.0,1051.0,-214.0,1073.83
1778557868.078429,599616186704031274,2772,92.0,986.0,-103.0,995.62
1778557868.118429,599616186744031274,2772,46.0,997.0,-84.0,1001.59
1778557868.158429,599616186784031274,2772,-49.0,1075.0,-5.0,1076.13
1778557868.198429,599616186824031274,2772,-157.0,1132.0,-112.0,1148.31
1778557868.238429,599616186864031274,2772,-163.0,1067.0,-117.0,1085.7
1778557868.278429,599616186904031274,2772,-17.0,987.0,-34.0,987.73
1778557868.318429,599616186944031274,2772,113.0,980.0,75.0,989.34
1778557868.358429,599616186984031274,2772,82.0,1048.0,79.0,1054.17
1778557868.398429,599616187024031274,2772,-46.0,1073.0,65.0,1075.95
1778557868.438429,599616187064031274,2772,-6.0,848.0,23.0,848.33
1778557868.478429,599616187104031274,2772,-5.0,800.0,-181.0,820.24
1778557868.518429,599616187144031274,2772,24.0,926.0,-44.0,927.36
1778557868.558429,599616187184031274,2772,3.0,942.0,-180.0,959.05
1778557868.598429,599616187224031274,2772,17.0,1046.0,-154.0,1057.41
1778557868.638429,599616187264031274,2772,-13.0,1096.0,-125.0,1103.18
1778557868.678429,599616187304031274,2772,-33.0,1119.0,-76.0,1122.06
1778557868.718429,599616187344031274,2772,-56.0,1110.0,-154.0,1122.03
1778557868.758429,599616187384031274,2772,19.0,967.0,-117.0,974.24
1778557868.798429,599616187424031274,2772,202.0,1062.0,1.0,1081.04
1778557868.838429,599616187464031274,2772,234.0,1055.0,119.0,1087.17
1778557868.878429,599616187504031274,2772,78.0,939.0,101.0,947.63
1778557868.918429,599616187544031274,2772,-21.0,921.0,118.0,928.77
1778557868.958429,599616187584031274,2772,3.0,992.0,45.0,993.02
1778557868.953111,599616187602782580,2808,79.0,878.0,-42.0,882.55
1778557868.993111,599616187642782580,2808,77.0,891.0,-178.0,911.86
1778557869.033111,599616187682782580,2808,26.0,1185.0,-238.0,1208.94
1778557869.073111,599616187722782580,2808,41.0,1085.0,-165.0,1098.24
1778557869.113111,599616187762782580,2808,53.0,1161.0,-226.0,1183.98
1778557869.153111,599616187802782580,2808,40.0,1302.0,-113.0,1307.51
1778557869.193111,599616187842782580,2808,32.0,1079.0,-132.0,1087.52
1778557869.233111,599616187882782580,2808,22.0,1013.0,-164.0,1026.43
1778557869.273111,599616187922782580,2808,-43.0,965.0,-88.0,969.96
1778557869.313111,599616187962782580,2808,-97.0,970.0,-3.0,974.84
1778557869.353112,599616188002782580,2808,-82.0,967.0,-54.0,971.97
1778557869.393111,599616188042782580,2808,44.0,958.0,21.0,959.24
1778557869.433111,599616188082782580,2808,165.0,955.0,254.0,1001.88
1778557869.473111,599616188122782580,2808,7.0,965.0,128.0,973.48
1778557869.513111,599616188162782580,2808,-48.0,888.0,-37.0,890.07
1778557869.553111,599616188202782580,2808,-46.0,949.0,5.0,950.13
1778557869.593112,599616188242782580,2808,-40.0,976.0,-4.0,976.83
1778557869.633111,599616188282782580,2808,11.0,900.0,-11.0,900.13
1778557869.673111,599616188322782580,2808,21.0,884.0,-106.0,890.58
1778557869.713111,599616188362782580,2808,33.0,1048.0,-18.0,1048.67
1778557869.753111,599616188402782580,2808,38.0,1072.0,32.0,1073.15
1778557869.793111,599616188442782580,2808,28.0,979.0,-16.0,979.53
1778557869.833112,599616188482782580,2808,13.0,1060.0,-37.0,1060.73
1778557869.873111,599616188522782580,2808,2.0,1144.0,-76.0,1146.52
1778557869.913111,599616188562782580,2808,-6.0,1065.0,-41.0,1065.81
1778557869.953111,599616188602782580,2808,-5.0,1063.0,-31.0,1063.46
1778557869.993111,599616188642782580,2808,-7.0,1044.0,-41.0,1044.83
1778557870.033111,599616188682782580,2808,-11.0,1017.0,-58.0,1018.71
1778557870.073111,599616188722782580,2808,-17.0,995.0,-47.0,996.25
1778557870.113111,599616188762782580,2808,-11.0,920.0,-54.0,921.65
1778557870.153111,599616188802782580,2808,-14.0,973.0,-135.0,982.42
1778557870.193111,599616188842782580,2808,-9.0,970.0,-116.0,976.95
1778557870.233111,599616188882782580,2808,-10.0,964.0,-130.0,972.78
1778557870.273111,599616188922782580,2808,-12.0,1050.0,-172.0,1064.06
1778557870.313111,599616188962782580,2808,-14.0,1052.0,-164.0,1064.8
1778557870.353112,599616189002782580,2808,-14.0,969.0,-127.0,977.39
1778557870.402403,599616189021350786,2844,-9.0,885.0,-124.0,893.69
1778557870.442403,599616189061350786,2844,-11.0,826.0,-107.0,832.97
1778557870.482403,599616189101350786,2844,26.0,949.0,-122.0,957.16
1778557870.522403,599616189141350786,2844,96.0,1355.0,24.0,1358.61
1778557870.562403,599616189181350786,2844,87.0,1211.0,324.0,1256.61
1778557870.602403,599616189221350786,2844,108.0,900.0,118.0,914.11
1778557870.642403,599616189261350786,2844,-11.0,878.0,-30.0,878.58
1778557870.682403,599616189301350786,2844,-168.0,898.0,-129.0,922.64
1778557870.722403,599616189341350786,2844,-54.0,827.0,73.0,831.97
1778557870.762403,599616189381350786,2844,18.0,1039.0,-24.0,1039.43
1778557870.802403,599616189421350786,2844,-16.0,1204.0,-80.0,1206.76
1778557870.842403,599616189461350786,2844,-69.0,1210.0,71.0,1214.04
1778557870.882403,599616189501350786,2844,-11.0,1080.0,-153.0,1090.84
1778557870.922403,599616189541350786,2844,71.0,1047.0,-81.0,1052.53
1778557870.962403,599616189581350786,2844,36.0,1009.0,-72.0,1012.21
1778557871.002403,599616189621350786,2844,76.0,911.0,-55.0,915.82
1778557871.042403,599616189661350786,2844,32.0,1024.0,-190.0,1041.97
1778557871.082403,599616189701350786,2844,31.0,1076.0,-23.0,1076.69
1778557871.122403,599616189741350786,2844,15.0,985.0,-38.0,985.85
1778557871.162403,599616189781350786,2844,2.0,1066.0,-80.0,1069.0
1778557871.202403,599616189821350786,2844,-30.0,976.0,-52.0,977.84
1778557871.242403,599616189861350786,2844,-52.0,887.0,-115.0,895.93
1778557871.282403,599616189901350786,2844,-46.0,1053.0,-161.0,1066.23
1778557871.322403,599616189941350786,2844,-80.0,977.0,-82.0,983.69
1778557871.362403,599616189981350786,2844,-53.0,981.0,-116.0,989.26
1778557871.402403,599616190021350786,2844,-49.0,992.0,-127.0,1001.3
1778557871.442403,599616190061350786,2844,-23.0,1040.0,-90.0,1044.14
1778557871.482403,599616190101350786,2844,-26.0,998.0,-106.0,1003.95
1778557871.522403,599616190141350786,2844,-17.0,1002.0,-107.0,1007.84
1778557871.562403,599616190181350786,2844,-17.0,972.0,-81.0,975.52
1778557871.602403,599616190221350786,2844,-3.0,997.0,-26.0,997.34
1778557871.642403,599616190261350786,2844,-1.0,1032.0,15.0,1032.11
1778557871.682403,599616190301350786,2844,-1.0,988.0,45.0,989.02
1778557871.722403,599616190341350786,2844,-5.0,979.0,35.0,979.64
1778557871.762403,599616190381350786,2844,-14.0,995.0,48.0,996.26
1778557871.802403,599616190421350786,2844,-13.0,986.0,21.0,986.31
1778557871.796288,599616190440376720,2880,-13.0,982.0,-38.0,982.82
1778557871.836287,599616190480376720,2880,-44.0,964.0,-26.0,965.35
1778557871.876287,599616190520376720,2880,-69.0,953.0,-31.0,956.0
1778557871.916287,599616190560376720,2880,-47.0,951.0,-49.0,953.42
1778557871.956288,599616190600376720,2880,-46.0,997.0,-49.0,999.26
1778557871.996288,599616190640376720,2880,-48.0,1059.0,-25.0,1060.38
1778557872.036288,599616190680376720,2880,-27.0,1079.0,-33.0,1079.84
1778557872.076288,599616190720376720,2880,-16.0,1065.0,-1.0,1065.12
1778557872.116287,599616190760376720,2880,-23.0,990.0,5.0,990.28
1778557872.156287,599616190800376720,2880,-16.0,1041.0,-39.0,1041.85
1778557872.196288,599616190840376720,2880,-15.0,1059.0,-38.0,1059.79
1778557872.236288,599616190880376720,2880,-16.0,1020.0,-24.0,1020.41
1778557872.276288,599616190920376720,2880,-17.0,1029.0,-85.0,1032.64
1778557872.316288,599616190960376720,2880,-36.0,984.0,-69.0,987.07
1778557872.356287,599616191000376720,2880,-47.0,978.0,-104.0,984.64
1778557872.396287,599616191040376720,2880,-62.0,912.0,-128.0,923.02
1778557872.436288,599616191080376720,2880,-64.0,916.0,-125.0,926.7
1778557872.476288,599616191120376720,2880,-40.0,869.0,-98.0,875.42
1778557872.516288,599616191160376720,2880,-12.0,990.0,-109.0,996.05
1778557872.556288,599616191200376720,2880,-13.0,1009.0,-44.0,1010.04
1778557872.596287,599616191240376720,2880,-16.0,993.0,-73.0,995.81
1778557872.636287,599616191280376720,2880,-15.0,1067.0,-119.0,1073.72
1778557872.676288,599616191320376720,2880,-15.0,1127.0,20.0,1127.28
1778557872.716288,599616191360376720,2880,-17.0,1071.0,-57.0,1072.65
1778557872.756288,599616191400376720,2880,-18.0,1033.0,-64.0,1035.14
1778557872.796288,599616191440376720,2880,-35.0,918.0,-27.0,919.06
1778557872.836287,599616191480376720,2880,-28.0,994.0,1.0,994.39
1778557872.876287,599616191520376720,2880,-24.0,999.0,-28.0,999.68
1778557872.916287,599616191560376720,2880,-21.0,987.0,-6.0,987.24
1778557872.956288,599616191600376720,2880,-22.0,981.0,6.0,981.26
1778557872.996288,599616191640376720,2880,-22.0,978.0,25.0,978.57
1778557873.036288,599616191680376720,2880,-18.0,1008.0,20.0,1008.36
1778557873.076288,599616191720376720,2880,-18.0,998.0,6.0,998.18
1778557873.116287,599616191760376720,2880,-18.0,989.0,4.0,989.17
1778557873.156287,599616191800376720,2880,-23.0,1017.0,-10.0,1017.31
1778557873.196288,599616191840376720,2880,-29.0,1043.0,-27.0,1043.75
1778557873.228207,599616191859158568,2916,-21.0,861.0,-22.0,861.54
1778557873.268207,599616191899158568,2916,-31.0,896.0,-63.0,898.75
1778557873.308207,599616191939158568,2916,-17.0,1192.0,-80.0,1194.8
1778557873.348207,599616191979158568,2916,-41.0,1155.0,45.0,1156.6
1778557873.388207,599616192019158568,2916,-46.0,1034.0,-145.0,1045.13
1778557873.428207,599616192059158568,2916,-20.0,1003.0,-128.0,1011.33
1778557873.468207,599616192099158568,2916,-37.0,966.0,-53.0,968.16
1778557873.508207,599616192139158568,2916,-15.0,1014.0,-115.0,1020.61
1778557873.548207,599616192179158568,2916,-26.0,965.0,-73.0,968.11
1778557873.588207,599616192219158568,2916,-20.0,926.0,-48.0,927.46
1778557873.628207,599616192259158568,2916,-29.0,940.0,-96.0,945.33
1778557873.668207,599616192299158568,2916,-65.0,1010.0,-101.0,1017.12
1778557873.708207,599616192339158568,2916,-64.0,985.0,-97.0,991.83
1778557873.748207,599616192379158568,2916,-27.0,1001.0,-31.0,1001.84
1778557873.788207,599616192419158568,2916,-61.0,1240.0,-207.0,1258.64
1778557873.828207,599616192459158568,2916,-4.0,1112.0,27.0,1112.33
1778557873.868207,599616192499158568,2916,-14.0,995.0,-14.0,995.2
1778557873.908207,599616192539158568,2916,-9.0,977.0,-18.0,977.21
1778557873.948207,599616192579158568,2916,2.0,987.0,-10.0,987.05
1778557873.988207,599616192619158568,2916,-21.0,986.0,57.0,987.87
1778557874.028207,599616192659158568,2916,-19.0,960.0,76.0,963.19
1778557874.068207,599616192699158568,2916,-9.0,956.0,31.0,956.54
1778557874.108207,599616192739158568,2916,-3.0,885.0,-3.0,885.01
1778557874.148207,599616192779158568,2916,-14.0,1015.0,-24.0,1015.38
1778557874.188207,599616192819158568,2916,-50.0,1130.0,-51.0,1132.25
1778557874.228207,599616192859158568,2916,-49.0,1008.0,-47.0,1010.28
1778557874.268207,599616192899158568,2916,-55.0,898.0,-69.0,902.32
1778557874.308207,599616192939158568,2916,-66.0,907.0,-76.0,912.57
1778557874.348207,599616192979158568,2916,-46.0,890.0,-27.0,891.6
1778557874.388207,599616193019158568,2916,-16.0,1105.0,-123.0,1111.94
1778557874.428207,599616193059158568,2916,39.0,1026.0,13.0,1026.82
1778557874.468207,599616193099158568,2916,-8.0,1049.0,28.0,1049.4
1778557874.508207,599616193139158568,2916,-9.0,1096.0,-74.0,1098.53
1778557874.548207,599616193179158568,2916,51.0,1102.0,-13.0,1103.26
1778557874.588207,599616193219158568,2916,14.0,1151.0,-59.0,1152.6
1778557874.628207,599616193259158568,2916,73.0,844.0,-76.0,850.55
1778557874.626053,599616193278215032,2952,17.0,933.0,-220.0,958.74
1778557874.666053,599616193318215032,2952,46.0,1003.0,-84.0,1007.56
1778557874.706053,599616193358215032,2952,56.0,1030.0,-60.0,1033.26
1778557874.746053,599616193398215032,2952,51.0,1019.0,-190.0,1037.82
1778557874.786053,599616193438215032,2952,82.0,1052.0,-35.0,1055.77
1778557874.826053,599616193478215032,2952,68.0,1043.0,-98.0,1049.8
1778557874.866053,599616193518215032,2952,53.0,1013.0,-208.0,1035.49
1778557874.906053,599616193558215032,2952,-18.0,1047.0,-236.0,1073.42
1778557874.946053,599616193598215032,2952,-16.0,1007.0,-154.0,1018.83
1778557874.986053,599616193638215032,2952,-102.0,1053.0,-209.0,1078.38
1778557875.026053,599616193678215032,2952,-128.0,977.0,-205.0,1006.45
1778557875.066053,599616193718215032,2952,-85.0,953.0,-141.0,967.12
1778557875.106053,599616193758215032,2952,-41.0,1016.0,-204.0,1037.09
1778557875.146053,599616193798215032,2952,130.0,1030.0,-197.0,1056.7
1778557875.186053,599616193838215032,2952,191.0,988.0,-79.0,1009.39
1778557875.226053,599616193878215032,2952,82.0,970.0,66.0,975.69
1778557875.266053,599616193918215032,2952,12.0,990.0,-126.0,998.06
1778557875.306053,599616193958215032,2952,57.0,992.0,75.0,996.46
1778557875.346053,599616193998215032,2952,33.0,1032.0,31.0,1032.99
1778557875.386053,599616194038215032,2952,33.0,1037.0,23.0,1037.78
1778557875.426053,599616194078215032,2952,36.0,993.0,-17.0,993.8
1778557875.466053,599616194118215032,2952,17.0,1006.0,-42.0,1007.02
1778557875.506053,599616194158215032,2952,8.0,973.0,-43.0,973.98
1778557875.546053,599616194198215032,2952,3.0,1017.0,-103.0,1022.21
1778557875.586053,599616194238215032,2952,7.0,950.0,-79.0,953.3
1778557875.626053,599616194278215032,2952,9.0,981.0,-94.0,985.53
1778557875.666053,599616194318215032,2952,12.0,986.0,-102.0,991.33
1778557875.706053,599616194358215032,2952,-10.0,980.0,-109.0,986.09
1778557875.746053,599616194398215032,2952,-41.0,980.0,-130.0,989.43
1778557875.786053,599616194438215032,2952,-82.0,958.0,-155.0,973.92
1778557875.826053,599616194478215032,2952,-84.0,913.0,-118.0,924.42
1778557875.866053,599616194518215032,2952,-96.0,1026.0,-172.0,1044.74
1778557875.906053,599616194558215032,2952,-74.0,1031.0,-175.0,1048.36
1778557875.946053,599616194598215032,2952,-33.0,1028.0,-126.0,1036.22
1778557875.986053,599616194638215032,2952,-8.0,981.0,-124.0,988.84
1778557876.026053,599616194678215032,2952,12.0,998.0,-111.0,1004.23
1778557876.063470,599616194697240986,2988,21.0,942.0,-116.0,949.35
1778557876.103470,599616194737240986,2988,33.0,1083.0,-121.0,1090.24
1778557876.143470,599616194777240986,2988,42.0,982.0,-26.0,983.24
1778557876.183470,599616194817240986,2988,31.0,989.0,-62.0,991.43
1778557876.223470,599616194857240986,2988,33.0,978.0,-51.0,979.88
1778557876.263470,599616194897240986,2988,24.0,992.0,65.0,994.42
1778557876.303470,599616194937240986,2988,19.0,967.0,97.0,972.04
1778557876.343470,599616194977240986,2988,13.0,923.0,61.0,925.1
1778557876.383470,599616195017240986,2988,6.0,982.0,19.0,982.2
1778557876.423470,599616195057240986,2988,16.0,1075.0,0.0,1075.12
1778557876.463470,599616195097240986,2988,24.0,1089.0,-53.0,1090.55
1778557876.503470,599616195137240986,2988,14.0,988.0,-57.0,989.74
1778557876.543470,599616195177240986,2988,-13.0,1104.0,-88.0,1107.58
1778557876.583470,599616195217240986,2988,6.0,998.0,-88.0,1001.89
1778557876.623470,599616195257240986,2988,-1.0,986.0,-55.0,987.53
1778557876.663470,599616195297240986,2988,-2.0,959.0,-75.0,961.93
1778557876.703470,599616195337240986,2988,-1.0,969.0,-59.0,970.8
1778557876.743470,599616195377240986,2988,-16.0,1043.0,-107.0,1048.6
1778557876.783470,599616195417240986,2988,-10.0,980.0,-53.0,981.48
1778557876.823470,599616195457240986,2988,-19.0,997.0,-42.0,998.07
1778557876.863470,599616195497240986,2988,-14.0,977.0,-57.0,978.76
1778557876.903470,599616195537240986,2988,-15.0,982.0,-23.0,982.38
1778557876.943470,599616195577240986,2988,-14.0,929.0,-7.0,929.13
1778557876.983470,599616195617240986,2988,-17.0,994.0,-37.0,994.83
1778557877.023470,599616195657240986,2988,-15.0,913.0,-59.0,915.03
1778557877.063470,599616195697240986,2988,4.0,1057.0,-44.0,1057.92
1778557877.103470,599616195737240986,2988,-18.0,1102.0,-92.0,1105.98
1778557877.143470,599616195777240986,2988,-5.0,978.0,-89.0,982.05
1778557877.183470,599616195817240986,2988,0.0,971.0,-66.0,973.24
1778557877.223470,599616195857240986,2988,2.0,993.0,-15.0,993.12
1778557877.263470,599616195897240986,2988,0.0,1012.0,-61.0,1013.84
1778557877.303470,599616195937240986,2988,-8.0,1059.0,-24.0,1059.3
1778557877.343470,599616195977240986,2988,-19.0,1070.0,-6.0,1070.19
1778557877.383470,599616196017240986,2988,-16.0,1052.0,2.0,1052.12
1778557877.423470,599616196057240986,2988,-20.0,1044.0,-9.0,1044.23
1778557877.463470,599616196097240986,2988,-13.0,1003.0,14.0,1003.18
1778557877.458192,599616196116175402,3024,-13.0,978.0,9.0,978.13
1778557877.498192,599616196156175402,3024,-14.0,982.0,-12.0,982.17
1778557877.538192,599616196196175402,3024,-10.0,961.0,-14.0,961.15
1778557877.578192,599616196236175402,3024,-7.0,976.0,-35.0,976.65
1778557877.618192,599616196276175402,3024,9.0,969.0,-48.0,970.23
1778557877.658192,599616196316175402,3024,13.0,981.0,-53.0,982.52
1778557877.698192,599616196356175402,3024,13.0,1035.0,-71.0,1037.51
1778557877.738192,599616196396175402,3024,16.0,1053.0,-77.0,1055.93
1778557877.778192,599616196436175402,3024,23.0,1025.0,-37.0,1025.93
1778557877.818192,599616196476175402,3024,22.0,996.0,-18.0,996.41
1778557877.858192,599616196516175402,3024,13.0,987.0,-20.0,987.29
1778557877.898192,599616196556175402,3024,1.0,986.0,-17.0,986.15
1778557877.938192,599616196596175402,3024,3.0,979.0,-19.0,979.19
1778557877.978192,599616196636175402,3024,8.0,972.0,-24.0,972.33
1778557878.018192,599616196676175402,3024,3.0,975.0,-34.0,975.6
1778557878.058192,599616196716175402,3024,4.0,971.0,-41.0,971.87
1778557878.098192,599616196756175402,3024,1.0,981.0,-64.0,983.09
1778557878.138192,599616196796175402,3024,-1.0,984.0,-69.0,986.42
1778557878.178192,599616196836175402,3024,-8.0,1014.0,-99.0,1018.85
1778557878.218192,599616196876175402,3024,-13.0,1035.0,-116.0,1041.56
1778557878.258192,599616196916175402,3024,-16.0,1026.0,-110.0,1032.0
1778557878.298192,599616196956175402,3024,-16.0,987.0,-101.0,992.28
1778557878.338192,599616196996175402,3024,-14.0,959.0,-98.0,964.1
1778557878.378192,599616197036175402,3024,-8.0,908.0,-71.0,910.81
1778557878.418192,599616197076175402,3024,10.0,876.0,-63.0,878.32
1778557878.458192,599616197116175402,3024,44.0,933.0,-38.0,934.81
1778557878.498192,599616197156175402,3024,52.0,986.0,10.0,987.42
1778557878.538192,599616197196175402,3024,41.0,977.0,5.0,977.87
1778557878.578192,599616197236175402,3024,38.0,988.0,-31.0,989.22
1778557878.618192,599616197276175402,3024,44.0,1051.0,-60.0,1053.63
1778557878.658192,599616197316175402,3024,52.0,1103.0,-52.0,1105.45
1778557878.698192,599616197356175402,3024,42.0,1058.0,-23.0,1059.08
1778557878.738192,599616197396175402,3024,33.0,1097.0,-37.0,1098.12
1778557878.778192,599616197436175402,3024,31.0,1138.0,-58.0,1139.9
1778557878.818192,599616197476175402,3024,50.0,1120.0,-27.0,1121.44
1778557878.858192,599616197516175402,3024,46.0,1216.0,-47.0,1217.78
1778557878.899196,599616197535476040,3060,325.0,940.0,-235.0,1021.98
1778557878.939196,599616197575476040,3060,1145.0,1111.0,743.0,1759.94
1778557878.979196,599616197615476040,3060,495.0,951.0,-116.0,1078.37
1778557879.019196,599616197655476040,3060,22.0,696.0,176.0,718.25
1778557879.059196,599616197695476040,3060,73.0,1248.0,-279.0,1280.89
1778557879.099196,599616197735476040,3060,110.0,821.0,291.0,877.96
1778557879.139196,599616197775476040,3060,26.0,1076.0,-196.0,1094.01
1778557879.179196,599616197815476040,3060,-19.0,819.0,127.0,829.01
1778557879.219196,599616197855476040,3060,-138.0,941.0,126.0,959.38
1778557879.259196,599616197895476040,3060,135.0,894.0,541.0,1053.63
1778557879.299196,599616197935476040,3060,56.0,763.0,379.0,853.78
1778557879.339196,599616197975476040,3060,56.0,869.0,571.0,1041.32
1778557879.379196,599616198015476040,3060,33.0,924.0,551.0,1076.32
1778557879.419196,599616198055476040,3060,40.0,817.0,484.0,950.44
1778557879.459196,599616198095476040,3060,56.0,829.0,415.0,928.76
1778557879.499196,599616198135476040,3060,105.0,985.0,590.0,1152.97
1778557879.539196,599616198175476040,3060,32.0,987.0,555.0,1132.79
1778557879.579196,599616198215476040,3060,62.0,1018.0,685.0,1228.57
1778557879.619196,599616198255476040,3060,96.0,699.0,518.0,875.29
1778557879.659196,599616198295476040,3060,42.0,877.0,568.0,1045.71
1778557879.699196,599616198335476040,3060,75.0,827.0,548.0,994.92
1778557879.739196,599616198375476040,3060,53.0,925.0,297.0,972.96
1778557879.779196,599616198415476040,3060,27.0,905.0,301.0,954.13
1778557879.819196,599616198455476040,3060,21.0,977.0,232.0,1004.39
1778557879.859196,599616198495476040,3060,43.0,980.0,229.0,1007.32
1778557879.899196,599616198535476040,3060,42.0,954.0,327.0,1009.36
1778557879.939196,599616198575476040,3060,45.0,953.0,454.0,1056.57
1778557879.979196,599616198615476040,3060,62.0,915.0,544.0,1066.3
1778557880.019196,599616198655476040,3060,40.0,862.0,507.0,1000.85
1778557880.059196,599616198695476040,3060,43.0,874.0,424.0,972.37
1778557880.099196,599616198735476040,3060,47.0,954.0,345.0,1015.55
1778557880.139196,599616198775476040,3060,67.0,973.0,405.0,1056.05
1778557880.179196,599616198815476040,3060,63.0,930.0,261.0,967.98
1778557880.219196,599616198855476040,3060,50.0,839.0,291.0,889.44
1778557880.259196,599616198895476040,3060,50.0,883.0,381.0,962.99
1778557880.299196,599616198935476040,3060,69.0,926.0,471.0,1041.19
1778557880.296287,599616198954898742,3096,67.0,974.0,481.0,1088.36
1778557880.336287,599616198994898742,3096,64.0,947.0,490.0,1068.18
1778557880.376287,599616199034898742,3096,39.0,891.0,419.0,985.37
1778557880.416287,599616199074898742,3096,48.0,948.0,416.0,1036.37
1778557880.456287,599616199114898742,3096,57.0,990.0,453.0,1090.21
1778557880.496287,599616199154898742,3096,71.0,987.0,396.0,1065.85
1778557880.536287,599616199194898742,3096,66.0,917.0,389.0,998.28
1778557880.576287,599616199234898742,3096,66.0,807.0,341.0,878.57
1778557880.616287,599616199274898742,3096,83.0,849.0,318.0,910.39
1778557880.656287,599616199314898742,3096,91.0,976.0,405.0,1060.6
1778557880.696287,599616199354898742,3096,79.0,1045.0,453.0,1141.7
1778557880.736287,599616199394898742,3096,62.0,930.0,428.0,1025.64
1778557880.776287,599616199434898742,3096,43.0,821.0,424.0,925.02
1778557880.816287,599616199474898742,3096,62.0,841.0,424.0,943.88
1778557880.856287,599616199514898742,3096,69.0,914.0,398.0,999.28
1778557880.896287,599616199554898742,3096,71.0,982.0,377.0,1054.27
1778557880.936287,599616199594898742,3096,77.0,988.0,385.0,1063.15
1778557880.976287,599616199634898742,3096,88.0,974.0,358.0,1041.43
1778557881.016287,599616199674898742,3096,88.0,913.0,380.0,992.83
1778557881.056287,599616199714898742,3096,83.0,903.0,392.0,987.91
1778557881.096287,599616199754898742,3096,83.0,906.0,413.0,999.15
1778557881.136287,599616199794898742,3096,83.0,975.0,404.0,1058.65
1778557881.176287,599616199834898742,3096,91.0,990.0,417.0,1078.09
1778557881.216287,599616199874898742,3096,89.0,917.0,358.0,988.42
1778557881.256287,599616199914898742,3096,94.0,859.0,304.0,916.04
1778557881.296287,599616199954898742,3096,85.0,905.0,306.0,959.11
1778557881.336287,599616199994898742,3096,82.0,934.0,338.0,996.66
1778557881.376287,599616200034898742,3096,73.0,973.0,369.0,1043.18
1778557881.416287,599616200074898742,3096,75.0,980.0,402.0,1061.9
1778557881.456287,599616200114898742,3096,87.0,978.0,387.0,1055.38
1778557881.496287,599616200154898742,3096,96.0,935.0,387.0,1016.47
1778557881.536287,599616200194898742,3096,93.0,929.0,330.0,990.25
1778557881.576287,599616200234898742,3096,88.0,916.0,340.0,981.02
1778557881.616287,599616200274898742,3096,89.0,903.0,298.0,955.06
1778557881.656287,599616200314898742,3096,92.0,924.0,337.0,987.83
1778557881.696287,599616200354898742,3096,93.0,943.0,325.0,1001.76
1778557881.733352,599616200374138308,3132,93.0,985.0,363.0,1053.87
1778557881.773352,599616200414138308,3132,107.0,976.0,387.0,1055.36
1778557881.813352,599616200454138308,3132,129.0,926.0,351.0,998.66
1778557881.853352,599616200494138308,3132,123.0,844.0,306.0,906.15
1778557881.893352,599616200534138308,3132,98.0,816.0,250.0,859.05
1778557881.933352,599616200574138308,3132,101.0,938.0,304.0,991.19
1778557881.973352,599616200614138308,3132,104.0,1067.0,379.0,1137.08
1778557882.013352,599616200654138308,3132,100.0,1124.0,455.0,1216.72
1778557882.053352,599616200694138308,3132,79.0,956.0,415.0,1045.18
1778557882.093352,599616200734138308,3132,70.0,814.0,302.0,871.03
1778557882.133352,599616200774138308,3132,90.0,955.0,419.0,1046.75
1778557882.173352,599616200814138308,3132,106.0,1024.0,463.0,1128.8
1778557882.213352,599616200854138308,3132,126.0,970.0,260.0,1012.11
1778557882.253352,599616200894138308,3132,164.0,823.0,177.0,857.64
1778557882.293352,599616200934138308,3132,156.0,989.0,205.0,1022.0
1778557882.333352,599616200974138308,3132,116.0,1018.0,362.0,1086.66
1778557882.373352,599616201014138308,3132,119.0,937.0,328.0,999.86
1778557882.413352,599616201054138308,3132,134.0,853.0,317.0,919.81
1778557882.453352,599616201094138308,3132,142.0,919.0,301.0,977.41
1778557882.493352,599616201134138308,3132,129.0,986.0,333.0,1048.68
1778557882.533352,599616201174138308,3132,114.0,905.0,230.0,940.7
1778557882.573352,599616201214138308,3132,145.0,1032.0,244.0,1070.32
1778557882.613352,599616201254138308,3132,104.0,1012.0,375.0,1084.24
1778557882.653352,599616201294138308,3132,109.0,974.0,369.0,1047.24
1778557882.693352,599616201334138308,3132,135.0,992.0,403.0,1079.21
1778557882.733352,599616201374138308,3132,140.0,1025.0,417.0,1115.4
1778557882.773352,599616201414138308,3132,114.0,954.0,322.0,1013.31
1778557882.813352,599616201454138308,3132,72.0,832.0,232.0,866.74
1778557882.853352,599616201494138308,3132,91.0,873.0,165.0,893.1
1778557882.893352,599616201534138308,3132,111.0,1017.0,238.0,1050.36
1778557882.933352,599616201574138308,3132,103.0,988.0,266.0,1028.35
1778557882.973352,599616201614138308,3132,145.0,892.0,264.0,941.48
1778557883.013352,599616201654138308,3132,153.0,927.0,259.0,974.59
1778557883.053352,599616201694138308,3132,134.0,1030.0,297.0,1080.31
1778557883.093352,599616201734138308,3132,138.0,969.0,324.0,1031.01
1778557883.133352,599616201774138308,3132,121.0,939.0,271.0,984.79
1778557883.128543,599616201793744126,3168,111.0,846.0,290.0,901.19
1778557883.168543,599616201833744126,3168,95.0,838.0,180.0,862.36
1778557883.208543,599616201873744126,3168,104.0,873.0,175.0,896.42
1778557883.248543,599616201913744126,3168,131.0,1025.0,200.0,1052.51
1778557883.288543,599616201953744126,3168,171.0,1069.0,286.0,1119.73
1778557883.328543,599616201993744126,3168,171.0,997.0,278.0,1049.06
1778557883.368543,599616202033744126,3168,175.0,975.0,336.0,1046.01
1778557883.408543,599616202073744126,3168,141.0,927.0,242.0,968.39
1778557883.448543,599616202113744126,3168,107.0,964.0,191.0,988.55
1778557883.488543,599616202153744126,3168,130.0,996.0,216.0,1027.41
1778557883.528543,599616202193744126,3168,152.0,966.0,223.0,1002.99
1778557883.568543,599616202233744126,3168,151.0,982.0,252.0,1025.0
1778557883.608543,599616202273744126,3168,153.0,991.0,280.0,1041.1
1778557883.648543,599616202313744126,3168,145.0,946.0,291.0,1000.31
1778557883.688543,599616202353744126,3168,172.0,983.0,254.0,1029.75
1778557883.728543,599616202393744126,3168,182.0,1054.0,337.0,1121.43
1778557883.768543,599616202433744126,3168,203.0,1033.0,403.0,1127.26
1778557883.808543,599616202473744126,3168,158.0,976.0,220.0,1012.89
1778557883.848543,599616202513744126,3168,87.0,848.0,260.0,891.22
1778557883.888543,599616202553744126,3168,78.0,742.0,188.0,769.41
1778557883.928543,599616202593744126,3168,145.0,841.0,208.0,878.39
1778557883.968543,599616202633744126,3168,164.0,934.0,252.0,981.2
1778557884.008543,599616202673744126,3168,187.0,984.0,263.0,1035.56
1778557884.048543,599616202713744126,3168,211.0,980.0,268.0,1037.66
1778557884.088543,599616202753744126,3168,169.0,976.0,298.0,1034.38
1778557884.128543,599616202793744126,3168,108.0,996.0,345.0,1059.58
1778557884.168543,599616202833744126,3168,67.0,930.0,331.0,989.42
1778557884.208543,599616202873744126,3168,78.0,973.0,319.0,1026.92
1778557884.248543,599616202913744126,3168,89.0,1003.0,339.0,1062.47
1778557884.288543,599616202953744126,3168,221.0,956.0,300.0,1026.05
1778557884.328543,599616202993744126,3168,193.0,888.0,269.0,947.71
1778557884.368543,599616203033744126,3168,114.0,947.0,308.0,1002.33
1778557884.408543,599616203073744126,3168,96.0,956.0,275.0,999.39
1778557884.448543,599616203113744126,3168,114.0,989.0,320.0,1045.71
1778557884.488543,599616203153744126,3168,120.0,923.0,258.0,965.86
1778557884.528543,599616203193744126,3168,99.0,898.0,199.0,925.1
1778557884.569021,599616203213960312,3204,107.0,981.0,219.0,1010.83
1778557884.609021,599616203253960312,3204,107.0,1119.0,338.0,1173.82
1778557884.649021,599616203293960312,3204,44.0,990.0,287.0,1031.7
1778557884.689021,599616203333960312,3204,25.0,797.0,158.0,812.89
1778557884.729021,599616203373960312,3204,66.0,965.0,216.0,991.08
1778557884.769021,599616203413960312,3204,142.0,1103.0,408.0,1184.58
1778557884.809021,599616203453960312,3204,110.0,943.0,177.0,965.75
1778557884.849021,599616203493960312,3204,101.0,945.0,222.0,975.97
1778557884.889021,599616203533960312,3204,106.0,1003.0,231.0,1034.7
1778557884.929021,599616203573960312,3204,86.0,990.0,334.0,1048.36
1778557884.969021,599616203613960312,3204,83.0,954.0,240.0,987.22
1778557885.009021,599616203653960312,3204,91.0,942.0,236.0,975.37
1778557885.049021,599616203693960312,3204,100.0,950.0,191.0,974.16
1778557885.089021,599616203733960312,3204,93.0,983.0,230.0,1013.82
1778557885.129021,599616203773960312,3204,95.0,1015.0,260.0,1052.07
1778557885.169021,599616203813960312,3204,98.0,958.0,261.0,997.74
1778557885.209021,599616203853960312,3204,93.0,924.0,221.0,954.6
1778557885.249021,599616203893960312,3204,92.0,962.0,219.0,990.89
1778557885.289021,599616203933960312,3204,112.0,999.0,216.0,1028.2
1778557885.329021,599616203973960312,3204,114.0,1003.0,241.0,1037.83
1778557885.369021,599616204013960312,3204,95.0,909.0,233.0,943.18
1778557885.409021,599616204053960312,3204,89.0,970.0,232.0,1001.32
1778557885.449021,599616204093960312,3204,116.0,1005.0,252.0,1042.59
1778557885.489021,599616204133960312,3204,121.0,978.0,234.0,1012.86
1778557885.529021,599616204173960312,3204,90.0,978.0,239.0,1010.79
1778557885.569021,599616204213960312,3204,99.0,975.0,238.0,1008.5
1778557885.609021,599616204253960312,3204,86.0,978.0,291.0,1023.99
1778557885.649021,599616204293960312,3204,76.0,975.0,261.0,1012.19
1778557885.689021,599616204333960312,3204,96.0,955.0,223.0,985.38
1778557885.729021,599616204373960312,3204,94.0,942.0,195.0,966.55
1778557885.769021,599616204413960312,3204,66.0,1028.0,229.0,1055.26
1778557885.809021,599616204453960312,3204,25.0,953.0,243.0,983.81
1778557885.849021,599616204493960312,3204,33.0,976.0,231.0,1003.51
1778557885.889021,599616204533960312,3204,89.0,957.0,295.0,1005.38
1778557885.929021,599616204573960312,3204,82.0,1021.0,312.0,1070.75
1778557885.969021,599616204613960312,3204,39.0,1026.0,294.0,1068.0
1778557885.964087,599616204633444022,3240,38.0,1024.0,265.0,1058.42
1778557886.004087,599616204673444022,3240,23.0,833.0,103.0,839.66
1778557886.044087,599616204713444022,3240,-37.0,892.0,32.0,893.34
1778557886.084087,599616204753444022,3240,-49.0,958.0,122.0,966.98
1778557886.124087,599616204793444022,3240,-60.0,1024.0,92.0,1029.87
1778557886.164087,599616204833444022,3240,-28.0,1005.0,91.0,1009.5
1778557886.204087,599616204873444022,3240,0.0,1006.0,192.0,1024.16
1778557886.244087,599616204913444022,3240,66.0,1039.0,345.0,1096.77
1778557886.284087,599616204953444022,3240,35.0,1020.0,385.0,1090.8
1778557886.324087,599616204993444022,3240,-31.0,875.0,230.0,905.25
1778557886.364087,599616205033444022,3240,-37.0,931.0,120.0,939.43
1778557886.404087,599616205073444022,3240,-18.0,1008.0,134.0,1017.03
1778557886.444087,599616205113444022,3240,19.0,1005.0,113.0,1011.51
1778557886.484087,599616205153444022,3240,41.0,1024.0,123.0,1032.18
1778557886.524087,599616205193444022,3240,27.0,1002.0,227.0,1027.75
1778557886.564087,599616205233444022,3240,18.0,979.0,245.0,1009.35
1778557886.604087,599616205273444022,3240,3.0,953.0,224.0,978.98
1778557886.644087,599616205313444022,3240,17.0,977.0,197.0,996.81
1778557886.684087,599616205353444022,3240,51.0,1030.0,177.0,1046.34
1778557886.724087,599616205393444022,3240,47.0,1011.0,141.0,1021.87
1778557886.764087,599616205433444022,3240,26.0,964.0,110.0,970.6
1778557886.804087,599616205473444022,3240,27.0,1000.0,163.0,1013.56
1778557886.844087,599616205513444022,3240,-13.0,978.0,247.0,1008.79
1778557886.884087,599616205553444022,3240,-14.0,950.0,228.0,977.08
1778557886.924087,599616205593444022,3240,-23.0,971.0,220.0,995.88
1778557886.964087,599616205633444022,3240,-11.0,1007.0,240.0,1035.26
1778557887.004087,599616205673444022,3240,7.0,1017.0,216.0,1039.71
1778557887.044087,599616205713444022,3240,20.0,1018.0,215.0,1040.65
1778557887.084087,599616205753444022,3240,-7.0,1020.0,237.0,1047.2
1778557887.124087,599616205793444022,3240,-19.0,951.0,247.0,982.74
1778557887.164087,599616205833444022,3240,-45.0,907.0,212.0,932.53
1778557887.204087,599616205873444022,3240,-23.0,947.0,312.0,997.34
1778557887.244087,599616205913444022,3240,-11.0,992.0,313.0,1040.27
1778557887.284087,599616205953444022,3240,64.0,937.0,205.0,961.3
1778557887.324087,599616205993444022,3240,65.0,960.0,200.0,982.76
1778557887.364087,599616206033444022,3240,45.0,970.0,231.0,998.14
1778557887.403404,599616206053171908,3276,64.0,980.0,246.0,1012.43
1778557887.443404,599616206093171908,3276,67.0,979.0,241.0,1010.45
1778557887.483404,599616206133171908,3276,45.0,953.0,297.0,999.22
1778557887.523404,599616206173171908,3276,62.0,967.0,258.0,1002.74
1778557887.563404,599616206213171908,3276,55.0,970.0,248.0,1002.71
1778557887.603404,599616206253171908,3276,34.0,975.0,235.0,1003.5
1778557887.643404,599616206293171908,3276,55.0,985.0,215.0,1009.69
1778557887.683404,599616206333171908,3276,67.0,988.0,235.0,1017.77
1778557887.723404,599616206373171908,3276,66.0,984.0,258.0,1019.4
1778557887.763404,599616206413171908,3276,35.0,963.0,258.0,997.58
1778557887.803404,599616206453171908,3276,41.0,939.0,278.0,980.15
1778557887.843404,599616206493171908,3276,64.0,935.0,242.0,967.93
1778557887.883404,599616206533171908,3276,80.0,1000.0,233.0,1029.9
1778557887.923404,599616206573171908,3276,87.0,1077.0,305.0,1122.73
1778557887.963404,599616206613171908,3276,74.0,951.0,246.0,985.09
1778557888.003404,599616206653171908,3276,65.0,885.0,211.0,912.12
1778557888.043404,599616206693171908,3276,53.0,945.0,265.0,982.88
1778557888.083404,599616206733171908,3276,26.0,998.0,288.0,1039.05
1778557888.123404,599616206773171908,3276,27.0,996.0,254.0,1028.23
1778557888.163404,599616206813171908,3276,14.0,951.0,267.0,987.87
1778557888.203404,599616206853171908,3276,47.0,971.0,273.0,1009.74
1778557888.243404,599616206893171908,3276,43.0,971.0,294.0,1015.44
1778557888.283404,599616206933171908,3276,7.0,944.0,272.0,982.43
1778557888.323404,599616206973171908,3276,28.0,977.0,252.0,1009.36
1778557888.363404,599616207013171908,3276,-2.0,982.0,288.0,1023.36
1778557888.403404,599616207053171908,3276,28.0,980.0,261.0,1014.55
1778557888.443404,599616207093171908,3276,33.0,951.0,267.0,988.32
1778557888.483404,599616207133171908,3276,31.0,979.0,319.0,1030.13
1778557888.523404,599616207173171908,3276,23.0,961.0,308.0,1009.41
1778557888.563404,599616207213171908,3276,35.0,974.0,285.0,1015.44
1778557888.603404,599616207253171908,3276,28.0,981.0,298.0,1025.65
1778557888.643404,599616207293171908,3276,27.0,971.0,264.0,1006.61
1778557888.683404,599616207333171908,3276,37.0,939.0,229.0,967.23
1778557888.723404,599616207373171908,3276,52.0,964.0,250.0,997.25
1778557888.763404,599616207413171908,3276,54.0,982.0,279.0,1022.29
1778557888.803404,599616207453171908,3276,43.0,985.0,291.0,1027.99
1778557888.843645,599616207472503066,3312,24.0,973.0,296.0,1017.31
1778557888.883645,599616207512503066,3312,28.0,956.0,292.0,999.99
1778557888.923645,599616207552503066,3312,34.0,938.0,267.0,975.85
1778557888.963645,599616207592503066,3312,57.0,963.0,246.0,995.56
1778557889.003645,599616207632503066,3312,61.0,1002.0,304.0,1048.88
1778557889.043645,599616207672503066,3312,56.0,961.0,264.0,998.17
1778557889.083645,599616207712503066,3312,87.0,969.0,239.0,1001.82
1778557889.123645,599616207752503066,3312,41.0,955.0,282.0,996.61
1778557889.163645,599616207792503066,3312,58.0,981.0,253.0,1014.76
1778557889.203645,599616207832503066,3312,36.0,988.0,278.0,1027.0
1778557889.243645,599616207872503066,3312,30.0,967.0,282.0,1007.73
1778557889.283645,599616207912503066,3312,68.0,962.0,258.0,998.31
1778557889.323645,599616207952503066,3312,76.0,955.0,292.0,1001.53
1778557889.363645,599616207992503066,3312,71.0,974.0,282.0,1016.48
1778557889.403645,599616208032503066,3312,45.0,977.0,257.0,1011.24
1778557889.443645,599616208072503066,3312,59.0,999.0,289.0,1041.63
1778557889.483645,599616208112503066,3312,39.0,981.0,260.0,1015.62
1778557889.523645,599616208152503066,3312,-5.0,931.0,226.0,958.05
1778557889.563645,599616208192503066,3312,31.0,991.0,275.0,1028.92
1778557889.603645,599616208232503066,3312,40.0,1030.0,303.0,1074.39
1778557889.643645,599616208272503066,3312,53.0,1002.0,268.0,1038.57
1778557889.683645,599616208312503066,3312,47.0,958.0,225.0,985.19
1778557889.723645,599616208352503066,3312,23.0,953.0,240.0,983.02
1778557889.763645,599616208392503066,3312,22.0,943.0,238.0,972.82
1778557889.803645,599616208432503066,3312,25.0,1003.0,210.0,1025.05
1778557889.843645,599616208472503066,3312,13.0,985.0,212.0,1007.64
1778557889.883645,599616208512503066,3312,23.0,1013.0,233.0,1039.71
1778557889.923645,599616208552503066,3312,20.0,907.0,222.0,933.99
1778557889.963645,599616208592503066,3312,26.0,980.0,198.0,1000.14
1778557890.003645,599616208632503066,3312,40.0,977.0,254.0,1010.27
1778557890.043645,599616208672503066,3312,20.0,943.0,181.0,960.42
1778557890.083645,599616208712503066,3312,38.0,1008.0,231.0,1034.83
1778557890.123645,599616208752503066,3312,11.0,983.0,203.0,1003.8
1778557890.163645,599616208792503066,3312,2.0,920.0,208.0,943.22
1778557890.203645,599616208832503066,3312,7.0,929.0,197.0,949.68
1778557890.243645,599616208872503066,3312,19.0,1035.0,211.0,1056.46
1778557890.238632,599616208892261458,3348,23.0,1010.0,228.0,1035.67
1778557890.278632,599616208932261458,3348,-6.0,974.0,204.0,995.15
1778557890.318632,599616208972261458,3348,43.0,1081.0,205.0,1101.11
1778557890.358632,599616209012261458,3348,50.0,1036.0,210.0,1058.25
1778557890.398632,599616209052261458,3348,33.0,898.0,142.0,909.76
1778557890.438632,599616209092261458,3348,42.0,974.0,185.0,992.3
1778557890.478632,599616209132261458,3348,52.0,1002.0,225.0,1028.27
1778557890.518632,599616209172261458,3348,24.0,942.0,195.0,962.27
1778557890.558632,599616209212261458,3348,43.0,973.0,244.0,1004.05
1778557890.598632,599616209252261458,3348,21.0,938.0,215.0,962.55
1778557890.638632,599616209292261458,3348,17.0,948.0,198.0,968.61
1778557890.678632,599616209332261458,3348,27.0,1010.0,231.0,1036.43
1778557890.718632,599616209372261458,3348,20.0,986.0,217.0,1009.79
1778557890.758632,599616209412261458,3348,14.0,1007.0,214.0,1029.58
1778557890.798632,599616209452261458,3348,18.0,971.0,202.0,991.95
1778557890.838632,599616209492261458,3348,0.0,956.0,172.0,971.35
1778557890.878632,599616209532261458,3348,8.0,1026.0,235.0,1052.6
1778557890.918632,599616209572261458,3348,11.0,1020.0,219.0,1043.3
1778557890.958632,599616209612261458,3348,1.0,991.0,174.0,1006.16
1778557890.998632,599616209652261458,3348,17.0,1049.0,220.0,1071.96
1778557891.038632,599616209692261458,3348,10.0,1013.0,201.0,1032.8
1778557891.078632,599616209732261458,3348,7.0,919.0,131.0,928.32
1778557891.118632,599616209772261458,3348,39.0,943.0,140.0,954.13
1778557891.158632,599616209812261458,3348,4.0,1010.0,157.0,1022.14
1778557891.198632,599616209852261458,3348,25.0,885.0,102.0,891.21
1778557891.238632,599616209892261458,3348,42.0,1037.0,100.0,1042.66
1778557891.278632,599616209932261458,3348,5.0,1105.0,194.0,1121.91
1778557891.318632,599616209972261458,3348,12.0,929.0,203.0,951.0
1778557891.358632,599616210012261458,3348,-4.0,986.0,133.0,994.94
1778557891.398632,599616210052261458,3348,4.0,954.0,255.0,987.5
1778557891.438632,599616210092261458,3348,-8.0,1021.0,166.0,1034.44
1778557891.478632,599616210132261458,3348,24.0,1006.0,200.0,1025.97
1778557891.518632,599616210172261458,3348,-10.0,1000.0,135.0,1009.12
1778557891.558632,599616210212261458,3348,1.0,1075.0,189.0,1091.49
1778557891.598632,599616210252261458,3348,-2.0,1006.0,194.0,1024.54
1778557891.638632,599616210292261458,3348,16.0,1014.0,176.0,1029.29
1778557891.679178,599616210311317926,3384,29.0,975.0,238.0,1004.05
1778557891.719178,599616210351317926,3384,23.0,892.0,176.0,909.49
1778557891.759178,599616210391317926,3384,12.0,945.0,28.0,945.49
1778557891.799178,599616210431317926,3384,-2.0,1006.0,152.0,1017.42
1778557891.839179,599616210471317926,3384,-25.0,1038.0,125.0,1045.8
1778557891.879179,599616210511317926,3384,-33.0,959.0,70.0,962.12
1778557891.919178,599616210551317926,3384,-30.0,1010.0,149.0,1021.37
1778557891.959178,599616210591317926,3384,-7.0,1135.0,217.0,1155.58
1778557891.999178,599616210631317926,3384,16.0,904.0,231.0,933.18
1778557892.039178,599616210671317926,3384,-8.0,823.0,51.0,824.62
1778557892.079179,599616210711317926,3384,-27.0,1021.0,97.0,1025.95
1778557892.119179,599616210751317926,3384,-56.0,1061.0,192.0,1079.69
1778557892.159178,599616210791317926,3384,-45.0,977.0,79.0,981.22
1778557892.199178,599616210831317926,3384,17.0,980.0,-8.0,980.18
1778557892.239178,599616210871317926,3384,-20.0,1000.0,72.0,1002.79
1778557892.279178,599616210911317926,3384,-48.0,1044.0,113.0,1051.19
1778557892.319179,599616210951317926,3384,-57.0,926.0,118.0,935.23
1778557892.359179,599616210991317926,3384,-66.0,799.0,48.0,803.16
1778557892.399179,599616211031317926,3384,-61.0,1164.0,38.0,1166.22
1778557892.439178,599616211071317926,3384,-19.0,1177.0,293.0,1213.07
1778557892.479178,599616211111317926,3384,13.0,942.0,64.0,944.26
1778557892.519178,599616211151317926,3384,-31.0,768.0,-50.0,770.25
1778557892.559179,599616211191317926,3384,-32.0,885.0,126.0,894.5
1778557892.599179,599616211231317926,3384,-65.0,1000.0,86.0,1005.79
1778557892.639179,599616211271317926,3384,10.0,1184.0,35.0,1184.56
1778557892.679178,599616211311317926,3384,56.0,1068.0,90.0,1073.25
1778557892.719178,599616211351317926,3384,61.0,987.0,44.0,989.86
1778557892.759178,599616211391317926,3384,43.0,826.0,54.0,828.88
1778557892.799178,599616211431317926,3384,-9.0,989.0,32.0,989.56
1778557892.839179,599616211471317926,3384,-14.0,1184.0,216.0,1203.62
1778557892.879179,599616211511317926,3384,2.0,1039.0,47.0,1040.06
1778557892.919178,599616211551317926,3384,22.0,946.0,-121.0,953.96
1778557892.959178,599616211591317926,3384,21.0,977.0,26.0,977.57
1778557892.999178,599616211631317926,3384,37.0,935.0,-18.0,935.9
1778557893.039178,599616211671317926,3384,31.0,974.0,-40.0,975.31
1778557893.079179,599616211711317926,3384,1.0,1081.0,103.0,1085.9
1778557893.074108,599616211730038708,3420,29.0,1090.0,200.0,1108.58
1778557893.114108,599616211770038708,3420,35.0,913.0,149.0,925.74
1778557893.154108,599616211810038708,3420,29.0,840.0,33.0,841.15
1778557893.194108,599616211850038708,3420,14.0,869.0,-9.0,869.16
1778557893.234108,599616211890038708,3420,-22.0,896.0,-78.0,899.66
1778557893.274108,599616211930038708,3420,-6.0,1372.0,156.0,1380.85
1778557893.314108,599616211970038708,3420,-35.0,1158.0,442.0,1239.98
1778557893.354108,599616212010038708,3420,30.0,930.0,265.0,967.48
1778557893.394108,599616212050038708,3420,44.0,750.0,92.0,756.9
1778557893.434108,599616212090038708,3420,17.0,1106.0,177.0,1120.2
1778557893.474108,599616212130038708,3420,106.0,1265.0,241.0,1292.11
1778557893.514108,599616212170038708,3420,0.0,1002.0,23.0,1002.26
1778557893.554108,599616212210038708,3420,50.0,1046.0,42.0,1048.04
1778557893.594108,599616212250038708,3420,48.0,939.0,89.0,944.43
1778557893.634108,599616212290038708,3420,47.0,872.0,30.0,873.78
1778557893.674108,599616212330038708,3420,25.0,982.0,135.0,991.55
1778557893.714108,599616212370038708,3420,76.0,1009.0,121.0,1019.07
1778557893.754108,599616212410038708,3420,22.0,983.0,5.0,983.26
1778557893.794108,599616212450038708,3420,54.0,986.0,42.0,988.37
1778557893.834108,599616212490038708,3420,46.0,1030.0,106.0,1036.46
1778557893.874108,599616212530038708,3420,15.0,966.0,73.0,968.87
1778557893.914108,599616212570038708,3420,13.0,978.0,96.0,982.79
1778557893.954108,599616212610038708,3420,-3.0,1049.0,91.0,1052.94
1778557893.994108,599616212650038708,3420,-24.0,1052.0,70.0,1054.6
1778557894.034108,599616212690038708,3420,-17.0,991.0,34.0,991.73
1778557894.074108,599616212730038708,3420,-16.0,983.0,-4.0,983.14
1778557894.114108,599616212770038708,3420,-9.0,1010.0,-19.0,1010.22
1778557894.154108,599616212810038708,3420,-14.0,978.0,-43.0,979.04
1778557894.194108,599616212850038708,3420,-19.0,989.0,-14.0,989.28
1778557894.234108,599616212890038708,3420,-14.0,972.0,-1.0,972.1
1778557894.274108,599616212930038708,3420,-9.0,963.0,3.0,963.05
1778557894.314108,599616212970038708,3420,5.0,970.0,23.0,970.29
1778557894.354108,599616213010038708,3420,29.0,970.0,15.0,970.55
1778557894.394108,599616213050038708,3420,49.0,1016.0,28.0,1017.57
1778557894.434108,599616213090038708,3420,46.0,998.0,19.0,999.24
1778557894.474108,599616213130038708,3420,41.0,1056.0,45.0,1057.75
1778557894.513804,599616213149613988,3456,7.0,1006.0,70.0,1008.46
1778557894.553804,599616213189613988,3456,10.0,980.0,41.0,980.91
1778557894.593804,599616213229613988,3456,39.0,979.0,4.0,979.78
1778557894.633804,599616213269613988,3456,45.0,983.0,15.0,984.14
1778557894.673804,599616213309613988,3456,34.0,1042.0,22.0,1042.79
1778557894.713804,599616213349613988,3456,45.0,1076.0,45.0,1077.88
1778557894.753804,599616213389613988,3456,35.0,1017.0,93.0,1021.84
1778557894.793804,599616213429613988,3456,52.0,971.0,112.0,978.82
1778557894.833804,599616213469613988,3456,23.0,951.0,91.0,955.62
1778557894.873804,599616213509613988,3456,10.0,946.0,15.0,946.17
1778557894.913804,599616213549613988,3456,26.0,1024.0,3.0,1024.33
1778557894.953804,599616213589613988,3456,8.0,1014.0,-27.0,1014.39
1778557894.993804,599616213629613988,3456,28.0,1018.0,-15.0,1018.5
1778557895.033804,599616213669613988,3456,38.0,1006.0,58.0,1008.39
1778557895.073804,599616213709613988,3456,16.0,984.0,50.0,985.4
1778557895.113804,599616213749613988,3456,30.0,935.0,86.0,939.43
1778557895.153804,599616213789613988,3456,24.0,961.0,64.0,963.43
1778557895.193804,599616213829613988,3456,23.0,1002.0,-4.0,1002.27
1778557895.233804,599616213869613988,3456,-5.0,1021.0,-35.0,1021.61
1778557895.273804,599616213909613988,3456,0.0,1017.0,-70.0,1019.41
1778557895.313804,599616213949613988,3456,26.0,993.0,-28.0,993.73
1778557895.353804,599616213989613988,3456,16.0,989.0,27.0,989.5
1778557895.393804,599616214029613988,3456,15.0,980.0,38.0,980.85
1778557895.433804,599616214069613988,3456,-10.0,982.0,77.0,985.06
1778557895.473804,599616214109613988,3456,-12.0,996.0,74.0,998.82
1778557895.513804,599616214149613988,3456,-5.0,1025.0,39.0,1025.75
1778557895.553804,599616214189613988,3456,19.0,1014.0,23.0,1014.44
1778557895.593804,599616214229613988,3456,5.0,984.0,3.0,984.02
1778557895.633804,599616214269613988,3456,1.0,1009.0,14.0,1009.1
1778557895.673804,599616214309613988,3456,18.0,995.0,3.0,995.17
1778557895.713804,599616214349613988,3456,15.0,989.0,1.0,989.11
1778557895.753804,599616214389613988,3456,-12.0,970.0,25.0,970.4
1778557895.793804,599616214429613988,3456,-13.0,985.0,17.0,985.23
1778557895.833804,599616214469613988,3456,-3.0,977.0,-7.0,977.03
1778557895.873804,599616214509613988,3456,28.0,1013.0,3.0,1013.39
1778557895.913804,599616214549613988,3456,17.0,1004.0,-27.0,1004.51
1778557895.953359,599616214569555504,3492,20.0,1012.0,2.0,1012.2
1778557895.993359,599616214609555504,3492,-14.0,1086.0,76.0,1088.75
1778557896.033359,599616214649555504,3492,56.0,924.0,6.0,925.71
1778557896.073359,599616214689555504,3492,-5.0,1032.0,26.0,1032.34
1778557896.113359,599616214729555504,3492,11.0,1033.0,0.0,1033.06
1778557896.153359,599616214769555504,3492,6.0,974.0,-85.0,977.72
1778557896.193359,599616214809555504,3492,28.0,1012.0,-58.0,1014.05
1778557896.233359,599616214849555504,3492,33.0,1035.0,31.0,1035.99
1778557896.273359,599616214889555504,3492,29.0,824.0,-62.0,826.84
1778557896.313359,599616214929555504,3492,25.0,979.0,-53.0,980.75
1778557896.353359,599616214969555504,3492,39.0,1111.0,58.0,1113.2
1778557896.393359,599616215009555504,3492,41.0,998.0,-74.0,1001.58
1778557896.433359,599616215049555504,3492,22.0,895.0,-103.0,901.18
1778557896.473359,599616215089555504,3492,33.0,981.0,-66.0,983.77
1778557896.513359,599616215129555504,3492,35.0,981.0,-43.0,982.57
1778557896.553359,599616215169555504,3492,15.0,1044.0,1.0,1044.11
1778557896.593359,599616215209555504,3492,20.0,1032.0,35.0,1032.79
1778557896.633359,599616215249555504,3492,23.0,1149.0,48.0,1150.23
1778557896.673359,599616215289555504,3492,35.0,998.0,109.0,1004.54
1778557896.713359,599616215329555504,3492,-18.0,864.0,-20.0,864.42
1778557896.753359,599616215369555504,3492,59.0,974.0,-51.0,977.12
1778557896.793359,599616215409555504,3492,-5.0,1010.0,-24.0,1010.3
1778557896.833359,599616215449555504,3492,23.0,1035.0,-73.0,1037.83
1778557896.873359,599616215489555504,3492,22.0,1047.0,-43.0,1048.11
1778557896.913359,599616215529555504,3492,31.0,1049.0,62.0,1051.29
1778557896.953359,599616215569555504,3492,56.0,955.0,28.0,957.05
1778557896.993359,599616215609555504,3492,37.0,938.0,-9.0,938.77
1778557897.033359,599616215649555504,3492,13.0,896.0,-66.0,898.52
1778557897.073359,599616215689555504,3492,15.0,999.0,-86.0,1002.81
1778557897.113359,599616215729555504,3492,55.0,1079.0,-81.0,1083.43
1778557897.153359,599616215769555504,3492,14.0,1046.0,-30.0,1046.52
1778557897.193359,599616215809555504,3492,11.0,1046.0,50.0,1047.25
1778557897.233359,599616215849555504,3492,-1.0,979.0,181.0,995.59
1778557897.273359,599616215889555504,3492,2.0,923.0,204.0,945.28
1778557897.313359,599616215929555504,3492,-6.0,886.0,188.0,905.75
1778557897.353359,599616215969555504,3492,-14.0,970.0,126.0,978.25
1778557897.348526,599616215989130780,3528,-7.0,1075.0,97.0,1079.39
1778557897.388526,599616216029130780,3528,-15.0,1004.0,13.0,1004.2
1778557897.428526,599616216069130780,3528,-3.0,992.0,20.0,992.21
1778557897.468526,599616216109130780,3528,-15.0,970.0,91.0,974.37
1778557897.508526,599616216149130780,3528,-9.0,949.0,106.0,954.94
1778557897.548526,599616216189130780,3528,21.0,970.0,166.0,984.33
1778557897.588526,599616216229130780,3528,34.0,1044.0,215.0,1066.45
1778557897.628526,599616216269130780,3528,27.0,1006.0,235.0,1033.44
1778557897.668526,599616216309130780,3528,26.0,970.0,237.0,998.87
1778557897.708526,599616216349130780,3528,44.0,851.0,205.0,876.45
1778557897.748526,599616216389130780,3528,30.0,852.0,126.0,861.79
1778557897.788526,599616216429130780,3528,67.0,1053.0,144.0,1064.91
1778557897.828526,599616216469130780,3528,91.0,1583.0,354.0,1624.65
1778557897.868526,599616216509130780,3528,136.0,1693.0,339.0,1731.95
1778557897.908526,599616216549130780,3528,153.0,1380.0,178.0,1399.82
1778557897.948526,599616216589130780,3528,419.0,612.0,106.0,749.23
1778557897.988526,599616216629130780,3528,709.0,1999.0,4.0,2121.01
1778557898.028526,599616216669130780,3528,-192.0,730.0,-378.0,844.18
1778557898.068526,599616216709130780,3528,216.0,813.0,-1450.0,1676.34
1778557898.108526,599616216749130780,3528,1816.0,672.0,560.0,2015.7
1778557898.148526,599616216789130780,3528,1135.0,517.0,603.0,1385.32
1778557898.188526,599616216829130780,3528,329.0,594.0,-1262.0,1433.08
1778557898.228526,599616216869130780,3528,235.0,568.0,-479.0,779.29
1778557898.268526,599616216909130780,3528,-17.0,510.0,-928.0,1059.04
1778557898.308526,599616216949130780,3528,-407.0,1418.0,-669.0,1619.86
1778557898.348526,599616216989130780,3528,-406.0,929.0,-1461.0,1778.31
1778557898.388526,599616217029130780,3528,-334.0,741.0,-125.0,822.35
1778557898.428526,599616217069130780,3528,-306.0,495.0,-439.0,728.96
1778557898.468526,599616217109130780,3528,-1371.0,1028.0,1338.0,2174.09
1778557898.508526,599616217149130780,3528,-788.0,1072.0,-769.0,1536.71
1778557898.548526,599616217189130780,3528,-280.0,187.0,550.0,644.88
1778557898.588526,599616217229130780,3528,-231.0,-121.0,180.0,316.86
1778557898.628526,599616217269130780,3528,-696.0,-1140.0,-222.0,1353.99
1778557898.668526,599616217309130780,3528,-715.0,-874.0,-1170.0,1626.04
1778557898.708526,599616217349130780,3528,-1295.0,125.0,-2000.0,2385.93
1778557898.748526,599616217389130780,3528,-504.0,-58.0,-344.0,612.96
1778557898.746456,599616217409285920,3564,-420.0,-239.0,478.0,679.71
1778557898.786456,599616217449285920,3564,-23.0,-300.0,281.0,411.69
1778557898.826456,599616217489285920,3564,-599.0,-313.0,320.0,747.78
1778557898.866456,599616217529285920,3564,-1553.0,-379.0,-290.0,1624.67
1778557898.906456,599616217569285920,3564,-870.0,66.0,1117.0,1417.37
1778557898.946456,599616217609285920,3564,-1008.0,40.0,927.0,1370.03
1778557898.986456,599616217649285920,3564,-871.0,-188.0,993.0,1334.18
1778557899.026456,599616217689285920,3564,-787.0,-622.0,842.0,1309.66
1778557899.066456,599616217729285920,3564,-503.0,-1016.0,1599.0,1960.12
1778557899.106456,599616217769285920,3564,-491.0,-947.0,1430.0,1784.04
1778557899.146456,599616217809285920,3564,-91.0,-983.0,784.0,1260.65
1778557899.186456,599616217849285920,3564,-173.0,-772.0,322.0,854.16
1778557899.226456,599616217889285920,3564,-18.0,-461.0,259.0,529.08
1778557899.266456,599616217929285920,3564,76.0,-285.0,119.0,318.06
1778557899.306456,599616217969285920,3564,-76.0,-438.0,-34.0,445.84
1778557899.346456,599616218009285920,3564,-267.0,-405.0,-649.0,810.26
1778557899.386456,599616218049285920,3564,-94.0,-704.0,317.0,777.78
1778557899.426456,599616218089285920,3564,-14.0,-577.0,1115.0,1255.53
1778557899.466456,599616218129285920,3564,-70.0,-1130.0,-532.0,1250.93
1778557899.506456,599616218169285920,3564,-227.0,196.0,-1168.0,1205.89
1778557899.546456,599616218209285920,3564,24.0,1843.0,-986.0,2090.32
1778557899.586456,599616218249285920,3564,-188.0,1999.0,-1205.0,2341.66
1778557899.626456,599616218289285920,3564,-1503.0,1999.0,-1238.0,2790.64
1778557899.666456,599616218329285920,3564,-958.0,687.0,-2000.0,2321.58
1778557899.706456,599616218369285920,3564,140.0,1760.0,-2000.0,2667.81
1778557899.746456,599616218409285920,3564,1007.0,421.0,-564.0,1228.57
1778557899.786456,599616218449285920,3564,1047.0,1614.0,-362.0,1957.61
1778557899.826456,599616218489285920,3564,540.0,798.0,378.0,1035.03
1778557899.866456,599616218529285920,3564,-196.0,952.0,-463.0,1076.61
1778557899.906456,599616218569285920,3564,-66.0,810.0,312.0,870.52
1778557899.946456,599616218609285920,3564,-111.0,1167.0,30.0,1172.65
1778557899.986456,599616218649285920,3564,-180.0,1089.0,31.0,1104.21
1778557900.026456,599616218689285920,3564,-224.0,942.0,307.0,1015.77
1778557900.066456,599616218729285920,3564,-173.0,923.0,200.0,960.13
1778557900.106456,599616218769285920,3564,-145.0,693.0,-238.0,746.94
1778557900.146456,599616218809285920,3564,-152.0,630.0,-322.0,723.66
1778557900.183582,599616218829227426,3600,-158.0,435.0,-434.0,634.46
1778557900.223582,599616218869227426,3600,-109.0,293.0,-363.0,479.06
1778557900.263582,599616218909227426,3600,-114.0,296.0,-262.0,411.41
1778557900.303582,599616218949227426,3600,-141.0,809.0,-451.0,936.89
1778557900.343582,599616218989227426,3600,118.0,1999.0,-50.0,2003.1
1778557900.383582,599616219029227426,3600,-12.0,1999.0,-110.0,2002.06
1778557900.423582,599616219069227426,3600,-347.0,1414.0,524.0,1547.38
1778557900.463582,599616219109227426,3600,-1196.0,1267.0,-1663.0,2408.58
1778557900.503582,599616219149227426,3600,-67.0,1759.0,1003.0,2025.98
1778557900.543582,599616219189227426,3600,63.0,1229.0,135.0,1238.0
1778557900.583582,599616219229227426,3600,49.0,495.0,98.0,506.98
1778557900.623582,599616219269227426,3600,154.0,390.0,-13.0,419.51
1778557900.663582,599616219309227426,3600,123.0,871.0,-74.0,882.75
1778557900.703582,599616219349227426,3600,-356.0,856.0,84.0,930.87
1778557900.743582,599616219389227426,3600,-411.0,1127.0,-141.0,1207.86
1778557900.783582,599616219429227426,3600,-240.0,866.0,-650.0,1109.08
1778557900.823582,599616219469227426,3600,-229.0,953.0,-546.0,1121.95
1778557900.863582,599616219509227426,3600,24.0,1672.0,-241.0,1689.45
1778557900.903582,599616219549227426,3600,-35.0,1687.0,-414.0,1737.41
1778557900.943582,599616219589227426,3600,-31.0,762.0,-346.0,837.45
1778557900.983582,599616219629227426,3600,45.0,689.0,-2.0,690.47
1778557901.023582,599616219669227426,3600,-293.0,694.0,-701.0,1029.02
1778557901.063582,599616219709227426,3600,152.0,1197.0,-92.0,1210.11
1778557901.103582,599616219749227426,3600,-664.0,1368.0,243.0,1539.92
1778557901.143582,599616219789227426,3600,-145.0,1614.0,-117.0,1624.72
1778557901.183582,599616219829227426,3600,362.0,851.0,-310.0,975.37
1778557901.223582,599616219869227426,3600,23.0,369.0,-251.0,446.87
1778557901.263582,599616219909227426,3600,485.0,11.0,-130.0,502.24
1778557901.303582,599616219949227426,3600,679.0,423.0,-1009.0,1287.65
1778557901.343582,599616219989227426,3600,90.0,1442.0,-767.0,1635.77
1778557901.383582,599616220029227426,3600,-500.0,1194.0,-1638.0,2087.75
1778557901.423582,599616220069227426,3600,-216.0,715.0,77.0,750.87
1778557901.463582,599616220109227426,3600,487.0,236.0,674.0,864.37
1778557901.503582,599616220149227426,3600,559.0,-296.0,-1982.0,2080.49
1778557901.543582,599616220189227426,3600,-972.0,325.0,-1631.0,1926.28
1778557901.583582,599616220229227426,3600,322.0,217.0,-1283.0,1340.47
1778557901.581011,599616220248314434,3636,117.0,539.0,-1085.0,1217.14
1778557901.621011,599616220288314434,3636,202.0,454.0,-268.0,564.57
1778557901.661011,599616220328314434,3636,7.0,-283.0,-1400.0,1428.33
1778557901.701010,599616220368314434,3636,553.0,-53.0,-1056.0,1193.21
1778557901.741011,599616220408314434,3636,46.0,-103.0,-1319.0,1323.81
1778557901.781011,599616220448314434,3636,-132.0,9.0,-1335.0,1341.54
1778557901.821011,599616220488314434,3636,-388.0,-272.0,-856.0,978.4
1778557901.861011,599616220528314434,3636,-170.0,-595.0,-1423.0,1551.73
1778557901.901011,599616220568314434,3636,-637.0,-22.0,-1263.0,1414.72
1778557901.941010,599616220608314434,3636,-327.0,-586.0,-232.0,710.03
1778557901.981011,599616220648314434,3636,-545.0,516.0,-386.0,843.97
1778557902.021011,599616220688314434,3636,-95.0,543.0,-653.0,854.57
1778557902.061011,599616220728314434,3636,-283.0,-52.0,-1422.0,1450.82
1778557902.101011,599616220768314434,3636,-29.0,-617.0,-1122.0,1280.79
1778557902.141011,599616220808314434,3636,251.0,-891.0,-98.0,930.85
1778557902.181010,599616220848314434,3636,-801.0,319.0,-1259.0,1525.92
1778557902.221011,599616220888314434,3636,-408.0,-230.0,-1007.0,1110.59
1778557902.261011,599616220928314434,3636,-511.0,-294.0,-1102.0,1249.78
1778557902.301011,599616220968314434,3636,-1278.0,895.0,-2000.0,2536.59
1778557902.341011,599616221008314434,3636,896.0,-600.0,945.0,1433.82
1778557902.381011,599616221048314434,3636,-196.0,-587.0,-56.0,621.39
1778557902.421010,599616221088314434,3636,-1649.0,-364.0,-907.0,1916.86
1778557902.461011,599616221128314434,3636,-1319.0,-145.0,-489.0,1414.18
1778557902.501011,599616221168314434,3636,-1025.0,-308.0,-665.0,1260.05
1778557902.541011,599616221208314434,3636,180.0,-71.0,-777.0,800.73
1778557902.581011,599616221248314434,3636,-693.0,-248.0,-525.0,904.09
1778557902.621011,599616221288314434,3636,-364.0,-163.0,-889.0,974.36
1778557902.661011,599616221328314434,3636,-2000.0,-108.0,868.0,2182.91
1778557902.701010,599616221368314434,3636,-1015.0,-186.0,-406.0,1108.9
1778557902.741011,599616221408314434,3636,-951.0,1.0,-293.0,995.11
1778557902.781011,599616221448314434,3636,-1157.0,-240.0,-497.0,1281.9
1778557902.821011,599616221488314434,3636,-799.0,-356.0,-273.0,916.33
1778557902.861011,599616221528314434,3636,-608.0,-241.0,-29.0,654.66
1778557902.901011,599616221568314434,3636,-851.0,-190.0,-331.0,932.66
1778557902.941010,599616221608314434,3636,-1010.0,-326.0,-72.0,1063.75
1778557902.981011,599616221648314434,3636,-1107.0,-122.0,-328.0,1161.0
1778557903.018639,599616221666119690,3672,-1162.0,-198.0,-118.0,1184.64
1778557903.058639,599616221706119690,3672,-823.0,-340.0,-15.0,890.59
1778557903.098639,599616221746119690,3672,-936.0,-73.0,-102.0,944.37
1778557903.138639,599616221786119690,3672,-964.0,-229.0,-28.0,991.22
1778557903.178639,599616221826119690,3672,-810.0,-509.0,18.0,956.82
1778557903.218639,599616221866119690,3672,-972.0,-685.0,115.0,1194.67
1778557903.258639,599616221906119690,3672,-1049.0,-371.0,-191.0,1128.95
1778557903.298639,599616221946119690,3672,-828.0,-410.0,-139.0,934.35
1778557903.338639,599616221986119690,3672,-821.0,-371.0,-49.0,902.27
1778557903.378639,599616222026119690,3672,-699.0,-451.0,-95.0,837.27
1778557903.418639,599616222066119690,3672,-341.0,-534.0,6.0,633.62
1778557903.458639,599616222106119690,3672,-1343.0,-632.0,-217.0,1500.05
1778557903.498639,599616222146119690,3672,-225.0,-409.0,-177.0,499.23
1778557903.538639,599616222186119690,3672,-2000.0,543.0,-432.0,2116.95
1778557903.578639,599616222226119690,3672,-990.0,53.0,-94.0,995.86
1778557903.618639,599616222266119690,3672,-819.0,-59.0,-124.0,830.43
1778557903.658639,599616222306119690,3672,-1032.0,-25.0,-165.0,1045.41
1778557903.698639,599616222346119690,3672,-1132.0,-174.0,-32.0,1145.74
1778557903.738639,599616222386119690,3672,-1006.0,-103.0,-119.0,1018.24
1778557903.778639,599616222426119690,3672,-961.0,-132.0,-59.0,971.82
1778557903.818639,599616222466119690,3672,-1052.0,-91.0,-23.0,1056.18
1778557903.858639,599616222506119690,3672,-1030.0,-108.0,30.0,1036.08
1778557903.898639,599616222546119690,3672,-1100.0,-118.0,-42.0,1107.11
1778557903.938639,599616222586119690,3672,-990.0,-167.0,-97.0,1008.66
1778557903.978639,599616222626119690,3672,-974.0,-159.0,54.0,988.37
1778557904.018639,599616222666119690,3672,-1028.0,-32.0,-8.0,1028.53
1778557904.058639,599616222706119690,3672,-948.0,-199.0,-108.0,974.66
1778557904.098639,599616222746119690,3672,-1033.0,-285.0,-110.0,1077.23
1778557904.138639,599616222786119690,3672,-1083.0,-219.0,-207.0,1124.14
1778557904.178639,599616222826119690,3672,-868.0,-244.0,-27.0,902.05
1778557904.218639,599616222866119690,3672,-972.0,-268.0,-20.0,1008.47
1778557904.258639,599616222906119690,3672,-1029.0,-242.0,10.0,1057.12
1778557904.298639,599616222946119690,3672,-997.0,-190.0,-151.0,1026.11
1778557904.338639,599616222986119690,3672,-967.0,-152.0,-63.0,980.9
1778557904.378639,599616223026119690,3672,-1019.0,-275.0,-148.0,1065.78
1778557904.418639,599616223066119690,3672,-962.0,-274.0,-122.0,1007.67
1778557904.460084,599616223085084602,3708,-940.0,-391.0,-224.0,1042.43
1778557904.500084,599616223125084602,3708,-974.0,-268.0,-65.0,1012.29
1778557904.540084,599616223165084602,3708,-1164.0,-249.0,-185.0,1204.63
1778557904.580084,599616223205084602,3708,-999.0,-258.0,-61.0,1033.58
1778557904.620084,599616223245084602,3708,-661.0,-345.0,-37.0,746.54
1778557904.660084,599616223285084602,3708,-939.0,-274.0,10.0,978.21
1778557904.700084,599616223325084602,3708,-362.0,-618.0,-312.0,781.22
1778557904.740084,599616223365084602,3708,-416.0,-60.0,-203.0,466.76
1778557904.780084,599616223405084602,3708,-1405.0,-30.0,-484.0,1486.33
1778557904.820084,599616223445084602,3708,-1082.0,-185.0,-1426.0,1799.56
1778557904.860084,599616223485084602,3708,-1085.0,163.0,-1676.0,2003.19
1778557904.900084,599616223525084602,3708,-518.0,-546.0,-706.0,1031.93
1778557904.940084,599616223565084602,3708,-628.0,-99.0,-300.0,702.98
1778557904.980084,599616223605084602,3708,-1012.0,105.0,-985.0,1416.12
1778557905.020084,599616223645084602,3708,-577.0,-1254.0,-626.0,1515.69
1778557905.060084,599616223685084602,3708,-737.0,-26.0,-194.0,762.55
1778557905.100084,599616223725084602,3708,-980.0,101.0,-454.0,1084.77
1778557905.140084,599616223765084602,3708,-927.0,-30.0,-408.0,1013.26
1778557905.180084,599616223805084602,3708,-834.0,-32.0,-466.0,955.9
1778557905.220084,599616223845084602,3708,-885.0,-47.0,-365.0,958.47
1778557905.260084,599616223885084602,3708,-974.0,22.0,-473.0,1083.0
1778557905.300084,599616223925084602,3708,-1005.0,-84.0,-522.0,1135.59
1778557905.340084,599616223965084602,3708,-830.0,-39.0,-211.0,857.29
1778557905.380084,599616224005084602,3708,-1008.0,137.0,-200.0,1036.74
1778557905.420084,599616224045084602,3708,-1076.0,-39.0,-426.0,1157.92
1778557905.460084,599616224085084602,3708,-857.0,67.0,-210.0,884.89
1778557905.500084,599616224125084602,3708,-714.0,-15.0,-165.0,732.97
1778557905.540084,599616224165084602,3708,-1159.0,-128.0,-413.0,1237.03
1778557905.580084,599616224205084602,3708,-1090.0,-43.0,-434.0,1174.01
1778557905.620084,599616224245084602,3708,-946.0,-54.0,-481.0,1062.63
1778557905.660084,599616224285084602,3708,-750.0,64.0,-286.0,805.23
1778557905.700084,599616224325084602,3708,-1053.0,389.0,-1017.0,1514.73
1778557905.740084,599616224365084602,3708,-718.0,-370.0,326.0,871.03
1778557905.780084,599616224405084602,3708,-896.0,-432.0,-132.0,1003.43
1778557905.820084,599616224445084602,3708,-1189.0,-100.0,-6.0,1193.21
1778557905.860084,599616224485084602,3708,-966.0,-391.0,108.0,1047.71
1778557905.853566,599616224505056630,3744,-1006.0,-323.0,-169.0,1070.01
1778557905.893566,599616224545056630,3744,-982.0,-55.0,-67.0,985.82
1778557905.933566,599616224585056630,3744,-1106.0,194.0,-336.0,1172.08
1778557905.973566,599616224625056630,3744,-677.0,125.0,-690.0,974.71
1778557906.013566,599616224665056630,3744,-1095.0,-282.0,125.0,1137.62
1778557906.053566,599616224705056630,3744,-1244.0,-251.0,-266.0,1296.65
1778557906.093566,599616224745056630,3744,-980.0,-133.0,20.0,989.19
1778557906.133566,599616224785056630,3744,-958.0,-184.0,-41.0,976.37
1778557906.173566,599616224825056630,3744,-1003.0,-107.0,35.0,1009.3
1778557906.213566,599616224865056630,3744,-989.0,-154.0,122.0,1008.33
1778557906.253566,599616224905056630,3744,-962.0,-194.0,38.0,982.1
1778557906.293566,599616224945056630,3744,-1021.0,-147.0,48.0,1032.64
1778557906.333566,599616224985056630,3744,-1169.0,-79.0,0.0,1171.67
1778557906.373566,599616225025056630,3744,-1051.0,-181.0,-7.0,1066.49
1778557906.413566,599616225065056630,3744,-972.0,-288.0,48.0,1014.9
1778557906.453566,599616225105056630,3744,-960.0,-191.0,-14.0,978.92
1778557906.493566,599616225145056630,3744,-1062.0,-241.0,133.0,1097.09
1778557906.533566,599616225185056630,3744,-1246.0,-217.0,128.0,1271.22
1778557906.573566,599616225225056630,3744,-825.0,-219.0,149.0,866.48
1778557906.613566,599616225265056630,3744,-987.0,130.0,-195.0,1014.44
1778557906.653566,599616225305056630,3744,-570.0,436.0,20.0,717.91
1778557906.693566,599616225345056630,3744,-1387.0,704.0,-571.0,1656.93
1778557906.733566,599616225385056630,3744,-844.0,-47.0,60.0,847.43
1778557906.773566,599616225425056630,3744,-762.0,77.0,47.0,767.32
1778557906.813566,599616225465056630,3744,-873.0,69.0,-49.0,877.09
1778557906.853566,599616225505056630,3744,-1016.0,313.0,-130.0,1071.04
1778557906.893566,599616225545056630,3744,-1219.0,365.0,-80.0,1274.98
1778557906.933566,599616225585056630,3744,-1173.0,206.0,54.0,1192.17
1778557906.973566,599616225625056630,3744,-838.0,161.0,2.0,853.33
1778557907.013566,599616225665056630,3744,-873.0,434.0,20.0,975.13
1778557907.053566,599616225705056630,3744,-840.0,306.0,-34.0,894.65
1778557907.093566,599616225745056630,3744,-987.0,411.0,-79.0,1072.07
1778557907.133566,599616225785056630,3744,-964.0,463.0,81.0,1072.49
1778557907.173566,599616225825056630,3744,-1029.0,487.0,95.0,1142.38
1778557907.213566,599616225865056630,3744,-1086.0,265.0,76.0,1120.45
1778557907.253566,599616225905056630,3744,-915.0,267.0,-347.0,1014.36
1778557907.293591,599616225925150728,3780,-799.0,701.0,102.0,1067.8
1778557907.333591,599616225965150728,3780,-806.0,526.0,356.0,1026.18
1778557907.373591,599616226005150728,3780,-986.0,821.0,123.0,1288.94
1778557907.413591,599616226045150728,3780,-918.0,394.0,288.0,1039.67
1778557907.453591,599616226085150728,3780,-928.0,302.0,299.0,1020.68
1778557907.493591,599616226125150728,3780,-853.0,397.0,227.0,967.86
1778557907.533591,599616226165150728,3780,-784.0,399.0,296.0,928.16
1778557907.573591,599616226205150728,3780,-648.0,83.0,469.0,804.21
1778557907.613591,599616226245150728,3780,-888.0,698.0,389.0,1194.6
1778557907.653591,599616226285150728,3780,-959.0,515.0,447.0,1176.74
1778557907.693591,599616226325150728,3780,-937.0,498.0,451.0,1152.98
1778557907.733591,599616226365150728,3780,-911.0,373.0,383.0,1056.29
1778557907.773591,599616226405150728,3780,-987.0,259.0,396.0,1094.56
1778557907.813591,599616226445150728,3780,-905.0,157.0,202.0,940.47
1778557907.853591,599616226485150728,3780,-1053.0,124.0,86.0,1063.76
1778557907.893591,599616226525150728,3780,-843.0,34.0,242.0,877.71
1778557907.933591,599616226565150728,3780,-926.0,66.0,276.0,968.51
1778557907.973591,599616226605150728,3780,-1047.0,223.0,382.0,1136.6
1778557908.013591,599616226645150728,3780,-961.0,285.0,364.0,1066.42
1778557908.053591,599616226685150728,3780,-963.0,239.0,315.0,1041.02
1778557908.093591,599616226725150728,3780,-945.0,202.0,376.0,1036.92
1778557908.133591,599616226765150728,3780,-977.0,326.0,334.0,1082.76
1778557908.173591,599616226805150728,3780,-945.0,349.0,352.0,1067.11
1778557908.213591,599616226845150728,3780,-939.0,349.0,408.0,1081.66
1778557908.253591,599616226885150728,3780,-927.0,240.0,440.0,1053.82
1778557908.293591,599616226925150728,3780,-1207.0,384.0,526.0,1371.49
1778557908.333591,599616226965150728,3780,-983.0,311.0,230.0,1056.37
1778557908.373591,599616227005150728,3780,-629.0,517.0,371.0,894.75
1778557908.413591,599616227045150728,3780,-661.0,426.0,356.0,863.21
1778557908.453591,599616227085150728,3780,-665.0,410.0,361.0,860.61
1778557908.493591,599616227125150728,3780,-819.0,335.0,242.0,917.36
1778557908.533591,599616227165150728,3780,-991.0,432.0,289.0,1119.03
1778557908.573591,599616227205150728,3780,-1000.0,530.0,250.0,1159.05
1778557908.613591,599616227245150728,3780,-855.0,437.0,353.0,1023.04
1778557908.653591,599616227285150728,3780,-813.0,234.0,397.0,934.52
1778557908.693591,599616227325150728,3780,-917.0,345.0,276.0,1017.89
1778557908.689321,599616227344817574,3816,-803.0,257.0,402.0,934.06
1778557908.729321,599616227384817574,3816,-788.0,141.0,321.0,862.48
1778557908.769321,599616227424817574,3816,-943.0,260.0,407.0,1059.48
1778557908.809321,599616227464817574,3816,-946.0,328.0,279.0,1039.39
1778557908.849321,599616227504817574,3816,-985.0,530.0,153.0,1128.95
1778557908.889321,599616227544817574,3816,-1018.0,467.0,180.0,1134.38
1778557908.929321,599616227584817574,3816,-1049.0,357.0,276.0,1141.94
1778557908.969321,599616227624817574,3816,-982.0,264.0,169.0,1030.82
1778557909.009321,599616227664817574,3816,-953.0,171.0,160.0,981.35
1778557909.049321,599616227704817574,3816,-875.0,85.0,306.0,930.85
1778557909.089321,599616227744817574,3816,-993.0,222.0,263.0,1050.95
1778557909.129321,599616227784817574,3816,-1018.0,344.0,227.0,1098.27
1778557909.169321,599616227824817574,3816,-1015.0,326.0,253.0,1095.68
1778557909.209321,599616227864817574,3816,-1030.0,210.0,222.0,1074.38
1778557909.249321,599616227904817574,3816,-856.0,242.0,227.0,918.06
1778557909.289321,599616227944817574,3816,-883.0,270.0,209.0,946.72
1778557909.329321,599616227984817574,3816,-1071.0,292.0,189.0,1126.07
1778557909.369321,599616228024817574,3816,-1039.0,267.0,221.0,1095.29
1778557909.409321,599616228064817574,3816,-981.0,215.0,250.0,1034.93
1778557909.449321,599616228104817574,3816,-957.0,286.0,104.0,1004.22
1778557909.489321,599616228144817574,3816,-873.0,247.0,23.0,907.56
1778557909.529321,599616228184817574,3816,-941.0,376.0,12.0,1013.41
1778557909.569321,599616228224817574,3816,-944.0,422.0,57.0,1035.6
1778557909.609321,599616228264817574,3816,-982.0,369.0,147.0,1059.29
1778557909.649321,599616228304817574,3816,-975.0,518.0,190.0,1120.29
1778557909.689321,599616228344817574,3816,-914.0,485.0,205.0,1054.82
1778557909.729321,599616228384817574,3816,-907.0,493.0,88.0,1036.07
1778557909.769321,599616228424817574,3816,-954.0,622.0,129.0,1146.14
1778557909.809321,599616228464817574,3816,-903.0,585.0,68.0,1078.08
1778557909.849321,599616228504817574,3816,-893.0,559.0,99.0,1058.17
1778557909.889321,599616228544817574,3816,-932.0,520.0,275.0,1102.11
1778557909.929321,599616228584817574,3816,-983.0,538.0,-55.0,1121.94
1778557909.969321,599616228624817574,3816,-1209.0,335.0,-202.0,1270.71
1778557910.009321,599616228664817574,3816,-1177.0,42.0,-134.0,1185.35
1778557910.049321,599616228704817574,3816,-1037.0,-236.0,12.0,1063.58
1778557910.089321,599616228744817574,3816,-1043.0,-204.0,28.0,1063.13
1778557910.128886,599616228765369440,3852,-1074.0,-256.0,-43.0,1104.93
1778557910.168886,599616228805369440,3852,-889.0,-199.0,55.0,912.66
1778557910.208886,599616228845369440,3852,-1006.0,-197.0,52.0,1026.43
1778557910.248886,599616228885369440,3852,-1051.0,-11.0,59.0,1052.71
1778557910.288886,599616228925369440,3852,-1116.0,425.0,255.0,1221.11
1778557910.328886,599616228965369440,3852,-827.0,-156.0,291.0,890.48
1778557910.368886,599616229005369440,3852,-1106.0,-178.0,319.0,1164.77
1778557910.408886,599616229045369440,3852,-1082.0,-111.0,332.0,1137.22
1778557910.448886,599616229085369440,3852,-913.0,-200.0,410.0,1020.62
1778557910.488886,599616229125369440,3852,-925.0,-31.0,143.0,936.5
1778557910.528886,599616229165369440,3852,-964.0,-460.0,38.0,1068.8
1778557910.568886,599616229205369440,3852,-1134.0,-182.0,131.0,1155.96
1778557910.608886,599616229245369440,3852,-1155.0,-163.0,75.0,1168.85
1778557910.648886,599616229285369440,3852,-949.0,-294.0,-130.0,1001.97
1778557910.688886,599616229325369440,3852,-1018.0,-338.0,-53.0,1073.95
1778557910.728886,599616229365369440,3852,-930.0,-164.0,-81.0,947.82
1778557910.768886,599616229405369440,3852,-913.0,-119.0,-121.0,928.64
1778557910.808886,599616229445369440,3852,-961.0,-179.0,-231.0,1004.45
1778557910.848886,599616229485369440,3852,-928.0,-51.0,-192.0,949.03
1778557910.888886,599616229525369440,3852,-831.0,116.0,60.0,841.2
1778557910.928886,599616229565369440,3852,-681.0,114.0,-38.0,691.52
1778557910.968886,599616229605369440,3852,-996.0,-500.0,-218.0,1135.58
1778557911.008886,599616229645369440,3852,-1534.0,-511.0,-256.0,1637.01
1778557911.048886,599616229685369440,3852,-1239.0,-191.0,173.0,1265.52
1778557911.088886,599616229725369440,3852,-945.0,412.0,76.0,1033.7
1778557911.128886,599616229765369440,3852,-856.0,220.0,43.0,884.86
1778557911.168886,599616229805369440,3852,-931.0,-316.0,197.0,1002.71
1778557911.208886,599616229845369440,3852,-1153.0,-557.0,51.0,1281.51
1778557911.248886,599616229885369440,3852,-1114.0,51.0,214.0,1135.51
1778557911.288886,599616229925369440,3852,-1023.0,141.0,229.0,1057.76
1778557911.328886,599616229965369440,3852,-932.0,-181.0,95.0,954.15
1778557911.368886,599616230005369440,3852,-934.0,-116.0,124.0,949.31
1778557911.408886,599616230045369440,3852,-991.0,-206.0,73.0,1014.81
1778557911.448886,599616230085369440,3852,-1107.0,-38.0,246.0,1134.64
1778557911.488886,599616230125369440,3852,-1077.0,-201.0,93.0,1099.54
1778557911.528886,599616230165369440,3852,-991.0,-177.0,151.0,1017.94
1778557911.523593,599616230186226476,3888,-937.0,-128.0,112.0,952.31
1778557911.563593,599616230226226476,3888,-996.0,-191.0,21.0,1014.37
1778557911.603593,599616230266226476,3888,-1029.0,1.0,177.0,1044.11
1778557911.643593,599616230306226476,3888,-1060.0,-327.0,80.0,1112.17
1778557911.683593,599616230346226476,3888,-1077.0,-15.0,168.0,1090.13
1778557911.723593,599616230386226476,3888,-929.0,-141.0,90.0,943.94
1778557911.763593,599616230426226476,3888,-993.0,-173.0,65.0,1010.05
1778557911.803593,599616230466226476,3888,-1014.0,-99.0,126.0,1026.58
1778557911.843593,599616230506226476,3888,-984.0,-132.0,141.0,1002.78
1778557911.883593,599616230546226476,3888,-1016.0,-212.0,88.0,1041.61
1778557911.923593,599616230586226476,3888,-1001.0,-127.0,96.0,1013.58
1778557911.963593,599616230626226476,3888,-1034.0,-110.0,147.0,1050.17
1778557912.003593,599616230666226476,3888,-1001.0,-162.0,106.0,1019.55
1778557912.043593,599616230706226476,3888,-998.0,-134.0,92.0,1011.15
1778557912.083593,599616230746226476,3888,-1013.0,-161.0,90.0,1029.66
1778557912.123593,599616230786226476,3888,-1034.0,-110.0,135.0,1048.56
1778557912.163593,599616230826226476,3888,-985.0,-126.0,118.0,1000.01
1778557912.203593,599616230866226476,3888,-1002.0,-147.0,99.0,1017.55
1778557912.243593,599616230906226476,3888,-1045.0,-147.0,142.0,1064.8
1778557912.283593,599616230946226476,3888,-1061.0,-24.0,157.0,1072.82
1778557912.323593,599616230986226476,3888,-972.0,-27.0,105.0,978.03
1778557912.363593,599616231026226476,3888,-914.0,-137.0,79.0,927.58
1778557912.403593,599616231066226476,3888,-1034.0,-265.0,32.0,1067.9
1778557912.443593,599616231106226476,3888,-1055.0,-155.0,46.0,1067.32
1778557912.483593,599616231146226476,3888,-992.0,-123.0,62.0,1001.52
1778557912.523593,599616231186226476,3888,-960.0,-108.0,51.0,967.4
1778557912.563593,599616231226226476,3888,-1022.0,-134.0,40.0,1031.52
1778557912.603593,599616231266226476,3888,-1043.0,-227.0,-20.0,1067.6
1778557912.643593,599616231306226476,3888,-977.0,-178.0,18.0,993.25
1778557912.683593,599616231346226476,3888,-1049.0,11.0,124.0,1056.36
1778557912.723593,599616231386226476,3888,-1021.0,-23.0,84.0,1024.71
1778557912.763593,599616231426226476,3888,-1009.0,-105.0,9.0,1014.49
1778557912.803593,599616231466226476,3888,-1055.0,-93.0,50.0,1060.27
1778557912.843593,599616231506226476,3888,-1026.0,-101.0,45.0,1031.94
1778557912.883593,599616231546226476,3888,-1039.0,-120.0,45.0,1046.87
1778557912.923593,599616231586226476,3888,-1042.0,-100.0,10.0,1046.84
1778557912.963764,599616231607022464,3924,-1034.0,-6.0,90.0,1037.93
1778557913.003764,599616231647022464,3924,-1013.0,-46.0,25.0,1014.35
1778557913.043764,599616231687022464,3924,-1025.0,-96.0,15.0,1029.6
1778557913.083764,599616231727022464,3924,-1023.0,-139.0,34.0,1032.96
1778557913.123764,599616231767022464,3924,-998.0,-96.0,65.0,1004.71
1778557913.163764,599616231807022464,3924,-1012.0,-8.0,71.0,1014.52
1778557913.203764,599616231847022464,3924,-1034.0,-44.0,27.0,1035.29
1778557913.243764,599616231887022464,3924,-1025.0,-70.0,46.0,1028.42
1778557913.283764,599616231927022464,3924,-1023.0,-40.0,32.0,1024.28
1778557913.323764,599616231967022464,3924,-1006.0,-73.0,41.0,1009.48
1778557913.363764,599616232007022464,3924,-1023.0,-71.0,42.0,1026.32
1778557913.403764,599616232047022464,3924,-1018.0,-94.0,-3.0,1022.34
1778557913.443764,599616232087022464,3924,-994.0,-70.0,72.0,999.06
1778557913.483764,599616232127022464,3924,-1072.0,-56.0,56.0,1074.92
1778557913.523764,599616232167022464,3924,-1028.0,-135.0,-20.0,1037.02
1778557913.563764,599616232207022464,3924,-1015.0,-22.0,40.0,1016.03
1778557913.603764,599616232247022464,3924,-999.0,-52.0,21.0,1000.57
1778557913.643764,599616232287022464,3924,-1012.0,14.0,99.0,1016.93
1778557913.683764,599616232327022464,3924,-1012.0,-143.0,9.0,1022.09
1778557913.723764,599616232367022464,3924,-1042.0,-77.0,40.0,1045.61
1778557913.763764,599616232407022464,3924,-1015.0,-90.0,11.0,1019.04
1778557913.803764,599616232447022464,3924,-1023.0,-124.0,86.0,1034.07
1778557913.843764,599616232487022464,3924,-1047.0,-171.0,56.0,1062.35
1778557913.883764,599616232527022464,3924,-1021.0,-162.0,62.0,1035.63
1778557913.923764,599616232567022464,3924,-1004.0,-111.0,79.0,1013.2
1778557913.963764,599616232607022464,3924,-1033.0,-88.0,162.0,1049.32
1778557914.003764,599616232647022464,3924,-1066.0,-133.0,52.0,1075.52
1778557914.043764,599616232687022464,3924,-1022.0,-120.0,111.0,1034.99
1778557914.083764,599616232727022464,3924,-1061.0,-118.0,97.0,1071.94
1778557914.123764,599616232767022464,3924,-1028.0,-79.0,100.0,1035.87
1778557914.163764,599616232807022464,3924,-942.0,-124.0,135.0,959.67
1778557914.203764,599616232847022464,3924,-967.0,-116.0,170.0,988.66
1778557914.243764,599616232887022464,3924,-1034.0,-137.0,157.0,1054.79
1778557914.283764,599616232927022464,3924,-988.0,-141.0,166.0,1011.72
1778557914.323764,599616232967022464,3924,-974.0,-206.0,162.0,1008.64
1778557914.363764,599616233007022464,3924,-997.0,-169.0,198.0,1030.42
1778557914.359565,599616233026841900,3960,-1024.0,-136.0,169.0,1046.72
1778557914.399565,599616233066841900,3960,-990.0,-183.0,204.0,1027.23
1778557914.439565,599616233106841900,3960,-1104.0,-86.0,200.0,1125.26
1778557914.479565,599616233146841900,3960,-976.0,-215.0,231.0,1025.75
1778557914.519565,599616233186841900,3960,-974.0,-167.0,171.0,1002.9
1778557914.559565,599616233226841900,3960,-918.0,-198.0,134.0,948.62
1778557914.599565,599616233266841900,3960,-939.0,-238.0,191.0,987.34
1778557914.639565,599616233306841900,3960,-981.0,-255.0,183.0,1029.99
1778557914.679565,599616233346841900,3960,-971.0,-217.0,201.0,1015.05
1778557914.719565,599616233386841900,3960,-971.0,-209.0,213.0,1015.82
1778557914.759565,599616233426841900,3960,-971.0,-139.0,236.0,1008.89
1778557914.799565,599616233466841900,3960,-968.0,-191.0,230.0,1013.12
1778557914.839565,599616233506841900,3960,-1006.0,-234.0,211.0,1054.19
1778557914.879565,599616233546841900,3960,-1028.0,-187.0,226.0,1069.03
1778557914.919565,599616233586841900,3960,-1034.0,-151.0,220.0,1067.87
1778557914.959565,599616233626841900,3960,-938.0,-238.0,186.0,985.44
1778557914.999565,599616233666841900,3960,-998.0,-169.0,209.0,1033.56
1778557915.039565,599616233706841900,3960,-985.0,-224.0,201.0,1029.95
1778557915.079565,599616233746841900,3960,-973.0,-154.0,219.0,1009.16
1778557915.119565,599616233786841900,3960,-968.0,-87.0,239.0,1000.86
1778557915.159565,599616233826841900,3960,-1056.0,-166.0,244.0,1096.46
1778557915.199565,599616233866841900,3960,-1046.0,-261.0,209.0,1098.14
1778557915.239565,599616233906841900,3960,-938.0,-202.0,202.0,980.54
1778557915.279565,599616233946841900,3960,-955.0,-187.0,194.0,992.29
1778557915.319565,599616233986841900,3960,-976.0,-140.0,188.0,1003.75
1778557915.359565,599616234026841900,3960,-1019.0,-132.0,192.0,1045.3
1778557915.399565,599616234066841900,3960,-1055.0,-164.0,193.0,1084.97
1778557915.439565,599616234106841900,3960,-1023.0,-166.0,146.0,1046.61
1778557915.479565,599616234146841900,3960,-941.0,-123.0,182.0,966.3
1778557915.519565,599616234186841900,3960,-969.0,-130.0,198.0,997.53
1778557915.559565,599616234226841900,3960,-1041.0,-172.0,200.0,1073.9
1778557915.599565,599616234266841900,3960,-1038.0,-147.0,160.0,1060.5
1778557915.639565,599616234306841900,3960,-999.0,-137.0,149.0,1019.3
1778557915.679565,599616234346841900,3960,-992.0,-183.0,183.0,1025.2
1778557915.719565,599616234386841900,3960,-1004.0,-178.0,174.0,1034.4
1778557915.759565,599616234426841900,3960,-971.0,-132.0,171.0,994.74
1778557915.798666,599616234447698960,3996,-1024.0,-117.0,171.0,1044.75
1778557915.838666,599616234487698960,3996,-1017.0,-142.0,171.0,1041.01
1778557915.878666,599616234527698960,3996,-973.0,-152.0,160.0,997.71
1778557915.918666,599616234567698960,3996,-1013.0,-192.0,195.0,1049.31
1778557915.958667,599616234607698960,3996,-993.0,-218.0,171.0,1030.93
1778557915.998667,599616234647698960,3996,-972.0,-117.0,165.0,992.82
1778557916.038666,599616234687698960,3996,-1005.0,-170.0,207.0,1040.08
1778557916.078666,599616234727698960,3996,-1028.0,-164.0,187.0,1057.66
1778557916.118666,599616234767698960,3996,-986.0,-128.0,158.0,1006.75
1778557916.158666,599616234807698960,3996,-1017.0,-169.0,191.0,1048.49
1778557916.198667,599616234847698960,3996,-996.0,-188.0,185.0,1030.33
1778557916.238667,599616234887698960,3996,-980.0,-132.0,193.0,1007.51
1778557916.278666,599616234927698960,3996,-1019.0,-170.0,214.0,1055.02
1778557916.318666,599616234967698960,3996,-1008.0,-180.0,196.0,1042.54
1778557916.358666,599616235007698960,3996,-1007.0,-176.0,180.0,1037.99
1778557916.398666,599616235047698960,3996,-985.0,-123.0,143.0,1002.9
1778557916.438667,599616235087698960,3996,-981.0,-143.0,201.0,1011.54
1778557916.478667,599616235127698960,3996,-964.0,-143.0,202.0,995.26
1778557916.518667,599616235167698960,3996,-991.0,-80.0,210.0,1016.16
1778557916.558666,599616235207698960,3996,-1006.0,-99.0,220.0,1034.52
1778557916.598666,599616235247698960,3996,-1028.0,-109.0,151.0,1044.73
1778557916.638666,599616235287698960,3996,-1009.0,-164.0,199.0,1041.43
1778557916.678667,599616235327698960,3996,-983.0,-232.0,205.0,1030.6
1778557916.718667,599616235367698960,3996,-942.0,-177.0,191.0,977.33
1778557916.758667,599616235407698960,3996,-951.0,-113.0,220.0,982.63
1778557916.798666,599616235447698960,3996,-1033.0,-60.0,159.0,1046.89
1778557916.838666,599616235487698960,3996,-1051.0,-51.0,189.0,1069.08
1778557916.878666,599616235527698960,3996,-1207.0,-112.0,216.0,1231.28
1778557916.918666,599616235567698960,3996,-1050.0,-44.0,194.0,1068.68
1778557916.958667,599616235607698960,3996,-910.0,-21.0,81.0,913.84
1778557916.998667,599616235647698960,3996,-918.0,-176.0,114.0,941.65
1778557917.038666,599616235687698960,3996,-974.0,-96.0,186.0,996.24
1778557917.078666,599616235727698960,3996,-1146.0,-28.0,67.0,1148.3
1778557917.118666,599616235767698960,3996,-1053.0,-75.0,171.0,1069.43
1778557917.158666,599616235807698960,3996,-1017.0,2.0,144.0,1027.15
1778557917.198667,599616235847698960,3996,-1025.0,81.0,115.0,1034.61
1778557917.238720,599616235867518376,4032,-1012.0,-133.0,95.0,1025.11
1778557917.278720,599616235907518376,4032,-1081.0,-109.0,111.0,1092.14
1778557917.318720,599616235947518376,4032,-1088.0,-10.0,138.0,1096.76
1778557917.358720,599616235987518376,4032,-811.0,-173.0,-27.0,829.69
1778557917.398720,599616236027518376,4032,-952.0,25.0,-6.0,952.35
1778557917.438720,599616236067518376,4032,-1002.0,-28.0,-89.0,1006.33
1778557917.478720,599616236107518376,4032,-1060.0,-10.0,34.0,1060.59
1778557917.518720,599616236147518376,4032,-1221.0,15.0,116.0,1226.59
1778557917.558720,599616236187518376,4032,-1000.0,279.0,60.0,1039.92
1778557917.598720,599616236227518376,4032,-827.0,72.0,103.0,836.49
1778557917.638720,599616236267518376,4032,-1067.0,155.0,137.0,1086.87
1778557917.678720,599616236307518376,4032,-1080.0,69.0,132.0,1090.22
1778557917.718720,599616236347518376,4032,-1078.0,-102.0,34.0,1083.35
1778557917.758720,599616236387518376,4032,-1093.0,11.0,84.0,1096.28
1778557917.798720,599616236427518376,4032,-1188.0,10.0,195.0,1203.94
1778557917.838720,599616236467518376,4032,-1060.0,87.0,15.0,1063.67
1778557917.878720,599616236507518376,4032,-822.0,106.0,6.0,828.83
1778557917.918720,599616236547518376,4032,-870.0,123.0,48.0,879.96
1778557917.958720,599616236587518376,4032,-1003.0,114.0,81.0,1012.7
1778557917.998720,599616236627518376,4032,-1060.0,191.0,103.0,1081.98
1778557918.038720,599616236667518376,4032,-1139.0,129.0,75.0,1148.73
1778557918.078720,599616236707518376,4032,-993.0,6.0,22.0,993.26
1778557918.118720,599616236747518376,4032,-1100.0,142.0,93.0,1113.02
1778557918.158720,599616236787518376,4032,-927.0,133.0,32.0,937.04
1778557918.198720,599616236827518376,4032,-970.0,78.0,-2.0,973.13
1778557918.238720,599616236867518376,4032,-931.0,186.0,193.0,968.82
1778557918.278720,599616236907518376,4032,-1094.0,329.0,221.0,1163.58
1778557918.318720,599616236947518376,4032,-883.0,382.0,188.0,980.28
1778557918.358720,599616236987518376,4032,-314.0,78.0,57.0,328.53
1778557918.398720,599616237027518376,4032,-434.0,-53.0,754.0,871.6
1778557918.438720,599616237067518376,4032,-1546.0,971.0,-142.0,1831.15
1778557918.478720,599616237107518376,4032,-430.0,771.0,-356.0,951.88
1778557918.518720,599616237147518376,4032,-2000.0,92.0,-612.0,2093.56
1778557918.558720,599616237187518376,4032,-1112.0,-347.0,-359.0,1218.95
1778557918.598720,599616237227518376,4032,-584.0,-75.0,-142.0,605.68
1778557918.638720,599616237267518376,4032,-1175.0,-21.0,-428.0,1250.7
1778557918.633716,599616237287307280,4068,-950.0,-171.0,-561.0,1116.45
1778557918.673716,599616237327307280,4068,-1381.0,-271.0,-559.0,1514.29
1778557918.713716,599616237367307280,4068,-859.0,286.0,-546.0,1057.26
1778557918.753716,599616237407307280,4068,-687.0,790.0,-217.0,1069.19
1778557918.793716,599616237447307280,4068,-678.0,534.0,-94.0,868.15
1778557918.833716,599616237487307280,4068,-801.0,234.0,-155.0,848.75
1778557918.873716,599616237527307280,4068,-1282.0,-6.0,-180.0,1294.59
1778557918.913716,599616237567307280,4068,-1412.0,96.0,-460.0,1488.14
1778557918.953716,599616237607307280,4068,-1005.0,206.0,-282.0,1063.95
1778557918.993716,599616237647307280,4068,-706.0,178.0,-261.0,773.46
1778557919.033716,599616237687307280,4068,-789.0,208.0,-227.0,846.94
1778557919.073716,599616237727307280,4068,-558.0,144.0,-427.0,717.24
1778557919.113716,599616237767307280,4068,-946.0,163.0,-746.0,1215.73
1778557919.153716,599616237807307280,4068,-968.0,187.0,-895.0,1331.55
1778557919.193716,599616237847307280,4068,-756.0,179.0,-666.0,1023.3
1778557919.233716,599616237887307280,4068,-689.0,249.0,-686.0,1003.65
1778557919.273716,599616237927307280,4068,-819.0,296.0,-772.0,1163.77
1778557919.313716,599616237967307280,4068,-849.0,215.0,-572.0,1046.04
1778557919.353716,599616238007307280,4068,-877.0,222.0,-600.0,1085.55
1778557919.393716,599616238047307280,4068,-794.0,251.0,-539.0,991.95
1778557919.433716,599616238087307280,4068,-707.0,231.0,-457.0,872.96
1778557919.473716,599616238127307280,4068,-639.0,219.0,-308.0,742.39
1778557919.513716,599616238167307280,4068,-973.0,266.0,-224.0,1033.28
1778557919.553716,599616238207307280,4068,-1306.0,233.0,-296.0,1359.24
1778557919.593716,599616238247307280,4068,-1025.0,298.0,-263.0,1099.36
1778557919.633716,599616238287307280,4068,-665.0,-216.0,-71.0,702.8
1778557919.673716,599616238327307280,4068,-735.0,-168.0,-75.0,757.68
1778557919.713716,599616238367307280,4068,-1087.0,-163.0,-136.0,1107.54
1778557919.753716,599616238407307280,4068,-1231.0,-150.0,-310.0,1278.26
1778557919.793716,599616238447307280,4068,-1182.0,-25.0,-313.0,1223.0
1778557919.833716,599616238487307280,4068,-964.0,-130.0,-225.0,998.41
1778557919.873716,599616238527307280,4068,-874.0,-330.0,-193.0,953.95
1778557919.913716,599616238567307280,4068,-980.0,-316.0,-165.0,1042.82
1778557919.953716,599616238607307280,4068,-1044.0,-222.0,-183.0,1082.92
1778557919.993716,599616238647307280,4068,-949.0,-247.0,-241.0,1009.8
1778557920.033716,599616238687307280,4068,-854.0,-265.0,-243.0,926.6
1778557920.073913,599616238707187778,4104,-934.0,-279.0,-254.0,1007.33
1778557920.113913,599616238747187778,4104,-1038.0,-380.0,-185.0,1120.74
1778557920.153913,599616238787187778,4104,-982.0,-116.0,-255.0,1021.18
1778557920.193913,599616238827187778,4104,-845.0,72.0,-236.0,880.29
1778557920.233913,599616238867187778,4104,-1094.0,-91.0,-201.0,1116.03
1778557920.273913,599616238907187778,4104,-970.0,-221.0,-173.0,1009.79
1778557920.313913,599616238947187778,4104,-820.0,-281.0,-334.0,928.93
1778557920.353913,599616238987187778,4104,-780.0,-302.0,-372.0,915.42
1778557920.393913,599616239027187778,4104,-893.0,-252.0,-290.0,972.14
1778557920.433913,599616239067187778,4104,-970.0,-164.0,-311.0,1031.75
1778557920.473913,599616239107187778,4104,-784.0,-212.0,-332.0,877.4
1778557920.513913,599616239147187778,4104,-769.0,-265.0,-392.0,902.91
1778557920.553913,599616239187187778,4104,-839.0,-246.0,-426.0,972.58
1778557920.593913,599616239227187778,4104,-973.0,-238.0,-413.0,1083.49
1778557920.633913,599616239267187778,4104,-1014.0,-192.0,-473.0,1135.25
1778557920.673913,599616239307187778,4104,-959.0,-117.0,-528.0,1100.98
1778557920.713913,599616239347187778,4104,-905.0,-92.0,-524.0,1049.79
1778557920.753913,599616239387187778,4104,-893.0,-235.0,-720.0,1170.93
1778557920.793913,599616239427187778,4104,-879.0,-104.0,-580.0,1058.23
1778557920.833913,599616239467187778,4104,-900.0,-22.0,-509.0,1034.2
1778557920.873913,599616239507187778,4104,-910.0,-80.0,-630.0,1109.68
1778557920.913913,599616239547187778,4104,-917.0,-124.0,-673.0,1144.2
1778557920.953913,599616239587187778,4104,-907.0,-90.0,-575.0,1077.67
1778557920.993913,599616239627187778,4104,-898.0,63.0,-542.0,1050.78
1778557921.033913,599616239667187778,4104,-913.0,118.0,-626.0,1113.27
1778557921.073913,599616239707187778,4104,-827.0,-12.0,-593.0,1017.7
1778557921.113913,599616239747187778,4104,-862.0,-27.0,-502.0,997.89
1778557921.153913,599616239787187778,4104,-789.0,39.0,-536.0,954.64
1778557921.193913,599616239827187778,4104,-834.0,30.0,-643.0,1053.52
1778557921.233913,599616239867187778,4104,-863.0,-14.0,-530.0,1012.85
1778557921.273913,599616239907187778,4104,-883.0,32.0,-571.0,1052.02
1778557921.313913,599616239947187778,4104,-820.0,47.0,-468.0,945.32
1778557921.353913,599616239987187778,4104,-863.0,22.0,-440.0,968.94
1778557921.393913,599616240027187778,4104,-823.0,11.0,-467.0,946.33
1778557921.433913,599616240067187778,4104,-979.0,-6.0,-589.0,1142.54
1778557921.473913,599616240107187778,4104,-970.0,-61.0,-529.0,1106.55
1778557921.468842,599616240127007190,4140,-892.0,-65.0,-482.0,1015.98
1778557921.508842,599616240167007190,4140,-858.0,-88.0,-445.0,970.53
1778557921.548842,599616240207007190,4140,-1041.0,-94.0,-557.0,1184.38
1778557921.588842,599616240247007190,4140,-956.0,-79.0,-436.0,1053.69
1778557921.628842,599616240287007190,4140,-919.0,-132.0,-339.0,988.39
1778557921.668842,599616240327007190,4140,-965.0,-173.0,-373.0,1048.94
1778557921.708842,599616240367007190,4140,-938.0,-203.0,-312.0,1009.16
1778557921.748842,599616240407007190,4140,-962.0,-154.0,-310.0,1022.38
1778557921.788842,599616240447007190,4140,-974.0,-190.0,-182.0,1008.91
1778557921.828842,599616240487007190,4140,-899.0,-189.0,-209.0,942.13
1778557921.868842,599616240527007190,4140,-901.0,-234.0,-310.0,981.15
1778557921.908842,599616240567007190,4140,-779.0,-218.0,-223.0,839.1
1778557921.948842,599616240607007190,4140,-832.0,-298.0,-94.0,888.74
1778557921.988842,599616240647007190,4140,-820.0,-458.0,-123.0,947.26
1778557922.028842,599616240687007190,4140,-778.0,-464.0,-25.0,906.2
1778557922.068842,599616240727007190,4140,-765.0,-479.0,-103.0,908.45
1778557922.108842,599616240767007190,4140,-751.0,-328.0,-466.0,942.73
1778557922.148842,599616240807007190,4140,-1188.0,304.0,-309.0,1264.61
1778557922.188842,599616240847007190,4140,-627.0,-18.0,-246.0,673.77
1778557922.228842,599616240887007190,4140,-533.0,-132.0,-405.0,682.3
1778557922.268842,599616240927007190,4140,-528.0,-132.0,-495.0,735.69
1778557922.308842,599616240967007190,4140,-621.0,-195.0,-459.0,796.46
1778557922.348842,599616241007007190,4140,-709.0,-391.0,-409.0,907.11
1778557922.388842,599616241047007190,4140,-602.0,-342.0,-434.0,817.14
1778557922.428842,599616241087007190,4140,-670.0,-242.0,-856.0,1113.64
1778557922.468842,599616241127007190,4140,-716.0,-152.0,-1188.0,1395.39
1778557922.508842,599616241167007190,4140,-865.0,242.0,-777.0,1187.65
1778557922.548842,599616241207007190,4140,-985.0,164.0,-1133.0,1510.24
1778557922.588842,599616241247007190,4140,-753.0,-277.0,-1274.0,1505.59
1778557922.628842,599616241287007190,4140,-626.0,45.0,-1063.0,1234.45
1778557922.668842,599616241327007190,4140,-712.0,150.0,-1027.0,1258.64
1778557922.708842,599616241367007190,4140,-633.0,-39.0,-1050.0,1226.67
1778557922.748842,599616241407007190,4140,-566.0,19.0,-990.0,1140.53
1778557922.788842,599616241447007190,4140,-522.0,66.0,-845.0,995.42
1778557922.828842,599616241487007190,4140,-408.0,22.0,-804.0,901.87
1778557922.868842,599616241527007190,4140,-416.0,-56.0,-817.0,918.52
1778557922.913576,599616241546704546,4176,-432.0,-26.0,-791.0,901.65
1778557922.953576,599616241586704546,4176,-449.0,-7.0,-781.0,900.89
1778557922.993576,599616241626704546,4176,-473.0,11.0,-807.0,935.47
1778557923.033576,599616241666704546,4176,-479.0,0.0,-837.0,964.37
1778557923.073576,599616241706704546,4176,-484.0,57.0,-781.0,920.58
1778557923.113576,599616241746704546,4176,-516.0,80.0,-778.0,936.98
1778557923.153576,599616241786704546,4176,-518.0,-55.0,-765.0,925.51
1778557923.193576,599616241826704546,4176,-532.0,-21.0,-764.0,931.21
1778557923.233576,599616241866704546,4176,-534.0,34.0,-767.0,935.2
1778557923.273576,599616241906704546,4176,-531.0,58.0,-764.0,932.21
1778557923.313576,599616241946704546,4176,-562.0,-58.0,-772.0,956.66
1778557923.353576,599616241986704546,4176,-631.0,-48.0,-804.0,1023.17
1778557923.393576,599616242026704546,4176,-648.0,-32.0,-795.0,1026.13
1778557923.433576,599616242066704546,4176,-710.0,14.0,-777.0,1052.63
1778557923.473576,599616242106704546,4176,-678.0,60.0,-701.0,977.08
1778557923.513576,599616242146704546,4176,-708.0,3.0,-652.0,962.48
1778557923.553576,599616242186704546,4176,-744.0,-97.0,-710.0,1032.98
1778557923.593576,599616242226704546,4176,-813.0,-177.0,-722.0,1101.63
1778557923.633576,599616242266704546,4176,-927.0,-143.0,-672.0,1153.85
1778557923.673576,599616242306704546,4176,-1079.0,-151.0,-636.0,1261.56
1778557923.713576,599616242346704546,4176,-1189.0,-264.0,-482.0,1309.86
1778557923.753576,599616242386704546,4176,-1109.0,-191.0,-242.0,1151.05
1778557923.793576,599616242426704546,4176,-988.0,-139.0,-140.0,1007.5
1778557923.833576,599616242466704546,4176,-997.0,-106.0,-174.0,1017.61
1778557923.873576,599616242506704546,4176,-1015.0,-58.0,-140.0,1026.25
1778557923.913576,599616242546704546,4176,-982.0,17.0,-142.0,992.36
1778557923.953576,599616242586704546,4176,-985.0,109.0,-70.0,993.48
1778557923.993576,599616242626704546,4176,-1036.0,160.0,-13.0,1048.36
1778557924.033576,599616242666704546,4176,-1051.0,80.0,10.0,1054.09
1778557924.073576,599616242706704546,4176,-1005.0,-43.0,23.0,1006.18
1778557924.113576,599616242746704546,4176,-984.0,-83.0,118.0,994.52
1778557924.153576,599616242786704546,4176,-999.0,-122.0,205.0,1027.09
1778557924.193576,599616242826704546,4176,-1014.0,-123.0,220.0,1044.86
1778557924.233576,599616242866704546,4176,-1003.0,-139.0,211.0,1034.34
1778557924.273576,599616242906704546,4176,-995.0,-191.0,204.0,1033.5
1778557924.313576,599616242946704546,4176,-985.0,-189.0,321.0,1053.08
1778557924.304047,599616242966768134,4212,-916.0,-208.0,323.0,993.3
1778557924.344047,599616243006768134,4212,-926.0,-193.0,250.0,978.38
1778557924.384047,599616243046768134,4212,-1019.0,-153.0,271.0,1065.46
1778557924.424047,599616243086768134,4212,-987.0,-218.0,198.0,1030.0
1778557924.464047,599616243126768134,4212,-918.0,-232.0,155.0,959.46
1778557924.504047,599616243166768134,4212,-915.0,-160.0,154.0,941.56
1778557924.544047,599616243206768134,4212,-964.0,-202.0,166.0,998.83
1778557924.584047,599616243246768134,4212,-1021.0,-243.0,166.0,1062.57
1778557924.624047,599616243286768134,4212,-1008.0,-241.0,187.0,1053.14
1778557924.664047,599616243326768134,4212,-973.0,-237.0,246.0,1031.22
1778557924.704047,599616243366768134,4212,-952.0,-236.0,312.0,1029.24
1778557924.744047,599616243406768134,4212,-981.0,-247.0,278.0,1049.12
1778557924.784047,599616243446768134,4212,-990.0,-262.0,187.0,1041.02
1778557924.824047,599616243486768134,4212,-963.0,-290.0,169.0,1019.82
1778557924.864047,599616243526768134,4212,-947.0,-291.0,163.0,1004.02
1778557924.904047,599616243566768134,4212,-952.0,-299.0,184.0,1014.67
1778557924.944047,599616243606768134,4212,-968.0,-305.0,209.0,1036.21
1778557924.984047,599616243646768134,4212,-981.0,-319.0,209.0,1052.52
1778557925.024047,599616243686768134,4212,-980.0,-317.0,200.0,1049.23
1778557925.064047,599616243726768134,4212,-984.0,-272.0,200.0,1040.31
1778557925.104047,599616243766768134,4212,-984.0,-248.0,209.0,1036.07
1778557925.144047,599616243806768134,4212,-972.0,-246.0,214.0,1025.23
1778557925.184047,599616243846768134,4212,-982.0,-249.0,213.0,1035.23
1778557925.224047,599616243886768134,4212,-982.0,-255.0,212.0,1036.48
1778557925.264047,599616243926768134,4212,-982.0,-265.0,201.0,1036.8
1778557925.304047,599616243966768134,4212,-978.0,-266.0,193.0,1031.74
1778557925.344047,599616244006768134,4212,-972.0,-265.0,199.0,1026.94
1778557925.384047,599616244046768134,4212,-972.0,-269.0,202.0,1028.57
1778557925.424047,599616244086768134,4212,-970.0,-267.0,215.0,1028.79
1778557925.464047,599616244126768134,4212,-976.0,-268.0,218.0,1035.34
1778557925.504047,599616244166768134,4212,-982.0,-264.0,211.0,1038.53
1778557925.544047,599616244206768134,4212,-969.0,-261.0,206.0,1024.46
1778557925.584047,599616244246768134,4212,-972.0,-253.0,211.0,1026.31
1778557925.624047,599616244286768134,4212,-981.0,-249.0,220.0,1035.74
1778557925.664047,599616244326768134,4212,-978.0,-249.0,211.0,1031.02
1778557925.704047,599616244366768134,4212,-975.0,-251.0,219.0,1030.33
1778557925.744050,599616244387014806,4248,-975.0,-255.0,223.0,1032.17
1778557925.784050,599616244427014806,4248,-970.0,-256.0,214.0,1025.78
1778557925.824050,599616244467014806,4248,-971.0,-260.0,208.0,1026.5
1778557925.864050,599616244507014806,4248,-971.0,-264.0,202.0,1026.32
1778557925.904050,599616244547014806,4248,-973.0,-263.0,205.0,1028.55
1778557925.944050,599616244587014806,4248,-972.0,-261.0,204.0,1026.9
1778557925.984050,599616244627014806,4248,-978.0,-261.0,197.0,1031.22
1778557926.024050,599616244667014806,4248,-977.0,-258.0,202.0,1030.48
1778557926.064050,599616244707014806,4248,-976.0,-256.0,203.0,1029.23
1778557926.104050,599616244747014806,4248,-976.0,-256.0,208.0,1030.23
1778557926.144050,599616244787014806,4248,-981.0,-255.0,213.0,1035.74
1778557926.184050,599616244827014806,4248,-974.0,-265.0,196.0,1028.26
1778557926.224050,599616244867014806,4248,-970.0,-268.0,206.0,1027.21
1778557926.264050,599616244907014806,4248,-973.0,-261.0,207.0,1028.44
1778557926.304050,599616244947014806,4248,-978.0,-258.0,205.0,1032.02
1778557926.344050,599616244987014806,4248,-971.0,-259.0,205.0,1025.64
1778557926.384050,599616245027014806,4248,-974.0,-265.0,206.0,1030.21
1778557926.424050,599616245067014806,4248,-974.0,-263.0,205.0,1029.5
1778557926.464050,599616245107014806,4248,-973.0,-257.0,215.0,1029.08
1778557926.504050,599616245147014806,4248,-975.0,-259.0,207.0,1029.83
1778557926.544050,599616245187014806,4248,-972.0,-258.0,208.0,1026.94
1778557926.584050,599616245227014806,4248,-974.0,-260.0,207.0,1029.14
1778557926.624050,599616245267014806,4248,-972.0,-257.0,214.0,1027.92
1778557926.664050,599616245307014806,4248,-977.0,-258.0,207.0,1031.48
1778557926.704050,599616245347014806,4248,-972.0,-259.0,209.0,1027.4
1778557926.744050,599616245387014806,4248,-972.0,-255.0,213.0,1027.22
1778557926.784050,599616245427014806,4248,-972.0,-255.0,217.0,1028.06
1778557926.824050,599616245467014806,4248,-978.0,-255.0,215.0,1033.31
1778557926.864050,599616245507014806,4248,-975.0,-259.0,205.0,1029.43
1778557926.904050,599616245547014806,4248,-973.0,-261.0,213.0,1029.67
1778557926.944050,599616245587014806,4248,-972.0,-259.0,209.0,1027.4
1778557926.984050,599616245627014806,4248,-972.0,-254.0,220.0,1028.45
1778557927.024050,599616245667014806,4248,-974.0,-252.0,223.0,1030.49
1778557927.064050,599616245707014806,4248,-974.0,-256.0,224.0,1031.69
1778557927.104050,599616245747014806,4248,-975.0,-262.0,221.0,1033.49
1778557927.144050,599616245787014806,4248,-972.0,-257.0,220.0,1029.19
1778557927.138869,599616245806742694,4284,-972.0,-258.0,223.0,1030.09
1778557927.178869,599616245846742694,4284,-972.0,-258.0,224.0,1030.3
1778557927.218869,599616245886742694,4284,-973.0,-256.0,224.0,1030.75
1778557927.258869,599616245926742694,4284,-972.0,-255.0,224.0,1029.56
1778557927.298869,599616245966742694,4284,-972.0,-257.0,220.0,1029.19
1778557927.338869,599616246006742694,4284,-975.0,-257.0,223.0,1032.67
1778557927.378869,599616246046742694,4284,-973.0,-261.0,220.0,1031.14
1778557927.418869,599616246086742694,4284,-973.0,-259.0,217.0,1030.0
1778557927.458869,599616246126742694,4284,-969.0,-257.0,223.0,1027.0
1778557927.498869,599616246166742694,4284,-970.0,-254.0,229.0,1028.52
1778557927.538869,599616246206742694,4284,-972.0,-255.0,226.0,1029.99
1778557927.578869,599616246246742694,4284,-973.0,-258.0,227.0,1031.9
1778557927.618869,599616246286742694,4284,-971.0,-258.0,224.0,1029.36
1778557927.658869,599616246326742694,4284,-973.0,-255.0,227.0,1031.16
1778557927.698869,599616246366742694,4284,-973.0,-255.0,225.0,1030.72
1778557927.738869,599616246406742694,4284,-970.0,-254.0,229.0,1028.52
1778557927.778869,599616246446742694,4284,-974.0,-254.0,225.0,1031.42
1778557927.818869,599616246486742694,4284,-972.0,-256.0,226.0,1030.24
1778557927.858869,599616246526742694,4284,-973.0,-257.0,224.0,1031.0
1778557927.898869,599616246566742694,4284,-973.0,-256.0,225.0,1030.97
1778557927.938869,599616246606742694,4284,-972.0,-255.0,226.0,1029.99
1778557927.978869,599616246646742694,4284,-972.0,-255.0,226.0,1029.99
1778557928.018869,599616246686742694,4284,-973.0,-256.0,226.0,1031.18
1778557928.058869,599616246726742694,4284,-972.0,-257.0,226.0,1030.49
1778557928.098869,599616246766742694,4284,-972.0,-255.0,226.0,1029.99
1778557928.138869,599616246806742694,4284,-973.0,-255.0,225.0,1030.72
1778557928.178869,599616246846742694,4284,-973.0,-257.0,224.0,1031.0
1778557928.218869,599616246886742694,4284,-972.0,-255.0,223.0,1029.34
1778557928.258869,599616246926742694,4284,-972.0,-256.0,225.0,1030.02
1778557928.298869,599616246966742694,4284,-973.0,-255.0,225.0,1030.72
1778557928.338869,599616247006742694,4284,-973.0,-259.0,225.0,1031.71
1778557928.378869,599616247046742694,4284,-972.0,-263.0,215.0,1029.65
1778557928.418869,599616247086742694,4284,-970.0,-259.0,216.0,1026.96
1778557928.458869,599616247126742694,4284,-973.0,-254.0,227.0,1030.91
1778557928.498869,599616247166742694,4284,-972.0,-252.0,222.0,1028.38
1778557928.538869,599616247206742694,4284,-972.0,-263.0,222.0,1031.13
1778557928.579093,599616247225982268,4320,-972.0,-263.0,220.0,1030.71
1778557928.619093,599616247265982268,4320,-970.0,-256.0,225.0,1028.13
1778557928.659093,599616247305982268,4320,-974.0,-257.0,219.0,1030.87
1778557928.699093,599616247345982268,4320,-972.0,-256.0,218.0,1028.52
1778557928.739093,599616247385982268,4320,-972.0,-256.0,222.0,1029.37
1778557928.779093,599616247425982268,4320,-972.0,-257.0,219.0,1028.98
1778557928.819093,599616247465982268,4320,-973.0,-256.0,217.0,1029.25
1778557928.859093,599616247505982268,4320,-973.0,-257.0,218.0,1029.71
1778557928.899093,599616247545982268,4320,-973.0,-256.0,222.0,1030.32
1778557928.939093,599616247585982268,4320,-972.0,-256.0,221.0,1029.16
1778557928.979093,599616247625982268,4320,-972.0,-255.0,219.0,1028.48
1778557929.019093,599616247665982268,4320,-971.0,-258.0,221.0,1028.71
1778557929.059093,599616247705982268,4320,-973.0,-257.0,222.0,1030.56
1778557929.099093,599616247745982268,4320,-979.0,-259.0,218.0,1035.88
1778557929.139093,599616247785982268,4320,-972.0,-260.0,216.0,1029.1
1778557929.179093,599616247825982268,4320,-971.0,-260.0,215.0,1027.94
1778557929.219093,599616247865982268,4320,-972.0,-254.0,224.0,1029.31
1778557929.259093,599616247905982268,4320,-973.0,-252.0,226.0,1030.2
1778557929.299093,599616247945982268,4320,-974.0,-255.0,227.0,1032.1
1778557929.339093,599616247985982268,4320,-973.0,-262.0,227.0,1032.91
1778557929.379093,599616248025982268,4320,-972.0,-258.0,224.0,1030.3
1778557929.419093,599616248065982268,4320,-972.0,-255.0,228.0,1030.43
1778557929.459093,599616248105982268,4320,-972.0,-255.0,224.0,1029.56
1778557929.499093,599616248145982268,4320,-970.0,-254.0,229.0,1028.52
1778557929.539093,599616248185982268,4320,-971.0,-255.0,226.0,1029.05
1778557929.579093,599616248225982268,4320,-972.0,-255.0,227.0,1030.21
1778557929.619093,599616248265982268,4320,-974.0,-255.0,226.0,1031.88
1778557929.659093,599616248305982268,4320,-971.0,-254.0,228.0,1029.24
1778557929.699093,599616248345982268,4320,-972.0,-254.0,229.0,1030.41
1778557929.739093,599616248385982268,4320,-972.0,-254.0,229.0,1030.41
1778557929.779093,599616248425982268,4320,-972.0,-255.0,228.0,1030.43
1778557929.819093,599616248465982268,4320,-971.0,-255.0,227.0,1029.27
1778557929.859093,599616248505982268,4320,-972.0,-256.0,230.0,1031.13
1778557929.899093,599616248545982268,4320,-974.0,-256.0,229.0,1032.79
1778557929.939093,599616248585982268,4320,-973.0,-258.0,224.0,1031.25
1778557929.979093,599616248625982268,4320,-972.0,-260.0,225.0,1031.02
1778557929.974051,599616248645008234,4356,-970.0,-254.0,227.0,1028.08
1778557930.014051,599616248685008234,4356,-971.0,-253.0,234.0,1030.34
1778557930.054051,599616248725008234,4356,-974.0,-253.0,228.0,1031.83
1778557930.094051,599616248765008234,4356,-973.0,-261.0,230.0,1033.32
1778557930.134051,599616248805008234,4356,-971.0,-258.0,229.0,1030.46
1778557930.174051,599616248845008234,4356,-970.0,-255.0,232.0,1029.44
1778557930.214051,599616248885008234,4356,-972.0,-257.0,226.0,1030.49
1778557930.254051,599616248925008234,4356,-970.0,-255.0,230.0,1028.99
1778557930.294051,599616248965008234,4356,-971.0,-255.0,231.0,1030.16
1778557930.334051,599616249005008234,4356,-973.0,-255.0,230.0,1031.82
1778557930.374051,599616249045008234,4356,-973.0,-256.0,228.0,1031.62
1778557930.414051,599616249085008234,4356,-972.0,-255.0,230.0,1030.88
1778557930.454051,599616249125008234,4356,-973.0,-254.0,231.0,1031.8
1778557930.494051,599616249165008234,4356,-973.0,-253.0,229.0,1031.11
1778557930.534051,599616249205008234,4356,-972.0,-254.0,227.0,1029.97
1778557930.574051,599616249245008234,4356,-972.0,-255.0,228.0,1030.43
1778557930.614051,599616249285008234,4356,-970.0,-255.0,228.0,1028.55
1778557930.654051,599616249325008234,4356,-970.0,-256.0,227.0,1028.57
1778557930.694051,599616249365008234,4356,-975.0,-254.0,228.0,1033.02
1778557930.734051,599616249405008234,4356,-973.0,-257.0,217.0,1029.5
1778557930.774051,599616249445008234,4356,-970.0,-263.0,217.0,1028.18
1778557930.814051,599616249485008234,4356,-970.0,-255.0,222.0,1027.23
1778557930.854051,599616249525008234,4356,-975.0,-253.0,226.0,1032.33
1778557930.894051,599616249565008234,4356,-970.0,-257.0,221.0,1027.52
1778557930.934051,599616249605008234,4356,-971.0,-262.0,223.0,1030.15
1778557930.974051,599616249645008234,4356,-972.0,-257.0,222.0,1029.62
1778557931.014051,599616249685008234,4356,-971.0,-256.0,226.0,1029.3
1778557931.054051,599616249725008234,4356,-972.0,-257.0,216.0,1028.34
1778557931.094051,599616249765008234,4356,-971.0,-257.0,227.0,1029.77
1778557931.134051,599616249805008234,4356,-973.0,-258.0,224.0,1031.25
1778557931.174051,599616249845008234,4356,-972.0,-255.0,221.0,1028.91
1778557931.214051,599616249885008234,4356,-973.0,-258.0,219.0,1030.17
1778557931.254051,599616249925008234,4356,-971.0,-256.0,220.0,1028.0
1778557931.294051,599616249965008234,4356,-972.0,-256.0,223.0,1029.59
1778557931.334051,599616250005008234,4356,-972.0,-256.0,224.0,1029.8
1778557931.374051,599616250045008234,4356,-975.0,-255.0,222.0,1031.96
1778557931.413969,599616250064247822,4392,-971.0,-258.0,224.0,1029.36
1778557931.453969,599616250104247822,4392,-974.0,-256.0,228.0,1032.57
1778557931.493968,599616250144247822,4392,-975.0,-258.0,224.0,1033.13
1778557931.533968,599616250184247822,4392,-971.0,-257.0,225.0,1029.33
1778557931.573969,599616250224247822,4392,-971.0,-259.0,221.0,1028.96
1778557931.613969,599616250264247822,4392,-970.0,-253.0,230.0,1028.5
1778557931.653969,599616250304247822,4392,-972.0,-253.0,232.0,1030.83
1778557931.693969,599616250344247822,4392,-972.0,-256.0,230.0,1031.13
1778557931.733968,599616250384247822,4392,-972.0,-260.0,232.0,1032.57
1778557931.773968,599616250424247822,4392,-971.0,-257.0,229.0,1030.21
1778557931.813969,599616250464247822,4392,-971.0,-256.0,232.0,1030.63
1778557931.853969,599616250504247822,4392,-970.0,-256.0,229.0,1029.02
1778557931.893969,599616250544247822,4392,-969.0,-255.0,232.0,1028.5
1778557931.933969,599616250584247822,4392,-972.0,-256.0,230.0,1031.13
1778557931.973969,599616250624247822,4392,-972.0,-255.0,231.0,1031.1
1778557932.013968,599616250664247822,4392,-972.0,-255.0,229.0,1030.66
1778557932.053969,599616250704247822,4392,-972.0,-254.0,230.0,1030.63
1778557932.093969,599616250744247822,4392,-971.0,-255.0,229.0,1029.71
1778557932.133969,599616250784247822,4392,-970.0,-255.0,229.0,1028.77
1778557932.173969,599616250824247822,4392,-971.0,-257.0,230.0,1030.43
1778557932.213969,599616250864247822,4392,-972.0,-256.0,227.0,1030.46
1778557932.253968,599616250904247822,4392,-972.0,-255.0,231.0,1031.1
1778557932.293969,599616250944247822,4392,-973.0,-255.0,232.0,1032.27
1778557932.333969,599616250984247822,4392,-972.0,-253.0,229.0,1030.16
1778557932.373969,599616251024247822,4392,-972.0,-254.0,229.0,1030.41
1778557932.413969,599616251064247822,4392,-968.0,-250.0,221.0,1023.9
1778557932.453969,599616251104247822,4392,-973.0,-250.0,241.0,1033.11
1778557932.493968,599616251144247822,4392,-977.0,-255.0,237.0,1037.17
1778557932.533968,599616251184247822,4392,-969.0,-273.0,229.0,1032.44
1778557932.573969,599616251224247822,4392,-970.0,-271.0,221.0,1031.11
1778557932.613969,599616251264247822,4392,-966.0,-250.0,220.0,1021.79
1778557932.653969,599616251304247822,4392,-975.0,-248.0,233.0,1032.68
1778557932.693969,599616251344247822,4392,-968.0,-248.0,244.0,1028.62
1778557932.733968,599616251384247822,4392,-961.0,-251.0,253.0,1024.95
1778557932.773968,599616251424247822,4392,-982.0,-284.0,231.0,1048.02
1778557932.813969,599616251464247822,4392,-981.0,-309.0,209.0,1049.53
1778557932.853948,599616251484158812,4428,-983.0,-306.0,190.0,1046.91
1778557932.893948,599616251524158812,4428,-984.0,-304.0,206.0,1050.29
1778557932.933948,599616251564158812,4428,-980.0,-287.0,217.0,1043.96
1778557932.973948,599616251604158812,4428,-1000.0,-255.0,233.0,1057.98
1778557933.013948,599616251644158812,4428,-922.0,-244.0,212.0,977.02
1778557933.053948,599616251684158812,4428,-965.0,-225.0,287.0,1031.61
1778557933.093948,599616251724158812,4428,-1005.0,-232.0,249.0,1061.06
1778557933.133948,599616251764158812,4428,-1004.0,-222.0,197.0,1046.95
1778557933.173948,599616251804158812,4428,-936.0,-270.0,261.0,1008.52
1778557933.213948,599616251844158812,4428,-963.0,-236.0,257.0,1024.26
1778557933.253948,599616251884158812,4428,-970.0,-235.0,241.0,1026.75
1778557933.293948,599616251924158812,4428,-916.0,-265.0,296.0,998.45
1778557933.333948,599616251964158812,4428,-940.0,-258.0,309.0,1022.57
1778557933.373948,599616252004158812,4428,-959.0,-242.0,287.0,1029.86
1778557933.413948,599616252044158812,4428,-957.0,-246.0,268.0,1023.81
1778557933.453948,599616252084158812,4428,-957.0,-247.0,261.0,1022.24
1778557933.493948,599616252124158812,4428,-959.0,-221.0,273.0,1021.3
1778557933.533948,599616252164158812,4428,-950.0,-215.0,301.0,1019.47
1778557933.573948,599616252204158812,4428,-989.0,-203.0,252.0,1040.59
1778557933.613948,599616252244158812,4428,-940.0,-257.0,317.0,1024.76
1778557933.653948,599616252284158812,4428,-977.0,-226.0,302.0,1047.29
1778557933.693948,599616252324158812,4428,-937.0,-239.0,295.0,1011.0
1778557933.733948,599616252364158812,4428,-958.0,-355.0,298.0,1064.23
1778557933.773948,599616252404158812,4428,-863.0,-90.0,404.0,957.12
1778557933.813948,599616252444158812,4428,-1019.0,-265.0,229.0,1077.51
1778557933.853948,599616252484158812,4428,-896.0,-280.0,343.0,999.43
1778557933.893948,599616252524158812,4428,-1010.0,-284.0,258.0,1080.43
1778557933.933948,599616252564158812,4428,-955.0,-265.0,347.0,1050.08
1778557933.973948,599616252604158812,4428,-949.0,-262.0,357.0,1047.23
1778557934.013948,599616252644158812,4428,-971.0,-236.0,336.0,1054.25
1778557934.053948,599616252684158812,4428,-967.0,-183.0,357.0,1046.91
1778557934.093948,599616252724158812,4428,-917.0,-169.0,258.0,967.48
1778557934.133948,599616252764158812,4428,-973.0,-174.0,293.0,1030.95
1778557934.173948,599616252804158812,4428,-991.0,-199.0,269.0,1045.97
1778557934.213948,599616252844158812,4428,-967.0,-178.0,293.0,1025.97
1778557934.253948,599616252884158812,4428,-946.0,-222.0,338.0,1028.81
1778557934.248989,599616252903734098,4464,-933.0,-180.0,360.0,1016.11
1778557934.288989,599616252943734098,4464,-994.0,-234.0,298.0,1063.77
1778557934.328989,599616252983734098,4464,-918.0,-254.0,310.0,1001.67
1778557934.368989,599616253023734098,4464,-952.0,-202.0,305.0,1019.87
1778557934.408989,599616253063734098,4464,-979.0,-200.0,315.0,1047.7
1778557934.448989,599616253103734098,4464,-943.0,-245.0,356.0,1037.31
1778557934.488989,599616253143734098,4464,-933.0,-217.0,340.0,1016.45
1778557934.528989,599616253183734098,4464,-946.0,-193.0,357.0,1029.38
1778557934.568989,599616253223734098,4464,-950.0,-244.0,376.0,1050.43
1778557934.608989,599616253263734098,4464,-916.0,-253.0,414.0,1036.56
1778557934.648989,599616253303734098,4464,-935.0,-286.0,387.0,1051.57
1778557934.688989,599616253343734098,4464,-880.0,-278.0,374.0,995.77
1778557934.728989,599616253383734098,4464,-953.0,-313.0,285.0,1042.79
1778557934.768989,599616253423734098,4464,-943.0,-385.0,409.0,1097.61
1778557934.808989,599616253463734098,4464,-961.0,-434.0,350.0,1111.03
1778557934.848989,599616253503734098,4464,-914.0,-424.0,182.0,1023.86
1778557934.888989,599616253543734098,4464,-958.0,-222.0,288.0,1024.69
1778557934.928989,599616253583734098,4464,-1069.0,117.0,170.0,1088.74
1778557934.968989,599616253623734098,4464,-870.0,-101.0,340.0,939.52
1778557935.008989,599616253663734098,4464,-909.0,-224.0,361.0,1003.38
1778557935.048989,599616253703734098,4464,-996.0,-208.0,328.0,1069.05
1778557935.088989,599616253743734098,4464,-937.0,-194.0,272.0,994.78
1778557935.128989,599616253783734098,4464,-916.0,-180.0,337.0,992.48
1778557935.168989,599616253823734098,4464,-951.0,-204.0,379.0,1043.87
1778557935.208989,599616253863734098,4464,-1016.0,-183.0,307.0,1077.03
1778557935.248989,599616253903734098,4464,-975.0,-201.0,218.0,1019.09
1778557935.288989,599616253943734098,4464,-918.0,-226.0,216.0,969.77
1778557935.328989,599616253983734098,4464,-923.0,-215.0,195.0,967.56
1778557935.368989,599616254023734098,4464,-969.0,-243.0,200.0,1018.83
1778557935.408989,599616254063734098,4464,-980.0,-217.0,213.0,1026.09
1778557935.448989,599616254103734098,4464,-965.0,-225.0,214.0,1013.73
1778557935.488989,599616254143734098,4464,-1017.0,-272.0,232.0,1078.01
1778557935.528989,599616254183734098,4464,-1049.0,-226.0,115.0,1079.21
1778557935.568989,599616254223734098,4464,-996.0,-210.0,52.0,1019.23
1778557935.608989,599616254263734098,4464,-998.0,-203.0,179.0,1034.05
1778557935.648989,599616254303734098,4464,-1013.0,-172.0,107.0,1033.05
1778557935.689040,599616254323217838,4500,-980.0,-206.0,129.0,1009.69
1778557935.729040,599616254363217838,4500,-1009.0,-224.0,115.0,1039.94
1778557935.769040,599616254403217838,4500,-1026.0,-212.0,89.0,1051.45
1778557935.809040,599616254443217838,4500,-1019.0,-201.0,92.0,1042.7
1778557935.849040,599616254483217838,4500,-1011.0,-229.0,79.0,1039.62
1778557935.889040,599616254523217838,4500,-1006.0,-227.0,57.0,1032.87
1778557935.929040,599616254563217838,4500,-1005.0,-193.0,80.0,1026.49
1778557935.969040,599616254603217838,4500,-1012.0,-199.0,63.0,1033.3
1778557936.009040,599616254643217838,4500,-1015.0,-184.0,65.0,1033.59
1778557936.049040,599616254683217838,4500,-1013.0,-169.0,72.0,1029.52
1778557936.089040,599616254723217838,4500,-1010.0,-178.0,94.0,1029.86
1778557936.129040,599616254763217838,4500,-1008.0,-192.0,103.0,1031.28
1778557936.169040,599616254803217838,4500,-1009.0,-194.0,104.0,1032.73
1778557936.209040,599616254843217838,4500,-1012.0,-196.0,102.0,1035.84
1778557936.249040,599616254883217838,4500,-1012.0,-184.0,91.0,1032.61
1778557936.289040,599616254923217838,4500,-1009.0,-161.0,80.0,1024.89
1778557936.329040,599616254963217838,4500,-1010.0,-149.0,76.0,1023.76
1778557936.369040,599616255003217838,4500,-1012.0,-159.0,81.0,1027.61
1778557936.409040,599616255043217838,4500,-1012.0,-176.0,91.0,1031.21
1778557936.449040,599616255083217838,4500,-1008.0,-192.0,96.0,1030.6
1778557936.489040,599616255123217838,4500,-1010.0,-198.0,88.0,1032.98
1778557936.529040,599616255163217838,4500,-1008.0,-188.0,90.0,1029.32
1778557936.569040,599616255203217838,4500,-1005.0,-186.0,97.0,1026.66
1778557936.609040,599616255243217838,4500,-1008.0,-182.0,94.0,1028.6
1778557936.649040,599616255283217838,4500,-1009.0,-187.0,96.0,1030.66
1778557936.689040,599616255323217838,4500,-1010.0,-189.0,96.0,1032.01
1778557936.729040,599616255363217838,4500,-1008.0,-184.0,98.0,1029.33
1778557936.769040,599616255403217838,4500,-1009.0,-190.0,98.0,1031.4
1778557936.809040,599616255443217838,4500,-1007.0,-193.0,102.0,1030.39
1778557936.849040,599616255483217838,4500,-1006.0,-197.0,101.0,1030.07
1778557936.889040,599616255523217838,4500,-1009.0,-198.0,100.0,1033.09
1778557936.929040,599616255563217838,4500,-1006.0,-195.0,100.0,1029.59
1778557936.969040,599616255603217838,4500,-1007.0,-199.0,98.0,1031.14
1778557937.009040,599616255643217838,4500,-1008.0,-195.0,99.0,1031.45
1778557937.049040,599616255683217838,4500,-1010.0,-194.0,99.0,1033.22
1778557937.089040,599616255723217838,4500,-1008.0,-195.0,101.0,1031.64
1778557937.083965,599616255742121756,4536,-1008.0,-194.0,103.0,1031.65
1778557937.123965,599616255782121756,4536,-1007.0,-194.0,106.0,1030.98
1778557937.163965,599616255822121756,4536,-1008.0,-190.0,103.0,1030.91
1778557937.203965,599616255862121756,4536,-1007.0,-191.0,106.0,1030.42
1778557937.243965,599616255902121756,4536,-1008.0,-194.0,103.0,1031.65
1778557937.283965,599616255942121756,4536,-1007.0,-195.0,106.0,1031.17
1778557937.323965,599616255982121756,4536,-1007.0,-192.0,104.0,1030.4
1778557937.363965,599616256022121756,4536,-1008.0,-194.0,102.0,1031.55
1778557937.403965,599616256062121756,4536,-1004.0,-191.0,114.0,1028.34
1778557937.443965,599616256102121756,4536,-1009.0,-186.0,108.0,1031.67
1778557937.483965,599616256142121756,4536,-1006.0,-191.0,103.0,1029.14
1778557937.523965,599616256182121756,4536,-1006.0,-195.0,105.0,1030.09
1778557937.563965,599616256222121756,4536,-1006.0,-192.0,109.0,1029.94
1778557937.603965,599616256262121756,4536,-1006.0,-194.0,104.0,1029.8
1778557937.643965,599616256302121756,4536,-1011.0,-193.0,99.0,1034.01
1778557937.683965,599616256342121756,4536,-1004.0,-192.0,108.0,1027.88
1778557937.723965,599616256382121756,4536,-1009.0,-196.0,103.0,1033.01
1778557937.763965,599616256422121756,4536,-1007.0,-195.0,105.0,1031.07
1778557937.803965,599616256462121756,4536,-1009.0,-196.0,102.0,1032.91
1778557937.843965,599616256502121756,4536,-1009.0,-198.0,102.0,1033.29
1778557937.883965,599616256542121756,4536,-1007.0,-196.0,104.0,1031.16
1778557937.923965,599616256582121756,4536,-1007.0,-197.0,105.0,1031.45
1778557937.963965,599616256622121756,4536,-1007.0,-197.0,104.0,1031.35
1778557938.003965,599616256662121756,4536,-1009.0,-198.0,105.0,1033.59
1778557938.043965,599616256702121756,4536,-1007.0,-197.0,102.0,1031.15
1778557938.083965,599616256742121756,4536,-1006.0,-197.0,106.0,1030.57
1778557938.123965,599616256782121756,4536,-1008.0,-196.0,108.0,1032.54
1778557938.163965,599616256822121756,4536,-1008.0,-199.0,101.0,1032.41
1778557938.203965,599616256862121756,4536,-1006.0,-200.0,105.0,1031.05
1778557938.243965,599616256902121756,4536,-1006.0,-196.0,109.0,1030.7
1778557938.283965,599616256942121756,4536,-1003.0,-197.0,113.0,1028.39
1778557938.323965,599616256982121756,4536,-1009.0,-193.0,105.0,1032.64
1778557938.363965,599616257022121756,4536,-1008.0,-199.0,105.0,1032.81
1778557938.403965,599616257062121756,4536,-1007.0,-200.0,103.0,1031.82
1778557938.443965,599616257102121756,4536,-1007.0,-195.0,107.0,1031.27
1778557938.483965,599616257142121756,4536,-1006.0,-200.0,107.0,1031.25
1778557938.523987,599616257160903572,4572,-1009.0,-196.0,107.0,1033.41
1778557938.563987,599616257200903572,4572,-1004.0,-198.0,110.0,1029.23
1778557938.603987,599616257240903572,4572,-1004.0,-199.0,112.0,1029.64
1778557938.643987,599616257280903572,4572,-1007.0,-198.0,111.0,1032.27
1778557938.683987,599616257320903572,4572,-1008.0,-198.0,109.0,1033.03
1778557938.723987,599616257360903572,4572,-1006.0,-196.0,111.0,1030.91
1778557938.763987,599616257400903572,4572,-1007.0,-197.0,111.0,1032.08
1778557938.803987,599616257440903572,4572,-1006.0,-196.0,111.0,1030.91
1778557938.843987,599616257480903572,4572,-1007.0,-198.0,112.0,1032.37
1778557938.883987,599616257520903572,4572,-1006.0,-198.0,112.0,1031.4
1778557938.923987,599616257560903572,4572,-1006.0,-199.0,111.0,1031.48
1778557938.963987,599616257600903572,4572,-1007.0,-195.0,110.0,1031.59
1778557939.003987,599616257640903572,4572,-1005.0,-198.0,114.0,1030.64
1778557939.043987,599616257680903572,4572,-1008.0,-198.0,113.0,1033.46
1778557939.083987,599616257720903572,4572,-1007.0,-201.0,111.0,1032.85
1778557939.123987,599616257760903572,4572,-1006.0,-199.0,111.0,1031.48
1778557939.163987,599616257800903572,4572,-1007.0,-195.0,110.0,1031.59
1778557939.203987,599616257840903572,4572,-1001.0,-198.0,119.0,1027.31
1778557939.243987,599616257880903572,4572,-1006.0,-191.0,114.0,1030.3
1778557939.283987,599616257920903572,4572,-1008.0,-199.0,113.0,1033.65
1778557939.323987,599616257960903572,4572,-1008.0,-204.0,113.0,1034.63
1778557939.363987,599616258000903572,4572,-1003.0,-198.0,117.0,1029.03
1778557939.403987,599616258040903572,4572,-1006.0,-200.0,115.0,1032.11
1778557939.443987,599616258080903572,4572,-1009.0,-199.0,113.0,1034.63
1778557939.483987,599616258120903572,4572,-1005.0,-198.0,117.0,1030.98
1778557939.523987,599616258160903572,4572,-1005.0,-200.0,113.0,1030.92
1778557939.563987,599616258200903572,4572,-1006.0,-196.0,116.0,1031.46
1778557939.603987,599616258240903572,4572,-1008.0,-200.0,114.0,1033.95
1778557939.643987,599616258280903572,4572,-1005.0,-198.0,116.0,1030.87
1778557939.683987,599616258320903572,4572,-1005.0,-196.0,117.0,1030.6
1778557939.723987,599616258360903572,4572,-1006.0,-198.0,113.0,1031.51
1778557939.763987,599616258400903572,4572,-1004.0,-198.0,118.0,1030.12
1778557939.803987,599616258440903572,4572,-1006.0,-200.0,116.0,1032.23
1778557939.843987,599616258480903572,4572,-1004.0,-200.0,114.0,1030.05
1778557939.883987,599616258520903572,4572,-1007.0,-199.0,112.0,1032.57
1778557939.923987,599616258560903572,4572,-1005.0,-200.0,110.0,1030.59
1778557939.919233,599616258580112640,4608,-1006.0,-198.0,110.0,1031.18
1778557939.959233,599616258620112640,4608,-1009.0,-200.0,109.0,1034.39
1778557939.999233,599616258660112640,4608,-1006.0,-199.0,101.0,1030.46
1778557940.039233,599616258700112640,4608,-1006.0,-202.0,106.0,1031.54
1778557940.079233,599616258740112640,4608,-1007.0,-200.0,114.0,1032.98
1778557940.119233,599616258780112640,4608,-1007.0,-198.0,106.0,1031.74
1778557940.159233,599616258820112640,4608,-1005.0,-197.0,107.0,1029.7
1778557940.199233,599616258860112640,4608,-1005.0,-203.0,109.0,1031.07
1778557940.239233,599616258900112640,4608,-1007.0,-201.0,111.0,1032.85
1778557940.279233,599616258940112640,4608,-1002.0,-201.0,113.0,1028.19
1778557940.319233,599616258980112640,4608,-1006.0,-200.0,105.0,1031.05
1778557940.359233,599616259020112640,4608,-1001.0,-199.0,117.0,1027.27
1778557940.399233,599616259060112640,4608,-1006.0,-207.0,110.0,1032.95
1778557940.439233,599616259100112640,4608,-1011.0,-204.0,102.0,1036.41
1778557940.479233,599616259140112640,4608,-1010.0,-199.0,97.0,1033.98
1778557940.519233,599616259180112640,4608,-1003.0,-200.0,109.0,1028.54
1778557940.559233,599616259220112640,4608,-1004.0,-201.0,111.0,1029.92
1778557940.599233,599616259260112640,4608,-1009.0,-202.0,108.0,1034.67
1778557940.639233,599616259300112640,4608,-1006.0,-202.0,111.0,1032.07
1778557940.679233,599616259340112640,4608,-1007.0,-203.0,110.0,1033.13
1778557940.719233,599616259380112640,4608,-1006.0,-200.0,107.0,1031.25
1778557940.759233,599616259420112640,4608,-1005.0,-202.0,112.0,1031.2
1778557940.799233,599616259460112640,4608,-1004.0,-200.0,113.0,1029.94
1778557940.839233,599616259500112640,4608,-1005.0,-202.0,109.0,1030.88
1778557940.879233,599616259540112640,4608,-1005.0,-204.0,110.0,1031.38
1778557940.919233,599616259580112640,4608,-1007.0,-198.0,108.0,1031.95
1778557940.959233,599616259620112640,4608,-1002.0,-199.0,117.0,1028.25
1778557940.999233,599616259660112640,4608,-1004.0,-197.0,115.0,1029.59
1778557941.039233,599616259700112640,4608,-1005.0,-198.0,113.0,1030.53
1778557941.079233,599616259740112640,4608,-1007.0,-202.0,111.0,1033.04
1778557941.119233,599616259780112640,4608,-1006.0,-201.0,113.0,1032.09
1778557941.159233,599616259820112640,4608,-1003.0,-201.0,117.0,1029.61
1778557941.199233,599616259860112640,4608,-1008.0,-202.0,115.0,1034.45
1778557941.239233,599616259900112640,4608,-1005.0,-201.0,116.0,1031.45
1778557941.279233,599616259940112640,4608,-1005.0,-201.0,116.0,1031.45
1778557941.319233,599616259980112640,4608,-1005.0,-199.0,117.0,1031.17
1778557941.358980,599616259999291184,4644,-1007.0,-199.0,114.0,1032.79
1778557941.398980,599616260039291184,4644,-1005.0,-199.0,117.0,1031.17
1778557941.438980,599616260079291184,4644,-1004.0,-200.0,117.0,1030.39
1778557941.478980,599616260119291184,4644,-1005.0,-199.0,117.0,1031.17
1778557941.518980,599616260159291184,4644,-1006.0,-200.0,116.0,1032.23
1778557941.558980,599616260199291184,4644,-1004.0,-202.0,119.0,1031.01
1778557941.598980,599616260239291184,4644,-1005.0,-200.0,118.0,1031.48
1778557941.638980,599616260279291184,4644,-1005.0,-199.0,118.0,1031.29
1778557941.678980,599616260319291184,4644,-1005.0,-201.0,120.0,1031.9
1778557941.718980,599616260359291184,4644,-1006.0,-200.0,119.0,1032.57
1778557941.758980,599616260399291184,4644,-1004.0,-200.0,119.0,1030.62
1778557941.798980,599616260439291184,4644,-1006.0,-201.0,115.0,1032.31
1778557941.838980,599616260479291184,4644,-1004.0,-198.0,119.0,1030.23
1778557941.878980,599616260519291184,4644,-1002.0,-200.0,124.0,1029.26
1778557941.918980,599616260559291184,4644,-1005.0,-196.0,121.0,1031.06
1778557941.958980,599616260599291184,4644,-1005.0,-201.0,119.0,1031.79
1778557941.998980,599616260639291184,4644,-1005.0,-203.0,119.0,1032.18
1778557942.038980,599616260679291184,4644,-1003.0,-201.0,124.0,1030.43
1778557942.078980,599616260719291184,4644,-1006.0,-203.0,120.0,1033.27
1778557942.118980,599616260759291184,4644,-1006.0,-201.0,122.0,1033.11
1778557942.158980,599616260799291184,4644,-1002.0,-202.0,127.0,1030.02
1778557942.198980,599616260839291184,4644,-1003.0,-202.0,126.0,1030.87
1778557942.238980,599616260879291184,4644,-1003.0,-199.0,121.0,1029.68
1778557942.278980,599616260919291184,4644,-1004.0,-202.0,121.0,1031.24
1778557942.318980,599616260959291184,4644,-1002.0,-200.0,125.0,1029.38
1778557942.358980,599616260999291184,4644,-1005.0,-200.0,122.0,1031.94
1778557942.398980,599616261039291184,4644,-1004.0,-201.0,125.0,1031.52
1778557942.438980,599616261079291184,4644,-1004.0,-202.0,125.0,1031.72
1778557942.478980,599616261119291184,4644,-1005.0,-200.0,124.0,1032.18
1778557942.518980,599616261159291184,4644,-1005.0,-201.0,126.0,1032.62
1778557942.558980,599616261199291184,4644,-1004.0,-200.0,125.0,1031.33
1778557942.598980,599616261239291184,4644,-1002.0,-201.0,129.0,1030.07
1778557942.638980,599616261279291184,4644,-1007.0,-202.0,122.0,1034.28
1778557942.678980,599616261319291184,4644,-1006.0,-203.0,122.0,1033.5
1778557942.718980,599616261359291184,4644,-1002.0,-201.0,122.0,1029.22
1778557942.758980,599616261399291184,4644,-1005.0,-202.0,120.0,1032.1
1778557942.754089,599616261418225586,4680,-1001.0,-200.0,131.0,1029.16
1778557942.794089,599616261458225586,4680,-1005.0,-197.0,120.0,1031.13
1778557942.834089,599616261498225586,4680,-1004.0,-202.0,121.0,1031.24
1778557942.874089,599616261538225586,4680,-1004.0,-203.0,121.0,1031.44
1778557942.914089,599616261578225586,4680,-1004.0,-201.0,121.0,1031.05
1778557942.954089,599616261618225586,4680,-1003.0,-202.0,122.0,1030.39
1778557942.994089,599616261658225586,4680,-1006.0,-200.0,117.0,1032.34
1778557943.034089,599616261698225586,4680,-1002.0,-202.0,124.0,1029.65
1778557943.074089,599616261738225586,4680,-1004.0,-202.0,122.0,1031.36
1778557943.114089,599616261778225586,4680,-1005.0,-201.0,122.0,1032.14
1778557943.154089,599616261818225586,4680,-1005.0,-201.0,118.0,1031.67
1778557943.194089,599616261858225586,4680,-1004.0,-200.0,123.0,1031.09
1778557943.234089,599616261898225586,4680,-1003.0,-201.0,122.0,1030.19
1778557943.274089,599616261938225586,4680,-1003.0,-201.0,121.0,1030.07
1778557943.314089,599616261978225586,4680,-1005.0,-201.0,122.0,1032.14
1778557943.354089,599616262018225586,4680,-1004.0,-204.0,122.0,1031.75
1778557943.394089,599616262058225586,4680,-1005.0,-201.0,120.0,1031.9
1778557943.434089,599616262098225586,4680,-1003.0,-201.0,125.0,1030.55
1778557943.474089,599616262138225586,4680,-1004.0,-202.0,124.0,1031.6
1778557943.514089,599616262178225586,4680,-1006.0,-202.0,121.0,1033.19
1778557943.554089,599616262218225586,4680,-1003.0,-202.0,121.0,1030.27
1778557943.594089,599616262258225586,4680,-1004.0,-204.0,118.0,1031.29
1778557943.634089,599616262298225586,4680,-1005.0,-198.0,124.0,1031.8
1778557943.674089,599616262338225586,4680,-1001.0,-201.0,127.0,1028.85
1778557943.714089,599616262378225586,4680,-1004.0,-197.0,123.0,1030.51
1778557943.754089,599616262418225586,4680,-1005.0,-203.0,124.0,1032.77
1778557943.794089,599616262458225586,4680,-1008.0,-204.0,119.0,1035.3
1778557943.834089,599616262498225586,4680,-1005.0,-202.0,130.0,1033.31
1778557943.874089,599616262538225586,4680,-998.0,-204.0,136.0,1027.68
1778557943.914089,599616262578225586,4680,-1004.0,-200.0,129.0,1031.82
1778557943.954089,599616262618225586,4680,-1000.0,-203.0,135.0,1029.29
1778557943.994089,599616262658225586,4680,-1002.0,-202.0,132.0,1030.65
1778557944.034089,599616262698225586,4680,-1004.0,-200.0,129.0,1031.82
1778557944.074089,599616262738225586,4680,-1005.0,-202.0,128.0,1033.06
1778557944.114089,599616262778225586,4680,-1001.0,-202.0,134.0,1029.93
1778557944.154089,599616262818225586,4680,-1002.0,-201.0,131.0,1030.32
1778557944.194087,599616262836854824,4716,-1005.0,-200.0,131.0,1033.05
1778557944.234087,599616262876854824,4716,-1005.0,-202.0,131.0,1033.44
1778557944.274087,599616262916854824,4716,-1002.0,-202.0,132.0,1030.65
1778557944.314087,599616262956854824,4716,-1004.0,-203.0,131.0,1032.66
1778557944.354087,599616262996854824,4716,-1004.0,-199.0,129.0,1031.63
1778557944.394087,599616263036854824,4716,-1001.0,-202.0,132.0,1029.67
1778557944.434087,599616263076854824,4716,-1004.0,-200.0,129.0,1031.82
1778557944.474087,599616263116854824,4716,-1005.0,-204.0,126.0,1033.21
1778557944.514087,599616263156854824,4716,-1003.0,-202.0,131.0,1031.49
1778557944.554087,599616263196854824,4716,-1007.0,-201.0,123.0,1034.2
1778557944.594087,599616263236854824,4716,-1003.0,-201.0,132.0,1031.42
1778557944.634087,599616263276854824,4716,-1001.0,-196.0,135.0,1028.9
1778557944.674087,599616263316854824,4716,-1002.0,-200.0,134.0,1030.51
1778557944.714087,599616263356854824,4716,-1003.0,-205.0,133.0,1032.34
1778557944.754087,599616263396854824,4716,-1002.0,-202.0,136.0,1031.17
1778557944.794087,599616263436854824,4716,-1003.0,-202.0,135.0,1032.01
1778557944.834087,599616263476854824,4716,-1006.0,-205.0,130.0,1034.87
1778557944.874087,599616263516854824,4716,-1002.0,-204.0,135.0,1031.43
1778557944.914087,599616263556854824,4716,-1002.0,-203.0,135.0,1031.23
1778557944.954087,599616263596854824,4716,-1002.0,-203.0,137.0,1031.5
1778557944.994087,599616263636854824,4716,-1002.0,-201.0,129.0,1030.07
1778557945.034087,599616263676854824,4716,-1005.0,-203.0,132.0,1033.76
1778557945.074087,599616263716854824,4716,-1002.0,-203.0,133.0,1030.97
1778557945.114087,599616263756854824,4716,-1001.0,-203.0,134.0,1030.13
1778557945.154087,599616263796854824,4716,-1005.0,-203.0,130.0,1033.51
1778557945.194087,599616263836854824,4716,-1003.0,-203.0,130.0,1031.56
1778557945.234087,599616263876854824,4716,-1003.0,-204.0,129.0,1031.63
1778557945.274087,599616263916854824,4716,-1007.0,-204.0,124.0,1034.91
1778557945.314087,599616263956854824,4716,-1007.0,-203.0,122.0,1034.48
1778557945.354087,599616263996854824,4716,-1001.0,-202.0,131.0,1029.55
1778557945.394087,599616264036854824,4716,-1000.0,-201.0,130.0,1028.25
1778557945.434087,599616264076854824,4716,-1002.0,-204.0,115.0,1029.0
1778557945.474087,599616264116854824,4716,-1004.0,-204.0,120.0,1031.52
1778557945.514087,599616264156854824,4716,-1006.0,-202.0,126.0,1033.79
1778557945.554087,599616264196854824,4716,-1002.0,-203.0,127.0,1030.21
1778557945.594087,599616264236854824,4716,-1003.0,-201.0,121.0,1030.07
1778557945.589285,599616264255758734,4752,-1006.0,-205.0,125.0,1034.26
1778557945.629285,599616264295758734,4752,-999.0,-205.0,133.0,1028.45
1778557945.669285,599616264335758734,4752,-998.0,-202.0,129.0,1026.38
1778557945.709285,599616264375758734,4752,-1003.0,-205.0,128.0,1031.71
1778557945.749285,599616264415758734,4752,-1007.0,-203.0,124.0,1034.71
1778557945.789285,599616264455758734,4752,-1001.0,-205.0,136.0,1030.79
1778557945.829285,599616264495758734,4752,-1002.0,-204.0,131.0,1030.91
1778557945.869285,599616264535758734,4752,-1006.0,-201.0,127.0,1033.71
1778557945.909285,599616264575758734,4752,-1005.0,-202.0,128.0,1033.06
1778557945.949285,599616264615758734,4752,-999.0,-203.0,135.0,1028.32
1778557945.989285,599616264655758734,4752,-1001.0,-202.0,135.0,1030.06
1778557946.029285,599616264695758734,4752,-1004.0,-202.0,134.0,1032.85
1778557946.069285,599616264735758734,4752,-1003.0,-203.0,140.0,1032.87
1778557946.109285,599616264775758734,4752,-1003.0,-203.0,137.0,1032.47
1778557946.149285,599616264815758734,4752,-1003.0,-203.0,135.0,1032.2
1778557946.189285,599616264855758734,4752,-1001.0,-202.0,141.0,1030.87
1778557946.229285,599616264895758734,4752,-1000.0,-203.0,144.0,1030.51
1778557946.269285,599616264935758734,4752,-1002.0,-202.0,141.0,1031.84
1778557946.309285,599616264975758734,4752,-1003.0,-204.0,142.0,1033.34
1778557946.349285,599616265015758734,4752,-1005.0,-205.0,132.0,1034.15
1778557946.389285,599616265055758734,4752,-1005.0,-200.0,135.0,1033.56
1778557946.429285,599616265095758734,4752,-998.0,-202.0,146.0,1028.65
1778557946.469285,599616265135758734,4752,-1001.0,-199.0,146.0,1030.98
1778557946.509285,599616265175758734,4752,-1002.0,-202.0,142.0,1031.97
1778557946.549285,599616265215758734,4752,-1003.0,-205.0,138.0,1032.99
1778557946.589285,599616265255758734,4752,-1002.0,-202.0,142.0,1031.97
1778557946.629285,599616265295758734,4752,-1000.0,-204.0,142.0,1030.43
1778557946.669285,599616265335758734,4752,-1003.0,-203.0,140.0,1032.87
1778557946.709285,599616265375758734,4752,-999.0,-204.0,145.0,1029.87
1778557946.749285,599616265415758734,4752,-1002.0,-203.0,144.0,1032.45
1778557946.789285,599616265455758734,4752,-1002.0,-201.0,143.0,1031.92
1778557946.829285,599616265495758734,4752,-1003.0,-203.0,136.0,1032.33
1778557946.869285,599616265535758734,4752,-1001.0,-202.0,142.0,1031.0
1778557946.909285,599616265575758734,4752,-1000.0,-202.0,139.0,1029.62
1778557946.949285,599616265615758734,4752,-1001.0,-202.0,139.0,1030.59
1778557946.989285,599616265655758734,4752,-1003.0,-203.0,138.0,1032.6
1778557947.028926,599616265674937270,4788,-1001.0,-203.0,141.0,1031.06
1778557947.068926,599616265714937270,4788,-1003.0,-204.0,139.0,1032.93
1778557947.108926,599616265754937270,4788,-1002.0,-203.0,141.0,1032.03
1778557947.148926,599616265794937270,4788,-1004.0,-201.0,139.0,1033.31
1778557947.188926,599616265834937270,4788,-1002.0,-202.0,143.0,1032.11
1778557947.228926,599616265874937270,4788,-1005.0,-201.0,139.0,1034.29
1778557947.268926,599616265914937270,4788,-1004.0,-206.0,139.0,1034.3
1778557947.308926,599616265954937270,4788,-999.0,-201.0,143.0,1029.0
1778557947.348926,599616265994937270,4788,-1002.0,-203.0,134.0,1031.1
1778557947.388926,599616266034937270,4788,-1001.0,-202.0,148.0,1031.85
1778557947.428926,599616266074937270,4788,-999.0,-201.0,148.0,1029.71
1778557947.468926,599616266114937270,4788,-1001.0,-199.0,136.0,1029.61
1778557947.508926,599616266154937270,4788,-1002.0,-205.0,138.0,1032.02
1778557947.548926,599616266194937270,4788,-1000.0,-204.0,149.0,1031.42
1778557947.588926,599616266234937270,4788,-995.0,-199.0,164.0,1027.87
1778557947.628926,599616266274937270,4788,-1000.0,-204.0,145.0,1030.84
1778557947.668926,599616266314937270,4788,-1006.0,-200.0,141.0,1035.33
1778557947.708926,599616266354937270,4788,-999.0,-203.0,140.0,1028.98
1778557947.748926,599616266394937270,4788,-1003.0,-204.0,130.0,1031.76
1778557947.788926,599616266434937270,4788,-1001.0,-201.0,128.0,1028.97
1778557947.828926,599616266474937270,4788,-1004.0,-202.0,132.0,1032.59
1778557947.868926,599616266514937270,4788,-1004.0,-202.0,133.0,1032.72
1778557947.908926,599616266554937270,4788,-1003.0,-203.0,130.0,1031.56
1778557947.948926,599616266594937270,4788,-1001.0,-202.0,127.0,1029.05
1778557947.988926,599616266634937270,4788,-1003.0,-201.0,127.0,1030.8
1778557948.028926,599616266674937270,4788,-1005.0,-202.0,125.0,1032.69
1778557948.068926,599616266714937270,4788,-1007.0,-202.0,118.0,1033.82
1778557948.108926,599616266754937270,4788,-1006.0,-201.0,118.0,1032.65
1778557948.148926,599616266794937270,4788,-1006.0,-202.0,124.0,1033.55
1778557948.188926,599616266834937270,4788,-1008.0,-201.0,124.0,1035.3
1778557948.228926,599616266874937270,4788,-1004.0,-204.0,121.0,1031.64
1778557948.268926,599616266914937270,4788,-998.0,-204.0,127.0,1026.52
1778557948.308926,599616266954937270,4788,-1005.0,-203.0,126.0,1033.01
1778557948.348926,599616266994937270,4788,-1005.0,-201.0,133.0,1033.5
1778557948.388926,599616267034937270,4788,-1002.0,-199.0,125.0,1029.19
1778557948.428926,599616267074937270,4788,-999.0,-199.0,132.0,1027.14
1778557948.435755,599616267094451524,4824,-1004.0,-205.0,131.0,1033.05
1778557948.475755,599616267134451524,4824,-1005.0,-204.0,129.0,1033.58
1778557948.515755,599616267174451524,4824,-1001.0,-202.0,134.0,1029.93
1778557948.555755,599616267214451524,4824,-1005.0,-203.0,124.0,1032.77
1778557948.595756,599616267254451524,4824,-1001.0,-205.0,137.0,1030.92
1778557948.635756,599616267294451524,4824,-1000.0,-206.0,135.0,1029.88
1778557948.675756,599616267334451524,4824,-1004.0,-205.0,133.0,1033.31
1778557948.715755,599616267374451524,4824,-1005.0,-202.0,125.0,1032.69
1778557948.755755,599616267414451524,4824,-1005.0,-201.0,130.0,1033.11
1778557948.795755,599616267454451524,4824,-1002.0,-205.0,132.0,1031.24
1778557948.835756,599616267494451524,4824,-1001.0,-205.0,136.0,1030.79
1778557948.875756,599616267534451524,4824,-1003.0,-202.0,135.0,1032.01
1778557948.915756,599616267574451524,4824,-1004.0,-203.0,133.0,1032.92
1778557948.955755,599616267614451524,4824,-1001.0,-202.0,140.0,1030.73
1778557948.995755,599616267654451524,4824,-1001.0,-206.0,137.0,1031.12
1778557949.035755,599616267694451524,4824,-1001.0,-202.0,134.0,1029.93
1778557949.075756,599616267734451524,4824,-1001.0,-204.0,142.0,1031.4
1778557949.115756,599616267774451524,4824,-1003.0,-202.0,141.0,1032.81
1778557949.155756,599616267814451524,4824,-1003.0,-204.0,137.0,1032.66
1778557949.195755,599616267854451524,4824,-998.0,-205.0,151.0,1029.97
1778557949.235755,599616267894451524,4824,-993.0,-210.0,154.0,1026.58
1778557949.275755,599616267934451524,4824,-978.0,-209.0,210.0,1021.89
1778557949.315756,599616267974451524,4824,-968.0,-138.0,351.0,1038.88
1778557949.355756,599616268014451524,4824,-1001.0,-178.0,200.0,1036.19
1778557949.395756,599616268054451524,4824,-992.0,-168.0,122.0,1013.49
1778557949.435755,599616268094451524,4824,-956.0,-242.0,75.0,989.0
1778557949.475755,599616268134451524,4824,-919.0,-181.0,58.0,938.45
1778557949.515755,599616268174451524,4824,-988.0,-140.0,-37.0,998.56
1778557949.555755,599616268214451524,4824,-1011.0,-124.0,-112.0,1024.72
1778557949.595756,599616268254451524,4824,-1003.0,-90.0,-94.0,1011.41
1778557949.635756,599616268294451524,4824,-922.0,-203.0,-90.0,948.36
1778557949.675756,599616268334451524,4824,-974.0,-191.0,-146.0,1003.23
1778557949.715755,599616268374451524,4824,-1048.0,-188.0,-233.0,1089.93
1778557949.755755,599616268414451524,4824,-986.0,-149.0,-242.0,1026.14
1778557949.795755,599616268454451524,4824,-911.0,-106.0,-214.0,941.78
1778557949.835756,599616268494451524,4824,-957.0,-116.0,-360.0,1029.03
1778557949.866668,599616268513202828,4860,-934.0,-116.0,-380.0,1014.99
1778557949.906668,599616268553202828,4860,-931.0,-139.0,-404.0,1024.35
1778557949.946668,599616268593202828,4860,-953.0,-94.0,-406.0,1040.14
1778557949.986668,599616268633202828,4860,-1079.0,-66.0,-442.0,1167.89
1778557950.026668,599616268673202828,4860,-1217.0,-182.0,-607.0,1372.1
1778557950.066668,599616268713202828,4860,-1245.0,-251.0,-799.0,1500.48
1778557950.106668,599616268753202828,4860,-1106.0,-186.0,-790.0,1371.84
1778557950.146668,599616268793202828,4860,-999.0,-125.0,-707.0,1230.23
1778557950.186668,599616268833202828,4860,-925.0,-146.0,-670.0,1151.45
1778557950.226668,599616268873202828,4860,-998.0,-209.0,-707.0,1240.78
1778557950.266668,599616268913202828,4860,-1047.0,-251.0,-732.0,1301.93
1778557950.306668,599616268953202828,4860,-1018.0,-208.0,-692.0,1248.38
1778557950.346668,599616268993202828,4860,-900.0,-185.0,-509.0,1050.38
1778557950.386668,599616269033202828,4860,-817.0,-228.0,-456.0,963.02
1778557950.426668,599616269073202828,4860,-802.0,-220.0,-391.0,918.96
1778557950.466668,599616269113202828,4860,-712.0,-228.0,-327.0,816.0
1778557950.506668,599616269153202828,4860,-700.0,-247.0,-323.0,809.53
1778557950.546668,599616269193202828,4860,-734.0,-200.0,-341.0,833.69
1778557950.586668,599616269233202828,4860,-692.0,-230.0,-320.0,796.34
1778557950.626668,599616269273202828,4860,-804.0,-271.0,-305.0,901.6
1778557950.666668,599616269313202828,4860,-836.0,-213.0,-266.0,902.79
1778557950.706668,599616269353202828,4860,-827.0,-45.0,-298.0,880.2
1778557950.746668,599616269393202828,4860,-811.0,48.0,-300.0,866.04
1778557950.786668,599616269433202828,4860,-768.0,65.0,-261.0,813.74
1778557950.826668,599616269473202828,4860,-753.0,16.0,-247.0,792.64
1778557950.866668,599616269513202828,4860,-856.0,136.0,-246.0,900.97
1778557950.906668,599616269553202828,4860,-899.0,36.0,-360.0,969.07
1778557950.946668,599616269593202828,4860,-1046.0,48.0,-256.0,1077.94
1778557950.986668,599616269633202828,4860,-997.0,84.0,-219.0,1024.22
1778557951.026668,599616269673202828,4860,-903.0,-23.0,-227.0,931.38
1778557951.066668,599616269713202828,4860,-989.0,4.0,-210.0,1011.06
1778557951.106668,599616269753202828,4860,-1083.0,30.0,-246.0,1110.99
1778557951.146668,599616269793202828,4860,-938.0,2.0,-240.0,968.22
1778557951.186668,599616269833202828,4860,-917.0,-85.0,-313.0,972.67
1778557951.226668,599616269873202828,4860,-965.0,-111.0,-326.0,1024.61
1778557951.266668,599616269913202828,4860,-1091.0,-147.0,-323.0,1147.27
1778557951.305635,599616269931984658,4896,-1126.0,190.0,-238.0,1166.46
1778557951.345635,599616269971984658,4896,-1011.0,-178.0,-154.0,1038.04
1778557951.385635,599616270011984658,4896,-863.0,-232.0,-70.0,896.38
1778557951.425635,599616270051984658,4896,-951.0,-212.0,-38.0,975.08
1778557951.465635,599616270091984658,4896,-1117.0,-198.0,-288.0,1170.4
1778557951.505635,599616270131984658,4896,-1114.0,-178.0,-123.0,1134.82
1778557951.545635,599616270171984658,4896,-833.0,-210.0,-13.0,859.16
1778557951.585635,599616270211984658,4896,-916.0,-305.0,12.0,965.52
1778557951.625635,599616270251984658,4896,-1013.0,-293.0,-11.0,1054.58
1778557951.665635,599616270291984658,4896,-1020.0,-244.0,-122.0,1055.85
1778557951.705635,599616270331984658,4896,-1081.0,-251.0,-239.0,1135.2
1778557951.745635,599616270371984658,4896,-1103.0,-253.0,-156.0,1142.35
1778557951.785635,599616270411984658,4896,-835.0,-251.0,88.0,876.34
1778557951.825635,599616270451984658,4896,-827.0,-338.0,38.0,894.21
1778557951.865635,599616270491984658,4896,-855.0,-315.0,-8.0,911.22
1778557951.905635,599616270531984658,4896,-954.0,-323.0,35.0,1007.8
1778557951.945635,599616270571984658,4896,-1075.0,-201.0,-45.0,1094.56
1778557951.985635,599616270611984658,4896,-1157.0,14.0,-99.0,1161.31
1778557952.025635,599616270651984658,4896,-1003.0,-15.0,-22.0,1003.35
1778557952.065635,599616270691984658,4896,-835.0,-175.0,66.0,855.69
1778557952.105635,599616270731984658,4896,-938.0,-270.0,93.0,980.51
1778557952.145635,599616270771984658,4896,-997.0,-301.0,-73.0,1044.0
1778557952.185635,599616270811984658,4896,-1001.0,-365.0,-65.0,1067.45
1778557952.225635,599616270851984658,4896,-932.0,-382.0,39.0,1008.0
1778557952.265635,599616270891984658,4896,-967.0,-337.0,-189.0,1041.34
1778557952.305635,599616270931984658,4896,-1182.0,-154.0,-278.0,1223.98
1778557952.345635,599616270971984658,4896,-1364.0,263.0,-836.0,1621.28
1778557952.385635,599616271011984658,4896,-1147.0,624.0,-579.0,1428.36
1778557952.425635,599616271051984658,4896,-858.0,36.0,-297.0,908.66
1778557952.465635,599616271091984658,4896,-814.0,81.0,-156.0,832.76
1778557952.505635,599616271131984658,4896,-908.0,128.0,-236.0,946.86
1778557952.545635,599616271171984658,4896,-744.0,254.0,-223.0,817.18
1778557952.585635,599616271211984658,4896,-981.0,42.0,-287.0,1022.98
1778557952.625635,599616271251984658,4896,-1217.0,28.0,-269.0,1246.69
1778557952.665635,599616271291984658,4896,-1364.0,-18.0,-346.0,1407.32
1778557952.705635,599616271331984658,4896,-1047.0,-176.0,-287.0,1099.8
1778557952.699470,599616271350919046,4932,-642.0,-173.0,-322.0,738.77
1778557952.739470,599616271390919046,4932,-505.0,-217.0,-240.0,599.76
1778557952.779470,599616271430919046,4932,-811.0,-137.0,-333.0,887.34
1778557952.819470,599616271470919046,4932,-1737.0,156.0,-179.0,1753.15
1778557952.859470,599616271510919046,4932,-1400.0,159.0,-285.0,1437.53
1778557952.899470,599616271550919046,4932,-708.0,-86.0,-176.0,734.6
1778557952.939470,599616271590919046,4932,-833.0,-122.0,-292.0,891.09
1778557952.979470,599616271630919046,4932,-1333.0,-149.0,-642.0,1487.03
1778557953.019470,599616271670919046,4932,-729.0,-193.0,-391.0,849.45
1778557953.059470,599616271710919046,4932,-567.0,-189.0,-96.0,605.33
1778557953.099470,599616271750919046,4932,-891.0,-171.0,-204.0,929.91
1778557953.139470,599616271790919046,4932,-1271.0,17.0,-307.0,1307.66
1778557953.179470,599616271830919046,4932,-953.0,51.0,-156.0,967.03
1778557953.219470,599616271870919046,4932,-945.0,-127.0,-166.0,967.84
1778557953.259470,599616271910919046,4932,-1078.0,-28.0,-206.0,1097.86
1778557953.299470,599616271950919046,4932,-1112.0,-136.0,-160.0,1131.65
1778557953.339470,599616271990919046,4932,-914.0,-92.0,-137.0,928.78
1778557953.379470,599616272030919046,4932,-947.0,-17.0,47.0,948.32
1778557953.419470,599616272070919046,4932,-1004.0,-131.0,-64.0,1014.53
1778557953.459470,599616272110919046,4932,-1040.0,-157.0,-111.0,1057.62
1778557953.499470,599616272150919046,4932,-905.0,-95.0,-57.0,911.76
1778557953.539470,599616272190919046,4932,-990.0,-203.0,-72.0,1013.16
1778557953.579470,599616272230919046,4932,-1025.0,-234.0,-76.0,1054.11
1778557953.619470,599616272270919046,4932,-1020.0,-289.0,-36.0,1060.76
1778557953.659470,599616272310919046,4932,-1115.0,-366.0,-68.0,1175.5
1778557953.699470,599616272350919046,4932,-1131.0,-255.0,-168.0,1171.5
1778557953.739470,599616272390919046,4932,-1223.0,-221.0,-427.0,1314.12
1778557953.779470,599616272430919046,4932,-943.0,2.0,-364.0,1010.82
1778557953.819470,599616272470919046,4932,-897.0,-50.0,-254.0,933.61
1778557953.859470,599616272510919046,4932,-1192.0,-78.0,-222.0,1215.0
1778557953.899470,599616272550919046,4932,-912.0,-141.0,-179.0,940.04
1778557953.939470,599616272590919046,4932,-586.0,-145.0,-224.0,643.89
1778557953.979470,599616272630919046,4932,-912.0,-87.0,-45.0,917.24
1778557954.019470,599616272670919046,4932,-1055.0,9.0,-161.0,1067.25
1778557954.059470,599616272710919046,4932,-974.0,65.0,-64.0,978.26
1778557954.099470,599616272750919046,4932,-865.0,-4.0,-5.0,865.02
1778557954.139263,599616272770006060,4968,-1204.0,204.0,-240.0,1244.52
1778557954.179263,599616272810006060,4968,-1185.0,32.0,44.0,1186.25
1778557954.219263,599616272850006060,4968,-1473.0,-70.0,-196.0,1487.63
1778557954.259263,599616272890006060,4968,-695.0,114.0,-135.0,717.11
1778557954.299263,599616272930006060,4968,-278.0,328.0,11.0,430.1
1778557954.339263,599616272970006060,4968,-1184.0,90.0,26.0,1187.7
1778557954.379263,599616273010006060,4968,-1455.0,-322.0,-135.0,1496.31
1778557954.419263,599616273050006060,4968,-1139.0,-470.0,-340.0,1278.21
1778557954.459263,599616273090006060,4968,-1471.0,135.0,71.0,1478.89
1778557954.499263,599616273130006060,4968,-1115.0,513.0,37.0,1227.91
1778557954.539263,599616273170006060,4968,-818.0,241.0,27.0,853.19
1778557954.579263,599616273210006060,4968,-777.0,-261.0,70.0,822.65
1778557954.619263,599616273250006060,4968,-646.0,-262.0,155.0,714.13
1778557954.659263,599616273290006060,4968,-908.0,44.0,126.0,917.76
1778557954.699263,599616273330006060,4968,-1171.0,64.0,121.0,1178.97
1778557954.739263,599616273370006060,4968,-1096.0,-45.0,126.0,1104.14
1778557954.779263,599616273410006060,4968,-980.0,38.0,130.0,989.31
1778557954.819263,599616273450006060,4968,-932.0,116.0,187.0,957.63
1778557954.859263,599616273490006060,4968,-966.0,-26.0,146.0,977.32
1778557954.899263,599616273530006060,4968,-983.0,-39.0,163.0,997.19
1778557954.939263,599616273570006060,4968,-1429.0,-93.0,-439.0,1497.8
1778557954.979263,599616273610006060,4968,-1272.0,220.0,-131.0,1297.51
1778557955.019263,599616273650006060,4968,-1012.0,55.0,26.0,1013.83
1778557955.059263,599616273690006060,4968,-1149.0,-147.0,-1.0,1158.37
1778557955.099263,599616273730006060,4968,-1122.0,-122.0,-48.0,1129.63
1778557955.139263,599616273770006060,4968,-716.0,101.0,146.0,737.68
1778557955.179263,599616273810006060,4968,-538.0,336.0,163.0,654.91
1778557955.219263,599616273850006060,4968,-815.0,248.0,76.0,855.28
1778557955.259263,599616273890006060,4968,-1203.0,190.0,81.0,1220.6
1778557955.299263,599616273930006060,4968,-1116.0,234.0,205.0,1158.55
1778557955.339263,599616273970006060,4968,-1029.0,184.0,185.0,1061.57
1778557955.379263,599616274010006060,4968,-1049.0,77.0,131.0,1059.95
1778557955.419263,599616274050006060,4968,-998.0,9.0,330.0,1051.18
1778557955.459263,599616274090006060,4968,-1097.0,29.0,164.0,1109.57
1778557955.499263,599616274130006060,4968,-1387.0,143.0,-294.0,1425.01
1778557955.539263,599616274170006060,4968,-1171.0,-141.0,-172.0,1191.93
1778557955.536196,599616274188696304,5004,-918.0,-60.0,214.0,944.52
1778557955.576196,599616274228696304,5004,-1035.0,346.0,44.0,1092.19
1778557955.616196,599616274268696304,5004,-1336.0,163.0,-69.0,1347.67
1778557955.656196,599616274308696304,5004,-906.0,-95.0,94.0,915.8
1778557955.696197,599616274348696304,5004,-605.0,9.0,182.0,631.85
1778557955.736197,599616274388696304,5004,-769.0,65.0,69.0,774.82
1778557955.776196,599616274428696304,5004,-1019.0,-116.0,-11.0,1025.64
1778557955.816196,599616274468696304,5004,-1035.0,-167.0,158.0,1060.23
1778557955.856196,599616274508696304,5004,-1006.0,-125.0,250.0,1044.11
1778557955.896196,599616274548696304,5004,-902.0,-126.0,145.0,922.23
1778557955.936197,599616274588696304,5004,-971.0,-199.0,152.0,1002.77
1778557955.976197,599616274628696304,5004,-1039.0,-129.0,227.0,1071.3
1778557956.016196,599616274668696304,5004,-1021.0,-25.0,289.0,1061.41
1778557956.056196,599616274708696304,5004,-1246.0,-2.0,221.0,1265.45
1778557956.096196,599616274748696304,5004,-1277.0,25.0,-255.0,1302.45
1778557956.136196,599616274788696304,5004,-982.0,239.0,-162.0,1023.57
1778557956.176197,599616274828696304,5004,-1001.0,-128.0,81.0,1012.4
1778557956.216197,599616274868696304,5004,-1370.0,-131.0,102.0,1380.02
1778557956.256196,599616274908696304,5004,-1028.0,39.0,64.0,1030.73
1778557956.296196,599616274948696304,5004,-562.0,147.0,183.0,609.05
1778557956.336196,599616274988696304,5004,-581.0,138.0,104.0,606.15
1778557956.376196,599616275028696304,5004,-944.0,93.0,117.0,955.76
1778557956.416197,599616275068696304,5004,-1106.0,136.0,137.0,1122.72
1778557956.456197,599616275108696304,5004,-996.0,230.0,238.0,1049.55
1778557956.496197,599616275148696304,5004,-1089.0,183.0,280.0,1139.21
1778557956.536196,599616275188696304,5004,-1055.0,102.0,289.0,1098.61
1778557956.576196,599616275228696304,5004,-1042.0,78.0,254.0,1075.34
1778557956.616196,599616275268696304,5004,-1044.0,3.0,184.0,1060.09
1778557956.656196,599616275308696304,5004,-1320.0,71.0,-167.0,1332.42
1778557956.696197,599616275348696304,5004,-1152.0,-127.0,-227.0,1181.0
1778557956.736197,599616275388696304,5004,-1191.0,-43.0,91.0,1195.25
1778557956.776196,599616275428696304,5004,-1084.0,363.0,236.0,1167.27
1778557956.816196,599616275468696304,5004,-999.0,306.0,57.0,1046.37
1778557956.856196,599616275508696304,5004,-833.0,-69.0,140.0,847.5
1778557956.896196,599616275548696304,5004,-664.0,-167.0,187.0,709.76
1778557956.936197,599616275588696304,5004,-796.0,-95.0,163.0,818.05
1778557956.974601,599616275608149554,5040,-1081.0,-213.0,180.0,1116.39
1778557957.014601,599616275648149554,5040,-873.0,-244.0,235.0,936.42
1778557957.054601,599616275688149554,5040,-919.0,-95.0,223.0,950.43
1778557957.094601,599616275728149554,5040,-1035.0,-44.0,180.0,1051.46
1778557957.134601,599616275768149554,5040,-1110.0,-120.0,251.0,1144.33
1778557957.174601,599616275808149554,5040,-1110.0,31.0,212.0,1130.49
1778557957.214601,599616275848149554,5040,-1319.0,-69.0,-133.0,1327.48
1778557957.254601,599616275888149554,5040,-1053.0,122.0,-86.0,1063.53
1778557957.294601,599616275928149554,5040,-1129.0,27.0,-143.0,1138.34
1778557957.334601,599616275968149554,5040,-1144.0,-229.0,75.0,1169.1
1778557957.374601,599616276008149554,5040,-1059.0,-153.0,77.0,1072.76
1778557957.414601,599616276048149554,5040,-875.0,124.0,113.0,890.94
1778557957.454601,599616276088149554,5040,-622.0,278.0,137.0,694.94
1778557957.494601,599616276128149554,5040,-742.0,84.0,218.0,777.91
1778557957.534601,599616276168149554,5040,-1182.0,85.0,138.0,1193.06
1778557957.574601,599616276208149554,5040,-935.0,219.0,167.0,974.72
1778557957.614601,599616276248149554,5040,-955.0,185.0,262.0,1007.42
1778557957.654601,599616276288149554,5040,-1120.0,80.0,320.0,1167.56
1778557957.694601,599616276328149554,5040,-1031.0,11.0,264.0,1064.32
1778557957.734601,599616276368149554,5040,-1461.0,22.0,-300.0,1491.65
1778557957.774601,599616276408149554,5040,-1229.0,-123.0,-208.0,1252.53
1778557957.814601,599616276448149554,5040,-1007.0,-51.0,246.0,1037.87
1778557957.854601,599616276488149554,5040,-971.0,207.0,77.0,995.8
1778557957.894601,599616276528149554,5040,-1177.0,152.0,-26.0,1187.06
1778557957.934601,599616276568149554,5040,-817.0,-25.0,119.0,826.0
1778557957.974601,599616276608149554,5040,-492.0,-160.0,232.0,567.0
1778557958.014601,599616276648149554,5040,-821.0,-72.0,183.0,844.22
1778557958.054601,599616276688149554,5040,-1294.0,-137.0,118.0,1306.57
1778557958.094601,599616276728149554,5040,-1045.0,-250.0,131.0,1082.44
1778557958.134601,599616276768149554,5040,-892.0,-234.0,197.0,942.99
1778557958.174601,599616276808149554,5040,-928.0,-181.0,200.0,966.41
1778557958.214601,599616276848149554,5040,-988.0,-38.0,115.0,995.4
1778557958.254601,599616276888149554,5040,-1538.0,172.0,-423.0,1604.36
1778557958.294601,599616276928149554,5040,-1365.0,629.0,66.0,1504.4
1778557958.334601,599616276968149554,5040,-901.0,-14.0,147.0,913.02
1778557958.374601,599616277008149554,5040,-981.0,-240.0,209.0,1031.33
1778557958.370673,599616277028335190,5076,-1007.0,-41.0,173.0,1022.57
1778557958.410673,599616277068335190,5076,-829.0,534.0,341.0,1043.4
1778557958.450673,599616277108335190,5076,-605.0,567.0,322.0,889.49
1778557958.490673,599616277148335190,5076,-198.0,236.0,-95.0,322.37
1778557958.530673,599616277188335190,5076,-361.0,-141.0,-763.0,855.79
1778557958.570673,599616277228335190,5076,30.0,200.0,-742.0,769.07
1778557958.610673,599616277268335190,5076,168.0,-654.0,-271.0,727.59
1778557958.650673,599616277308335190,5076,-71.0,-980.0,-191.0,1000.96
1778557958.690673,599616277348335190,5076,-1020.0,364.0,57.0,1084.5
1778557958.730673,599616277388335190,5076,-1194.0,780.0,-600.0,1547.27
1778557958.770673,599616277428335190,5076,-460.0,107.0,-1418.0,1494.58
1778557958.810673,599616277468335190,5076,-2000.0,534.0,-780.0,2212.14
1778557958.850673,599616277508335190,5076,-725.0,572.0,-656.0,1132.76
1778557958.890673,599616277548335190,5076,-606.0,491.0,-1329.0,1540.96
1778557958.930673,599616277588335190,5076,-799.0,34.0,-1021.0,1296.92
1778557958.970673,599616277628335190,5076,-897.0,32.0,-985.0,1332.61
1778557959.010673,599616277668335190,5076,-763.0,-176.0,-1002.0,1271.67
1778557959.050673,599616277708335190,5076,-1152.0,165.0,-1022.0,1548.81
1778557959.090673,599616277748335190,5076,-1475.0,1094.0,-1763.0,2545.71
1778557959.130673,599616277788335190,5076,510.0,1999.0,-1408.0,2497.71
1778557959.170673,599616277828335190,5076,-232.0,1509.0,-865.0,1754.74
1778557959.210673,599616277868335190,5076,-814.0,594.0,-549.0,1147.53
1778557959.250673,599616277908335190,5076,-518.0,652.0,-989.0,1292.88
1778557959.290673,599616277948335190,5076,23.0,426.0,-447.0,617.91
1778557959.330673,599616277988335190,5076,-607.0,355.0,-730.0,1013.59
1778557959.370673,599616278028335190,5076,-899.0,574.0,-117.0,1073.02
1778557959.410673,599616278068335190,5076,-769.0,843.0,-416.0,1214.52
1778557959.450673,599616278108335190,5076,-580.0,584.0,-459.0,942.41
1778557959.490673,599616278148335190,5076,-722.0,457.0,-253.0,891.15
1778557959.530673,599616278188335190,5076,-925.0,597.0,-300.0,1141.07
1778557959.570673,599616278228335190,5076,-754.0,506.0,-274.0,948.49
1778557959.610673,599616278268335190,5076,-737.0,537.0,-265.0,949.61
1778557959.650673,599616278308335190,5076,-902.0,583.0,-220.0,1096.31
1778557959.690673,599616278348335190,5076,-888.0,593.0,-351.0,1124.01
1778557959.730673,599616278388335190,5076,-766.0,518.0,-268.0,962.76
1778557959.770673,599616278428335190,5076,-832.0,496.0,-289.0,1010.82
1778557959.809471,599616278448093590,5112,-868.0,492.0,-287.0,1038.2
1778557959.849471,599616278488093590,5112,-824.0,477.0,-314.0,1002.55
1778557959.889471,599616278528093590,5112,-791.0,473.0,-285.0,964.69
1778557959.929471,599616278568093590,5112,-887.0,498.0,-266.0,1051.44
1778557959.969471,599616278608093590,5112,-882.0,480.0,-353.0,1064.39
1778557960.009471,599616278648093590,5112,-838.0,506.0,-297.0,1022.98
1778557960.049471,599616278688093590,5112,-831.0,488.0,-282.0,1004.11
1778557960.089471,599616278728093590,5112,-902.0,503.0,-248.0,1062.13
1778557960.129471,599616278768093590,5112,-888.0,550.0,-306.0,1088.43
1778557960.169471,599616278808093590,5112,-841.0,563.0,-308.0,1057.88
1778557960.209471,599616278848093590,5112,-830.0,448.0,-257.0,977.58
1778557960.249471,599616278888093590,5112,-822.0,461.0,-213.0,966.22
1778557960.289471,599616278928093590,5112,-820.0,466.0,-238.0,972.73
1778557960.329471,599616278968093590,5112,-806.0,491.0,-235.0,972.6
1778557960.369471,599616279008093590,5112,-845.0,480.0,-254.0,1004.46
1778557960.409471,599616279048093590,5112,-851.0,515.0,-243.0,1023.95
1778557960.449471,599616279088093590,5112,-887.0,499.0,-270.0,1052.93
1778557960.489471,599616279128093590,5112,-915.0,556.0,-232.0,1095.53
1778557960.529471,599616279168093590,5112,-919.0,485.0,-260.0,1071.16
1778557960.569471,599616279208093590,5112,-894.0,586.0,-398.0,1140.63
1778557960.609471,599616279248093590,5112,-892.0,624.0,-404.0,1161.14
1778557960.649471,599616279288093590,5112,-774.0,731.0,-430.0,1148.19
1778557960.689471,599616279328093590,5112,-873.0,506.0,-546.0,1147.29
1778557960.729471,599616279368093590,5112,-964.0,454.0,-485.0,1170.74
1778557960.769471,599616279408093590,5112,-782.0,492.0,-483.0,1042.53
1778557960.809471,599616279448093590,5112,-599.0,830.0,-585.0,1178.95
1778557960.849471,599616279488093590,5112,-349.0,893.0,-624.0,1143.95
1778557960.889471,599616279528093590,5112,-391.0,536.0,-829.0,1061.8
1778557960.929471,599616279568093590,5112,-637.0,471.0,-1070.0,1331.36
1778557960.969471,599616279608093590,5112,-485.0,622.0,-984.0,1261.1
1778557961.009471,599616279648093590,5112,-371.0,387.0,-704.0,884.89
1778557961.049471,599616279688093590,5112,-507.0,154.0,-1008.0,1138.78
1778557961.089471,599616279728093590,5112,-278.0,102.0,-843.0,893.5
1778557961.129471,599616279768093590,5112,-187.0,-256.0,-721.0,787.62
1778557961.169471,599616279808093590,5112,-201.0,-17.0,-824.0,848.33
1778557961.209471,599616279848093590,5112,-89.0,-9.0,-680.0,685.86
1778557961.205028,599616279867577306,5148,-252.0,42.0,-585.0,638.35
1778557961.245028,599616279907577306,5148,-181.0,238.0,-622.0,690.14
1778557961.285028,599616279947577306,5148,-186.0,231.0,-777.0,831.68
1778557961.325027,599616279987577306,5148,169.0,238.0,-1244.0,1277.79
1778557961.365028,599616280027577306,5148,-113.0,500.0,-1326.0,1421.63
1778557961.405028,599616280067577306,5148,-300.0,286.0,-1266.0,1332.12
1778557961.445028,599616280107577306,5148,-274.0,-24.0,-1339.0,1366.96
1778557961.485028,599616280147577306,5148,-545.0,246.0,-1335.0,1462.79
1778557961.525028,599616280187577306,5148,-644.0,382.0,-1159.0,1379.83
1778557961.565027,599616280227577306,5148,-547.0,379.0,-1065.0,1255.82
1778557961.605028,599616280267577306,5148,-517.0,394.0,-947.0,1148.62
1778557961.645028,599616280307577306,5148,-608.0,343.0,-876.0,1120.13
1778557961.685028,599616280347577306,5148,-532.0,314.0,-826.0,1031.45
1778557961.725028,599616280387577306,5148,-516.0,200.0,-642.0,847.6
1778557961.765028,599616280427577306,5148,-498.0,160.0,-508.0,729.16
1778557961.805027,599616280467577306,5148,-548.0,273.0,-465.0,768.8
1778557961.845028,599616280507577306,5148,-634.0,314.0,-462.0,844.98
1778557961.885028,599616280547577306,5148,-660.0,188.0,-431.0,810.37
1778557961.925028,599616280587577306,5148,-637.0,141.0,-395.0,762.68
1778557961.965028,599616280627577306,5148,-652.0,97.0,-407.0,774.7
1778557962.005028,599616280667577306,5148,-746.0,71.0,-374.0,837.52
1778557962.045027,599616280707577306,5148,-901.0,-64.0,-377.0,978.79
1778557962.085028,599616280747577306,5148,-1014.0,-205.0,-601.0,1196.42
1778557962.125028,599616280787577306,5148,-894.0,55.0,-478.0,1015.26
1778557962.165028,599616280827577306,5148,-896.0,44.0,-490.0,1022.18
1778557962.205028,599616280867577306,5148,-1015.0,-9.0,-251.0,1045.61
1778557962.245028,599616280907577306,5148,-1131.0,67.0,-231.0,1156.29
1778557962.285028,599616280947577306,5148,-1054.0,-66.0,-208.0,1076.35
1778557962.325027,599616280987577306,5148,-808.0,-24.0,-160.0,824.04
1778557962.365028,599616281027577306,5148,-760.0,84.0,-48.0,766.13
1778557962.405028,599616281067577306,5148,-838.0,6.0,-62.0,840.31
1778557962.445028,599616281107577306,5148,-828.0,-120.0,-1.0,836.65
1778557962.485028,599616281147577306,5148,-938.0,-172.0,-8.0,953.67
1778557962.525028,599616281187577306,5148,-981.0,-137.0,-34.0,991.1
1778557962.565027,599616281227577306,5148,-1015.0,-95.0,-8.0,1019.47
1778557962.605028,599616281267577306,5148,-1014.0,-58.0,-1.0,1015.66
1778557962.644663,599616281286969492,5184,-1160.0,42.0,-4.0,1160.77
1778557962.684663,599616281326969492,5184,-1149.0,50.0,-109.0,1155.24
1778557962.724663,599616281366969492,5184,-939.0,-9.0,-86.0,942.97
1778557962.764663,599616281406969492,5184,-831.0,-52.0,52.0,834.25
1778557962.804663,599616281446969492,5184,-1092.0,90.0,108.0,1101.01
1778557962.844663,599616281486969492,5184,-1111.0,166.0,-19.0,1123.49
1778557962.884663,599616281526969492,5184,-1006.0,-56.0,-107.0,1013.22
1778557962.924663,599616281566969492,5184,-973.0,-137.0,-73.0,985.31
1778557962.964663,599616281606969492,5184,-924.0,63.0,49.0,927.44
1778557963.004663,599616281646969492,5184,-931.0,367.0,103.0,1006.01
1778557963.044663,599616281686969492,5184,-1018.0,371.0,4.0,1083.5
1778557963.084663,599616281726969492,5184,-1135.0,38.0,-79.0,1138.38
1778557963.124663,599616281766969492,5184,-1234.0,12.0,-137.0,1241.64
1778557963.164663,599616281806969492,5184,-1022.0,124.0,-13.0,1029.58
1778557963.204663,599616281846969492,5184,-968.0,291.0,166.0,1024.33
1778557963.244663,599616281886969492,5184,-1013.0,254.0,75.0,1047.05
1778557963.284663,599616281926969492,5184,-986.0,167.0,-22.0,1000.28
1778557963.324663,599616281966969492,5184,-975.0,123.0,-100.0,987.8
1778557963.364663,599616282006969492,5184,-1009.0,27.0,-148.0,1020.15
1778557963.404663,599616282046969492,5184,-1047.0,-38.0,-81.0,1050.82
1778557963.444663,599616282086969492,5184,-988.0,7.0,-106.0,993.69
1778557963.484663,599616282126969492,5184,-867.0,92.0,-104.0,878.05
1778557963.524663,599616282166969492,5184,-868.0,130.0,-64.0,880.01
1778557963.564663,599616282206969492,5184,-1094.0,37.0,-5.0,1094.64
1778557963.604663,599616282246969492,5184,-1326.0,9.0,81.0,1328.5
1778557963.644663,599616282286969492,5184,-1271.0,24.0,251.0,1295.77
1778557963.684663,599616282326969492,5184,-1224.0,-38.0,414.0,1292.68
1778557963.724663,599616282366969492,5184,-1289.0,-63.0,157.0,1300.05
1778557963.764663,599616282406969492,5184,-876.0,-56.0,69.0,880.5
1778557963.804663,599616282446969492,5184,-607.0,5.0,207.0,641.34
1778557963.844663,599616282486969492,5184,-730.0,85.0,147.0,749.49
1778557963.884663,599616282526969492,5184,-975.0,22.0,-93.0,979.67
1778557963.924663,599616282566969492,5184,-845.0,12.0,-73.0,848.23
1778557963.964663,599616282606969492,5184,-651.0,101.0,-104.0,666.95
1778557964.004663,599616282646969492,5184,-765.0,131.0,-186.0,798.11
1778557964.044663,599616282686969492,5184,-1394.0,-190.0,-332.0,1445.53
1778557964.039468,599616282706727900,5220,-1547.0,-283.0,49.0,1573.44
1778557964.079468,599616282746727900,5220,-1475.0,138.0,210.0,1496.25
1778557964.119468,599616282786727900,5220,-1336.0,309.0,144.0,1378.81
1778557964.159468,599616282826727900,5220,-1051.0,337.0,69.0,1105.86
1778557964.199468,599616282866727900,5220,-738.0,208.0,22.0,767.07
1778557964.239468,599616282906727900,5220,-595.0,122.0,62.0,610.54
1778557964.279468,599616282946727900,5220,-835.0,196.0,82.0,861.61
1778557964.319468,599616282986727900,5220,-1016.0,251.0,111.0,1052.42
1778557964.359468,599616283026727900,5220,-1046.0,287.0,162.0,1096.69
1778557964.399468,599616283066727900,5220,-1084.0,422.0,107.0,1168.16
1778557964.439468,599616283106727900,5220,-1133.0,382.0,104.0,1200.18
1778557964.479468,599616283146727900,5220,-1002.0,52.0,100.0,1008.32
1778557964.519468,599616283186727900,5220,-1136.0,-238.0,-312.0,1201.87
1778557964.559468,599616283226727900,5220,-1296.0,-518.0,-301.0,1427.77
1778557964.599468,599616283266727900,5220,-1303.0,-625.0,-320.0,1480.15
1778557964.639468,599616283306727900,5220,-1141.0,-197.0,77.0,1160.44
1778557964.679468,599616283346727900,5220,-1119.0,-99.0,94.0,1127.3
1778557964.719468,599616283386727900,5220,-882.0,-60.0,49.0,885.4
1778557964.759468,599616283426727900,5220,-621.0,-163.0,-49.0,643.9
1778557964.799468,599616283466727900,5220,-716.0,-321.0,13.0,784.77
1778557964.839468,599616283506727900,5220,-898.0,-316.0,64.0,954.13
1778557964.879468,599616283546727900,5220,-973.0,-81.0,118.0,983.47
1778557964.919468,599616283586727900,5220,-1054.0,-43.0,202.0,1074.04
1778557964.959468,599616283626727900,5220,-1080.0,-163.0,127.0,1099.59
1778557964.999468,599616283666727900,5220,-1036.0,-131.0,199.0,1063.04
1778557965.039468,599616283706727900,5220,-1113.0,-228.0,137.0,1144.34
1778557965.079468,599616283746727900,5220,-1274.0,-389.0,124.0,1337.82
1778557965.119468,599616283786727900,5220,-1371.0,-114.0,-426.0,1440.18
1778557965.159468,599616283826727900,5220,-901.0,544.0,-297.0,1093.59
1778557965.199468,599616283866727900,5220,-1377.0,81.0,-291.0,1409.74
1778557965.239468,599616283906727900,5220,-1392.0,-446.0,-14.0,1461.77
1778557965.279468,599616283946727900,5220,-959.0,-288.0,-121.0,1008.6
1778557965.319468,599616283986727900,5220,-633.0,14.0,-37.0,634.23
1778557965.359468,599616284026727900,5220,-865.0,146.0,-23.0,877.54
1778557965.399468,599616284066727900,5220,-976.0,-85.0,80.0,982.96
1778557965.439468,599616284106727900,5220,-798.0,-134.0,42.0,810.26
1778557965.479486,599616284125906444,5256,-716.0,14.0,28.0,716.68
1778557965.519486,599616284165906444,5256,-793.0,133.0,104.0,810.77
1778557965.559486,599616284205906444,5256,-802.0,-160.0,169.0,835.08
1778557965.599486,599616284245906444,5256,-1426.0,-451.0,-204.0,1509.47
1778557965.639487,599616284285906444,5256,-1769.0,-240.0,-80.0,1787.0
1778557965.679487,599616284325906444,5256,-1423.0,-239.0,-188.0,1455.13
1778557965.719486,599616284365906444,5256,-1033.0,-151.0,140.0,1053.32
1778557965.759486,599616284405906444,5256,-672.0,60.0,155.0,692.25
1778557965.799486,599616284445906444,5256,-408.0,103.0,98.0,432.06
1778557965.839486,599616284485906444,5256,-580.0,-50.0,82.0,587.9
1778557965.879487,599616284525906444,5256,-959.0,-223.0,120.0,991.87
1778557965.919487,599616284565906444,5256,-1215.0,-194.0,225.0,1250.79
1778557965.959486,599616284605906444,5256,-1217.0,-192.0,248.0,1256.76
1778557965.999486,599616284645906444,5256,-1163.0,-104.0,365.0,1223.36
1778557966.039486,599616284685906444,5256,-1120.0,48.0,324.0,1166.91
1778557966.079486,599616284725906444,5256,-1438.0,-117.0,-66.0,1444.26
1778557966.119487,599616284765906444,5256,-1232.0,-5.0,-376.0,1288.11
1778557966.159487,599616284805906444,5256,-964.0,222.0,-36.0,989.89
1778557966.199486,599616284845906444,5256,-1132.0,14.0,36.0,1132.66
1778557966.239486,599616284885906444,5256,-1041.0,-218.0,159.0,1075.4
1778557966.279486,599616284925906444,5256,-899.0,-74.0,155.0,915.26
1778557966.319486,599616284965906444,5256,-789.0,219.0,-26.0,819.24
1778557966.359487,599616285005906444,5256,-811.0,80.0,13.0,815.04
1778557966.399487,599616285045906444,5256,-936.0,-54.0,119.0,945.08
1778557966.439487,599616285085906444,5256,-724.0,67.0,118.0,736.61
1778557966.479486,599616285125906444,5256,-805.0,106.0,301.0,865.95
1778557966.519486,599616285165906444,5256,-756.0,-203.0,242.0,819.33
1778557966.559486,599616285205906444,5256,-843.0,-388.0,232.0,956.57
1778557966.599486,599616285245906444,5256,-955.0,-377.0,215.0,1048.99
1778557966.639487,599616285285906444,5256,-987.0,-294.0,56.0,1031.38
1778557966.679487,599616285325906444,5256,-1313.0,-73.0,-408.0,1376.87
1778557966.719486,599616285365906444,5256,-1549.0,-98.0,-397.0,1602.07
1778557966.759486,599616285405906444,5256,-1322.0,-396.0,-492.0,1465.12
1778557966.799486,599616285445906444,5256,-1112.0,-301.0,-498.0,1255.05
1778557966.839486,599616285485906444,5256,-607.0,271.0,-685.0,954.52
1778557966.879487,599616285525906444,5256,-597.0,619.0,-321.0,917.94
1778557966.874545,599616285544840846,5292,-1126.0,807.0,-184.0,1397.49
1778557966.914545,599616285584840846,5292,-966.0,366.0,319.0,1081.14
1778557966.954545,599616285624840846,5292,-1029.0,-182.0,45.0,1045.94
1778557966.994545,599616285664840846,5292,-1138.0,-144.0,-222.0,1168.36
1778557967.034545,599616285704840846,5292,-1205.0,40.0,-321.0,1247.66
1778557967.074545,599616285744840846,5292,-708.0,487.0,-26.0,859.71
1778557967.114545,599616285784840846,5292,-887.0,110.0,79.0,897.28
1778557967.154545,599616285824840846,5292,-998.0,-323.0,-869.0,1362.17
1778557967.194545,599616285864840846,5292,-1766.0,447.0,-808.0,1992.84
1778557967.234545,599616285904840846,5292,-1726.0,13.0,-959.0,1974.57
1778557967.274545,599616285944840846,5292,-1106.0,-191.0,-569.0,1258.36
1778557967.314545,599616285984840846,5292,-1334.0,-63.0,-822.0,1568.19
1778557967.354545,599616286024840846,5292,-906.0,-240.0,-407.0,1021.8
1778557967.394545,599616286064840846,5292,-860.0,-262.0,-80.0,902.58
1778557967.434545,599616286104840846,5292,-987.0,85.0,-209.0,1012.46
1778557967.474545,599616286144840846,5292,-990.0,-15.0,-127.0,998.23
1778557967.514545,599616286184840846,5292,-535.0,31.0,94.0,544.08
1778557967.554545,599616286224840846,5292,-502.0,396.0,127.0,651.88
1778557967.594545,599616286264840846,5292,-625.0,570.0,76.0,849.29
1778557967.634545,599616286304840846,5292,-882.0,673.0,69.0,1111.58
1778557967.674545,599616286344840846,5292,-855.0,381.0,151.0,948.15
1778557967.714545,599616286384840846,5292,-691.0,-75.0,-25.0,695.51
1778557967.754545,599616286424840846,5292,-540.0,-444.0,-284.0,754.58
1778557967.794545,599616286464840846,5292,-1299.0,-65.0,-247.0,1323.87
1778557967.834545,599616286504840846,5292,-1668.0,332.0,-637.0,1816.1
1778557967.874545,599616286544840846,5292,-1467.0,227.0,-6.0,1484.47
1778557967.914545,599616286584840846,5292,-1332.0,346.0,-27.0,1376.47
1778557967.954545,599616286624840846,5292,-1061.0,-34.0,-289.0,1100.18
1778557967.994545,599616286664840846,5292,-1142.0,-143.0,43.0,1151.72
1778557968.034545,599616286704840846,5292,-833.0,-163.0,154.0,862.66
1778557968.074545,599616286744840846,5292,-650.0,119.0,130.0,673.47
1778557968.114545,599616286784840846,5292,-782.0,22.0,44.0,783.55
1778557968.154545,599616286824840846,5292,-920.0,-413.0,10.0,1008.5
1778557968.194545,599616286864840846,5292,-1190.0,-259.0,-87.0,1220.96
1778557968.234545,599616286904840846,5292,-1136.0,-43.0,-86.0,1140.06
1778557968.274545,599616286944840846,5292,-964.0,41.0,-75.0,967.78
1778557968.314286,599616286963622688,5328,-945.0,210.0,-96.0,972.8
1778557968.354286,599616287003622688,5328,-1176.0,351.0,-16.0,1227.37
1778557968.394286,599616287043622688,5328,-1123.0,287.0,17.0,1159.22
1778557968.434286,599616287083622688,5328,-910.0,139.0,45.0,921.65
1778557968.474286,599616287123622688,5328,-934.0,-6.0,5.0,934.03
1778557968.514286,599616287163622688,5328,-1164.0,191.0,40.0,1180.24
1778557968.554286,599616287203622688,5328,-972.0,240.0,72.0,1003.78
1778557968.594286,599616287243622688,5328,-866.0,225.0,72.0,897.64
1778557968.634286,599616287283622688,5328,-1103.0,80.0,93.0,1109.8
1778557968.674286,599616287323622688,5328,-1066.0,23.0,72.0,1068.68
1778557968.714286,599616287363622688,5328,-973.0,138.0,101.0,987.91
1778557968.754286,599616287403622688,5328,-1009.0,179.0,141.0,1034.41
1778557968.794286,599616287443622688,5328,-1021.0,180.0,202.0,1056.24
1778557968.834286,599616287483622688,5328,-1017.0,128.0,159.0,1037.28
1778557968.874286,599616287523622688,5328,-1001.0,162.0,149.0,1024.91
1778557968.914286,599616287563622688,5328,-998.0,128.0,203.0,1026.45
1778557968.954286,599616287603622688,5328,-964.0,103.0,231.0,996.63
1778557968.994286,599616287643622688,5328,-901.0,13.0,195.0,921.95
1778557969.034286,599616287683622688,5328,-842.0,-180.0,-19.0,861.23
1778557969.074286,599616287723622688,5328,-825.0,-257.0,-241.0,897.08
1778557969.114286,599616287763622688,5328,-866.0,-88.0,-85.0,874.6
1778557969.154286,599616287803622688,5328,-937.0,229.0,36.0,965.25
1778557969.194286,599616287843622688,5328,-1240.0,209.0,-81.0,1260.1
1778557969.234286,599616287883622688,5328,-1336.0,51.0,16.0,1337.07
1778557969.274286,599616287923622688,5328,-1112.0,-2.0,-15.0,1112.1
1778557969.314286,599616287963622688,5328,-641.0,63.0,-166.0,665.14
1778557969.354286,599616288003622688,5328,-171.0,264.0,-591.0,669.49
1778557969.394286,599616288043622688,5328,139.0,-53.0,-477.0,499.66
1778557969.434286,599616288083622688,5328,-93.0,-317.0,-432.0,543.84
1778557969.474286,599616288123622688,5328,-508.0,-276.0,-149.0,597.03
1778557969.514286,599616288163622688,5328,-586.0,-48.0,-707.0,919.54
1778557969.554286,599616288203622688,5328,-1016.0,-6.0,-1198.0,1570.83
1778557969.594286,599616288243622688,5328,-1850.0,-657.0,-815.0,2125.65
1778557969.634286,599616288283622688,5328,-534.0,-270.0,-667.0,896.07
1778557969.674286,599616288323622688,5328,-1123.0,88.0,-1250.0,1682.67
1778557969.714286,599616288363622688,5328,-1018.0,55.0,-935.0,1383.32
1778557969.754725,599616288382312924,5364,-1210.0,96.0,-745.0,1424.2
1778557969.794725,599616288422312924,5364,-828.0,-200.0,-590.0,1036.19
1778557969.834725,599616288462312924,5364,-456.0,730.0,-337.0,924.34
1778557969.874725,599616288502312924,5364,-880.0,1143.0,-771.0,1635.63
1778557969.914725,599616288542312924,5364,-716.0,1709.0,-844.0,2036.09
1778557969.954725,599616288582312924,5364,-153.0,1999.0,-719.0,2129.88
1778557969.994725,599616288622312924,5364,-46.0,1204.0,-705.0,1395.98
1778557970.034725,599616288662312924,5364,-483.0,154.0,-136.0,524.88
1778557970.074725,599616288702312924,5364,-327.0,713.0,123.0,793.99
1778557970.114725,599616288742312924,5364,773.0,1121.0,-265.0,1387.23
1778557970.154725,599616288782312924,5364,860.0,1538.0,314.0,1789.87
1778557970.194725,599616288822312924,5364,377.0,951.0,166.0,1036.38
1778557970.234725,599616288862312924,5364,157.0,281.0,532.0,621.8
1778557970.274725,599616288902312924,5364,126.0,514.0,320.0,618.44
1778557970.314725,599616288942312924,5364,195.0,1237.0,78.0,1254.7
1778557970.354725,599616288982312924,5364,17.0,1407.0,66.0,1408.65
1778557970.394725,599616289022312924,5364,43.0,1202.0,83.0,1205.63
1778557970.434725,599616289062312924,5364,-201.0,947.0,106.0,973.88
1778557970.474725,599616289102312924,5364,-186.0,879.0,101.0,904.12
1778557970.514725,599616289142312924,5364,38.0,913.0,195.0,934.37
1778557970.554725,599616289182312924,5364,144.0,985.0,177.0,1011.08
1778557970.594725,599616289222312924,5364,-134.0,1014.0,238.0,1050.14
1778557970.634725,599616289262312924,5364,-203.0,877.0,78.0,903.56
1778557970.674725,599616289302312924,5364,-211.0,867.0,112.0,899.31
1778557970.714725,599616289342312924,5364,-166.0,985.0,331.0,1052.3
1778557970.754725,599616289382312924,5364,-128.0,1023.0,314.0,1077.73
1778557970.794725,599616289422312924,5364,-135.0,1073.0,254.0,1110.89
1778557970.834725,599616289462312924,5364,-211.0,1048.0,210.0,1089.46
1778557970.874725,599616289502312924,5364,-179.0,944.0,226.0,987.04
1778557970.914725,599616289542312924,5364,-85.0,942.0,229.0,973.15
1778557970.954725,599616289582312924,5364,-67.0,963.0,252.0,997.68
1778557970.994725,599616289622312924,5364,-82.0,998.0,234.0,1028.34
1778557971.034725,599616289662312924,5364,-78.0,966.0,245.0,999.63
1778557971.074725,599616289702312924,5364,-106.0,945.0,242.0,981.24
1778557971.114725,599616289742312924,5364,-72.0,973.0,231.0,1002.63
1778557971.154725,599616289782312924,5364,-40.0,985.0,226.0,1011.39
1778557971.194332,599616289801491494,5400,-42.0,999.0,232.0,1026.44
1778557971.234332,599616289841491494,5400,-62.0,982.0,244.0,1013.76
1778557971.274332,599616289881491494,5400,-88.0,971.0,243.0,1004.81
1778557971.314332,599616289921491494,5400,-80.0,959.0,239.0,991.57
1778557971.354332,599616289961491494,5400,-76.0,974.0,249.0,1008.19
1778557971.394332,599616290001491494,5400,-93.0,984.0,235.0,1015.94
1778557971.434332,599616290041491494,5400,-78.0,984.0,228.0,1013.08
1778557971.474332,599616290081491494,5400,-79.0,985.0,225.0,1013.45
1778557971.514332,599616290121491494,5400,-84.0,980.0,238.0,1011.98
1778557971.554332,599616290161491494,5400,-86.0,983.0,232.0,1013.66
1778557971.594332,599616290201491494,5400,-69.0,980.0,238.0,1010.84
1778557971.634332,599616290241491494,5400,-91.0,971.0,257.0,1008.55
1778557971.674332,599616290281491494,5400,-101.0,966.0,245.0,1001.69
1778557971.714332,599616290321491494,5400,-72.0,984.0,244.0,1016.35
1778557971.754332,599616290361491494,5400,-71.0,972.0,246.0,1005.16
1778557971.794332,599616290401491494,5400,-91.0,947.0,227.0,978.07
1778557971.834332,599616290441491494,5400,-109.0,973.0,233.0,1006.43
1778557971.874332,599616290481491494,5400,-19.0,934.0,180.0,951.38
1778557971.914332,599616290521491494,5400,-114.0,915.0,243.0,953.56
1778557971.954332,599616290561491494,5400,-42.0,884.0,233.0,915.16
1778557971.994332,599616290601491494,5400,-29.0,945.0,238.0,974.94
1778557972.034332,599616290641491494,5400,9.0,922.0,187.0,940.82
1778557972.074332,599616290681491494,5400,-44.0,962.0,45.0,964.06
1778557972.114332,599616290721491494,5400,-84.0,1099.0,58.0,1103.73
1778557972.154332,599616290761491494,5400,-58.0,1000.0,88.0,1005.54
1778557972.194332,599616290801491494,5400,-182.0,931.0,-53.0,950.1
1778557972.234332,599616290841491494,5400,-232.0,1073.0,-284.0,1133.94
1778557972.274332,599616290881491494,5400,-72.0,1042.0,-229.0,1069.29
1778557972.314332,599616290921491494,5400,-208.0,1219.0,-238.0,1259.31
1778557972.354332,599616290961491494,5400,-482.0,1174.0,-449.0,1346.18
1778557972.394332,599616291001491494,5400,-314.0,1167.0,-250.0,1234.09
1778557972.434332,599616291041491494,5400,-288.0,1015.0,-279.0,1091.33
1778557972.474332,599616291081491494,5400,-208.0,844.0,-366.0,943.16
1778557972.514332,599616291121491494,5400,-302.0,643.0,-281.0,763.95
1778557972.554332,599616291161491494,5400,-481.0,582.0,-395.0,852.12
1778557972.594332,599616291201491494,5400,-517.0,643.0,-325.0,886.77
1778557972.589813,599616291219693476,5436,-544.0,799.0,-401.0,1046.49
1778557972.629813,599616291259693476,5436,-558.0,878.0,-485.0,1147.81
1778557972.669813,599616291299693476,5436,-626.0,846.0,-474.0,1154.24
1778557972.709813,599616291339693476,5436,-614.0,655.0,-448.0,1003.36
1778557972.749814,599616291379693476,5436,-657.0,514.0,-502.0,973.58
1778557972.789814,599616291419693476,5436,-657.0,465.0,-530.0,963.73
1778557972.829813,599616291459693476,5436,-567.0,531.0,-535.0,943.23
1778557972.869813,599616291499693476,5436,-549.0,481.0,-519.0,895.61
1778557972.909813,599616291539693476,5436,-659.0,366.0,-518.0,914.64
1778557972.949813,599616291579693476,5436,-625.0,394.0,-505.0,894.92
1778557972.989814,599616291619693476,5436,-666.0,367.0,-559.0,943.78
1778557973.029814,599616291659693476,5436,-641.0,363.0,-625.0,966.06
1778557973.069813,599616291699693476,5436,-691.0,427.0,-628.0,1026.74
1778557973.109813,599616291739693476,5436,-766.0,305.0,-591.0,1014.43
1778557973.149813,599616291779693476,5436,-795.0,341.0,-572.0,1037.06
1778557973.189813,599616291819693476,5436,-791.0,326.0,-613.0,1052.49
1778557973.229814,599616291859693476,5436,-814.0,355.0,-676.0,1116.06
1778557973.269814,599616291899693476,5436,-711.0,276.0,-771.0,1084.5
1778557973.309813,599616291939693476,5436,-827.0,223.0,-836.0,1196.89
1778557973.349813,599616291979693476,5436,-1039.0,402.0,-675.0,1302.59
1778557973.389813,599616292019693476,5436,-869.0,492.0,-797.0,1277.67
1778557973.429813,599616292059693476,5436,-845.0,313.0,-738.0,1164.75
1778557973.469814,599616292099693476,5436,-801.0,305.0,-654.0,1078.12
1778557973.509814,599616292139693476,5436,-840.0,299.0,-862.0,1240.18
1778557973.549814,599616292179693476,5436,-788.0,215.0,-485.0,949.94
1778557973.589813,599616292219693476,5436,-523.0,25.0,-442.0,685.21
1778557973.629813,599616292259693476,5436,-547.0,46.0,-722.0,906.98
1778557973.669813,599616292299693476,5436,-758.0,108.0,-739.0,1064.12
1778557973.709813,599616292339693476,5436,-743.0,237.0,-583.0,973.71
1778557973.749814,599616292379693476,5436,-814.0,392.0,-364.0,974.04
1778557973.789814,599616292419693476,5436,-905.0,58.0,-865.0,1253.24
1778557973.829813,599616292459693476,5436,-923.0,-409.0,-615.0,1182.13
1778557973.869813,599616292499693476,5436,-1189.0,13.0,-455.0,1273.15
1778557973.909813,599616292539693476,5436,-956.0,30.0,-454.0,1058.75
1778557973.949813,599616292579693476,5436,-701.0,35.0,-680.0,977.25
1778557973.989814,599616292619693476,5436,-642.0,52.0,-964.0,1159.38
1778557973.987083,599616292638322702,5472,-660.0,-223.0,-800.0,1060.82
1778557974.027083,599616292678322702,5472,-748.0,-580.0,-973.0,1357.44
1778557974.067083,599616292718322702,5472,-669.0,-247.0,-1098.0,1309.26
1778557974.107083,599616292758322702,5472,-714.0,92.0,-799.0,1075.48
1778557974.147083,599616292798322702,5472,-763.0,-120.0,-768.0,1089.22
1778557974.187083,599616292838322702,5472,-658.0,-473.0,-689.0,1063.68
1778557974.227083,599616292878322702,5472,-725.0,-191.0,-511.0,907.32
1778557974.267083,599616292918322702,5472,-756.0,25.0,-402.0,856.6
1778557974.307083,599616292958322702,5472,-640.0,32.0,-304.0,709.25
1778557974.347083,599616292998322702,5472,-648.0,-22.0,-321.0,723.48
1778557974.387083,599616293038322702,5472,-825.0,-151.0,-324.0,899.11
1778557974.427083,599616293078322702,5472,-941.0,-244.0,-268.0,1008.39
1778557974.467083,599616293118322702,5472,-1020.0,-189.0,-187.0,1054.08
1778557974.507083,599616293158322702,5472,-881.0,-94.0,-150.0,898.61
1778557974.547083,599616293198322702,5472,-765.0,62.0,-57.0,769.62
1778557974.587083,599616293238322702,5472,-769.0,-8.0,-300.0,825.48
1778557974.627083,599616293278322702,5472,-980.0,-182.0,-1166.0,1533.98
1778557974.667083,599616293318322702,5472,-1619.0,-14.0,-566.0,1715.14
1778557974.707083,599616293358322702,5472,-1431.0,-222.0,-150.0,1455.87
1778557974.747083,599616293398322702,5472,-763.0,-239.0,-191.0,822.05
1778557974.787083,599616293438322702,5472,-783.0,-57.0,-178.0,805.0
1778557974.827083,599616293478322702,5472,-972.0,176.0,-118.0,994.83
1778557974.867083,599616293518322702,5472,-677.0,-40.0,-83.0,683.24
1778557974.907083,599616293558322702,5472,-814.0,-239.0,-24.0,848.7
1778557974.947083,599616293598322702,5472,-960.0,-14.0,0.0,960.1
1778557974.987083,599616293638322702,5472,-909.0,223.0,101.0,941.39
1778557975.027083,599616293678322702,5472,-991.0,181.0,64.0,1009.42
1778557975.067083,599616293718322702,5472,-1034.0,-110.0,41.0,1040.64
1778557975.107083,599616293758322702,5472,-1281.0,-358.0,-179.0,1342.08
1778557975.147083,599616293798322702,5472,-1123.0,-411.0,-363.0,1249.73
1778557975.187083,599616293838322702,5472,-1244.0,-274.0,-100.0,1277.74
1778557975.227083,599616293878322702,5472,-947.0,199.0,63.0,969.73
1778557975.267083,599616293918322702,5472,-1038.0,139.0,41.0,1048.07
1778557975.307083,599616293958322702,5472,-989.0,-27.0,61.0,991.25
1778557975.347083,599616293998322702,5472,-817.0,-244.0,107.0,859.35
1778557975.387083,599616294038322702,5472,-810.0,-262.0,81.0,855.16
1778557975.425172,599616294056921404,5508,-957.0,-135.0,93.0,970.94
1778557975.465172,599616294096921404,5508,-919.0,-117.0,111.0,933.04
1778557975.505172,599616294136921404,5508,-908.0,-136.0,239.0,948.73
1778557975.545172,599616294176921404,5508,-1012.0,-73.0,325.0,1065.41
1778557975.585172,599616294216921404,5508,-1034.0,-60.0,220.0,1058.85
1778557975.625172,599616294256921404,5508,-1071.0,14.0,212.0,1091.87
1778557975.665172,599616294296921404,5508,-1285.0,23.0,62.0,1286.7
1778557975.705172,599616294336921404,5508,-1163.0,-29.0,-272.0,1194.74
1778557975.745172,599616294376921404,5508,-1129.0,-73.0,-320.0,1175.74
1778557975.785172,599616294416921404,5508,-1177.0,-205.0,-2.0,1194.72
1778557975.825172,599616294456921404,5508,-1135.0,-341.0,200.0,1201.88
1778557975.865172,599616294496921404,5508,-984.0,-113.0,60.0,992.28
1778557975.905172,599616294536921404,5508,-728.0,131.0,17.0,739.89
1778557975.945172,599616294576921404,5508,-718.0,171.0,81.0,742.51
1778557975.985172,599616294616921404,5508,-1021.0,165.0,117.0,1040.84
1778557976.025172,599616294656921404,5508,-1002.0,206.0,155.0,1034.63
1778557976.065172,599616294696921404,5508,-957.0,207.0,168.0,993.44
1778557976.105172,599616294736921404,5508,-1032.0,147.0,189.0,1059.41
1778557976.145172,599616294776921404,5508,-1060.0,156.0,201.0,1090.11
1778557976.185172,599616294816921404,5508,-968.0,65.0,278.0,1009.22
1778557976.225172,599616294856921404,5508,-1271.0,-264.0,-74.0,1300.24
1778557976.265172,599616294896921404,5508,-1460.0,-454.0,-329.0,1563.96
1778557976.305172,599616294936921404,5508,-833.0,-310.0,-56.0,890.58
1778557976.345172,599616294976921404,5508,-657.0,-80.0,28.0,662.44
1778557976.385172,599616295016921404,5508,-1171.0,25.0,134.0,1178.91
1778557976.425172,599616295056921404,5508,-1270.0,21.0,-18.0,1270.3
1778557976.465172,599616295096921404,5508,-881.0,-102.0,-30.0,887.39
1778557976.505172,599616295136921404,5508,-795.0,-246.0,35.0,832.93
1778557976.545172,599616295176921404,5508,-1028.0,-268.0,64.0,1064.29
1778557976.585172,599616295216921404,5508,-1061.0,-241.0,3.0,1088.03
1778557976.625172,599616295256921404,5508,-980.0,-170.0,13.0,994.72
1778557976.665172,599616295296921404,5508,-994.0,-134.0,57.0,1004.61
1778557976.705172,599616295336921404,5508,-987.0,-108.0,53.0,994.3
1778557976.745172,599616295376921404,5508,-988.0,-139.0,76.0,1000.62
1778557976.785172,599616295416921404,5508,-1011.0,-165.0,91.0,1028.41
1778557976.825172,599616295456921404,5508,-1032.0,-102.0,81.0,1040.19
1778557976.819814,599616295475031848,5544,-1020.0,-162.0,80.0,1035.88
1778557976.859814,599616295515031848,5544,-1025.0,-199.0,101.0,1049.01
1778557976.899814,599616295555031848,5544,-1024.0,-157.0,134.0,1044.6
1778557976.939814,599616295595031848,5544,-995.0,-111.0,83.0,1004.61
1778557976.979814,599616295635031848,5544,-973.0,-14.0,79.0,976.3
1778557977.019814,599616295675031848,5544,-1052.0,-120.0,-342.0,1112.69
1778557977.059814,599616295715031848,5544,-1011.0,-38.0,-85.0,1015.28
1778557977.099814,599616295755031848,5544,-907.0,-219.0,46.0,934.2
1778557977.139814,599616295795031848,5544,-1111.0,-347.0,-44.0,1164.76
1778557977.179814,599616295835031848,5544,-1390.0,-176.0,-141.0,1408.18
1778557977.219814,599616295875031848,5544,-1070.0,-126.0,-44.0,1078.29
1778557977.259814,599616295915031848,5544,-770.0,-21.0,86.0,775.07
1778557977.299814,599616295955031848,5544,-813.0,-8.0,23.0,813.36
1778557977.339814,599616295995031848,5544,-1026.0,-69.0,-38.0,1029.02
1778557977.379814,599616296035031848,5544,-1075.0,-66.0,-32.0,1077.5
1778557977.419814,599616296075031848,5544,-1027.0,-85.0,-65.0,1032.56
1778557977.459814,599616296115031848,5544,-1051.0,-31.0,-57.0,1053.0
1778557977.499814,599616296155031848,5544,-1085.0,0.0,0.0,1085.0
1778557977.539814,599616296195031848,5544,-1079.0,-70.0,-42.0,1082.08
1778557977.579814,599616296235031848,5544,-1036.0,-150.0,-19.0,1046.98
1778557977.619814,599616296275031848,5544,-991.0,-71.0,16.0,993.67
1778557977.659814,599616296315031848,5544,-1020.0,-66.0,-22.0,1022.37
1778557977.699814,599616296355031848,5544,-1020.0,-111.0,-46.0,1027.05
1778557977.739814,599616296395031848,5544,-976.0,-137.0,-17.0,985.71
1778557977.779814,599616296435031848,5544,-968.0,-116.0,-7.0,974.95
1778557977.819814,599616296475031848,5544,-1014.0,-120.0,-37.0,1021.75
1778557977.859814,599616296515031848,5544,-1029.0,-136.0,-38.0,1038.64
1778557977.899814,599616296555031848,5544,-1013.0,-141.0,-20.0,1022.96
1778557977.939814,599616296595031848,5544,-1007.0,-83.0,1.0,1010.42
1778557977.979814,599616296635031848,5544,-1017.0,-77.0,-18.0,1020.07
1778557978.019814,599616296675031848,5544,-1017.0,-166.0,-41.0,1031.27
1778557978.059814,599616296715031848,5544,-1017.0,-153.0,-20.0,1028.64
1778557978.099814,599616296755031848,5544,-1004.0,-139.0,2.0,1013.58
1778557978.139814,599616296795031848,5544,-989.0,-137.0,-16.0,998.57
1778557978.179814,599616296835031848,5544,-1003.0,-159.0,-32.0,1016.03
1778557978.219814,599616296875031848,5544,-1033.0,-145.0,-15.0,1043.23
1778557978.259587,599616296892776044,5580,-1010.0,-131.0,-1.0,1018.46
1778557978.299587,599616296932776044,5580,-1013.0,-124.0,-10.0,1020.61
1778557978.339586,599616296972776044,5580,-1021.0,-128.0,-6.0,1029.01
1778557978.379586,599616297012776044,5580,-1020.0,-134.0,-1.0,1028.76
1778557978.419587,599616297052776044,5580,-1009.0,-144.0,-18.0,1019.38
1778557978.459587,599616297092776044,5580,-1007.0,-152.0,-27.0,1018.76
1778557978.499587,599616297132776044,5580,-1002.0,-153.0,-16.0,1013.74
1778557978.539587,599616297172776044,5580,-999.0,-187.0,9.0,1016.39
1778557978.579587,599616297212776044,5580,-1008.0,-243.0,34.0,1037.43
1778557978.619586,599616297252776044,5580,-980.0,-236.0,-2.0,1008.02
1778557978.659587,599616297292776044,5580,-984.0,-173.0,-13.0,999.18
1778557978.699587,599616297332776044,5580,-977.0,-226.0,-66.0,1004.97
1778557978.739587,599616297372776044,5580,-1004.0,-245.0,-69.0,1035.76
1778557978.779587,599616297412776044,5580,-1011.0,-175.0,40.0,1026.81
1778557978.819587,599616297452776044,5580,-1079.0,-101.0,69.0,1085.91
1778557978.859586,599616297492776044,5580,-1015.0,-62.0,-13.0,1016.97
1778557978.899587,599616297532776044,5580,-1012.0,-117.0,-36.0,1019.38
1778557978.939587,599616297572776044,5580,-1040.0,-115.0,-5.0,1046.35
1778557978.979587,599616297612776044,5580,-1036.0,-102.0,22.0,1041.24
1778557979.019587,599616297652776044,5580,-1034.0,-47.0,36.0,1035.69
1778557979.059587,599616297692776044,5580,-1017.0,-70.0,49.0,1020.58
1778557979.099586,599616297732776044,5580,-1002.0,-111.0,84.0,1011.62
1778557979.139587,599616297772776044,5580,-1003.0,-79.0,120.0,1013.24
1778557979.179587,599616297812776044,5580,-996.0,-97.0,121.0,1008.0
1778557979.219587,599616297852776044,5580,-1004.0,-75.0,124.0,1014.4
1778557979.259587,599616297892776044,5580,-984.0,-66.0,141.0,996.24
1778557979.299587,599616297932776044,5580,-967.0,-98.0,198.0,991.92
1778557979.339586,599616297972776044,5580,-1009.0,-55.0,244.0,1039.54
1778557979.379586,599616298012776044,5580,-1002.0,-105.0,271.0,1043.3
1778557979.419587,599616298052776044,5580,-1042.0,-260.0,229.0,1098.09
1778557979.459587,599616298092776044,5580,-1274.0,-254.0,219.0,1317.4
1778557979.499587,599616298132776044,5580,-1347.0,-423.0,-174.0,1422.54
1778557979.539587,599616298172776044,5580,-1180.0,76.0,-463.0,1269.86
1778557979.579587,599616298212776044,5580,-951.0,335.0,-198.0,1027.54
1778557979.619586,599616298252776044,5580,-1029.0,-42.0,-283.0,1068.03
1778557979.659587,599616298292776044,5580,-1257.0,-170.0,-185.0,1281.86
1778557979.699674,599616298310520252,5616,-1231.0,22.0,-18.0,1231.33
1778557979.739674,599616298350520252,5616,-744.0,146.0,51.0,759.9
1778557979.779674,599616298390520252,5616,-584.0,209.0,58.0,622.98
1778557979.819674,599616298430520252,5616,-723.0,117.0,103.0,739.61
1778557979.859674,599616298470520252,5616,-682.0,96.0,61.0,691.42
1778557979.899674,599616298510520252,5616,-945.0,209.0,69.0,970.29
1778557979.939674,599616298550520252,5616,-1238.0,195.0,94.0,1256.78
1778557979.979674,599616298590520252,5616,-1104.0,133.0,155.0,1122.73
1778557980.019674,599616298630520252,5616,-1121.0,29.0,250.0,1148.9
1778557980.059674,599616298670520252,5616,-1172.0,-207.0,3.0,1190.14
1778557980.099674,599616298710520252,5616,-1163.0,-203.0,-28.0,1180.92
1778557980.139674,599616298750520252,5616,-1112.0,178.0,-404.0,1196.43
1778557980.179674,599616298790520252,5616,-1061.0,-92.0,-369.0,1127.1
1778557980.219674,599616298830520252,5616,-1406.0,-178.0,-64.0,1418.67
1778557980.259674,599616298870520252,5616,-1344.0,170.0,-29.0,1355.02
1778557980.299674,599616298910520252,5616,-1107.0,167.0,-52.0,1120.73
1778557980.339674,599616298950520252,5616,-730.0,96.0,-24.0,736.68
1778557980.379674,599616298990520252,5616,-553.0,-102.0,74.0,567.18
1778557980.419674,599616299030520252,5616,-709.0,-97.0,105.0,723.27
1778557980.459674,599616299070520252,5616,-864.0,-51.0,107.0,872.09
1778557980.499674,599616299110520252,5616,-836.0,-69.0,165.0,854.92
1778557980.539674,599616299150520252,5616,-993.0,-181.0,156.0,1021.35
1778557980.579674,599616299190520252,5616,-1229.0,-207.0,32.0,1246.72
1778557980.619674,599616299230520252,5616,-1130.0,-7.0,117.0,1136.06
1778557980.659674,599616299270520252,5616,-815.0,78.0,166.0,835.38
1778557980.699674,599616299310520252,5616,-979.0,-129.0,-633.0,1172.93
1778557980.739674,599616299350520252,5616,-2000.0,55.0,-606.0,2090.52
1778557980.779674,599616299390520252,5616,-1500.0,-89.0,58.0,1503.76
1778557980.819674,599616299430520252,5616,-978.0,-163.0,13.0,991.58
1778557980.859674,599616299470520252,5616,-637.0,-31.0,-207.0,670.51
1778557980.899674,599616299510520252,5616,-736.0,176.0,-60.0,759.13
1778557980.939674,599616299550520252,5616,-624.0,99.0,39.0,633.01
1778557980.979674,599616299590520252,5616,-796.0,78.0,105.0,806.68
1778557981.019674,599616299630520252,5616,-1201.0,287.0,167.0,1246.06
1778557981.059674,599616299670520252,5616,-1068.0,384.0,251.0,1162.36
1778557981.099674,599616299710520252,5616,-871.0,260.0,222.0,935.69
1778557981.094604,599616299728752764,5652,-1042.0,-256.0,125.0,1080.24
1778557981.134604,599616299768752764,5652,-1552.0,-559.0,-283.0,1673.7
1778557981.174603,599616299808752764,5652,-1151.0,-245.0,-490.0,1274.73
1778557981.214603,599616299848752764,5652,-1325.0,-83.0,-50.0,1328.54
1778557981.254604,599616299888752764,5652,-1054.0,321.0,104.0,1106.69
1778557981.294604,599616299928752764,5652,-1011.0,202.0,39.0,1031.72
1778557981.334604,599616299968752764,5652,-891.0,60.0,45.0,894.15
1778557981.374604,599616300008752764,5652,-682.0,-140.0,157.0,713.7
1778557981.414603,599616300048752764,5652,-700.0,-126.0,209.0,741.32
1778557981.454603,599616300088752764,5652,-861.0,8.0,206.0,885.34
1778557981.494604,599616300128752764,5652,-888.0,-58.0,215.0,915.5
1778557981.534604,599616300168752764,5652,-1071.0,-231.0,269.0,1128.17
1778557981.574604,599616300208752764,5652,-1185.0,-185.0,225.0,1220.28
1778557981.614604,599616300248752764,5652,-1134.0,27.0,329.0,1181.07
1778557981.654603,599616300288752764,5652,-1472.0,-182.0,-382.0,1531.61
1778557981.694603,599616300328752764,5652,-1379.0,235.0,-359.0,1444.21
1778557981.734604,599616300368752764,5652,-1388.0,252.0,-47.0,1411.47
1778557981.774604,599616300408752764,5652,-1174.0,-258.0,176.0,1214.83
1778557981.814604,599616300448752764,5652,-857.0,-156.0,29.0,871.57
1778557981.854604,599616300488752764,5652,-688.0,99.0,12.0,695.19
1778557981.894603,599616300528752764,5652,-529.0,185.0,25.0,560.97
1778557981.934603,599616300568752764,5652,-610.0,47.0,128.0,625.05
1778557981.974604,599616300608752764,5652,-903.0,62.0,144.0,916.51
1778557982.014604,599616300648752764,5652,-1100.0,243.0,181.0,1140.97
1778557982.054604,599616300688752764,5652,-1022.0,237.0,405.0,1124.58
1778557982.094604,599616300728752764,5652,-1020.0,145.0,394.0,1103.02
1778557982.134604,599616300768752764,5652,-1107.0,-92.0,202.0,1129.03
1778557982.174603,599616300808752764,5652,-1441.0,-2.0,-205.0,1455.51
1778557982.214603,599616300848752764,5652,-1161.0,-59.0,-234.0,1185.82
1778557982.254604,599616300888752764,5652,-1334.0,-130.0,105.0,1344.43
1778557982.294604,599616300928752764,5652,-1277.0,288.0,239.0,1330.71
1778557982.334604,599616300968752764,5652,-920.0,298.0,-10.0,967.11
1778557982.374604,599616301008752764,5652,-669.0,-12.0,94.0,675.68
1778557982.414603,599616301048752764,5652,-689.0,-235.0,216.0,759.34
1778557982.454603,599616301088752764,5652,-669.0,-125.0,229.0,718.07
1778557982.494604,599616301128752764,5652,-896.0,-32.0,110.0,903.29
1778557982.489612,599616301147076808,5688,-924.0,-190.0,255.0,977.19
1778557982.529612,599616301187076808,5688,-997.0,-213.0,317.0,1067.65
1778557982.569612,599616301227076808,5688,-1181.0,-266.0,151.0,1219.97
1778557982.609612,599616301267076808,5688,-1017.0,-55.0,285.0,1057.61
1778557982.649612,599616301307076808,5688,-1390.0,153.0,131.0,1404.52
1778557982.689612,599616301347076808,5688,-1239.0,165.0,-492.0,1343.28
1778557982.729612,599616301387076808,5688,-1322.0,245.0,-236.0,1365.07
1778557982.769612,599616301427076808,5688,-1348.0,-266.0,147.0,1381.84
1778557982.809612,599616301467076808,5688,-1106.0,-293.0,-73.0,1146.48
1778557982.849612,599616301507076808,5688,-654.0,-169.0,-56.0,677.8
1778557982.889612,599616301547076808,5688,-533.0,152.0,66.0,558.17
1778557982.929612,599616301587076808,5688,-596.0,286.0,143.0,676.36
1778557982.969612,599616301627076808,5688,-723.0,104.0,119.0,740.07
1778557983.009612,599616301667076808,5688,-1078.0,139.0,130.0,1094.67
1778557983.049612,599616301707076808,5688,-1184.0,353.0,250.0,1260.54
1778557983.089612,599616301747076808,5688,-1125.0,228.0,329.0,1194.09
1778557983.129612,599616301787076808,5688,-987.0,1.0,277.0,1025.13
1778557983.169612,599616301827076808,5688,-1317.0,-98.0,-188.0,1333.96
1778557983.209612,599616301867076808,5688,-1409.0,-223.0,-455.0,1497.34
1778557983.249612,599616301907076808,5688,-1496.0,-292.0,-56.0,1525.26
1778557983.289612,599616301947076808,5688,-1129.0,173.0,176.0,1155.66
1778557983.329612,599616301987076808,5688,-1160.0,147.0,-74.0,1171.62
1778557983.369612,599616302027076808,5688,-870.0,47.0,15.0,871.4
1778557983.409612,599616302067076808,5688,-568.0,-156.0,123.0,601.74
1778557983.449612,599616302107076808,5688,-471.0,-65.0,214.0,521.4
1778557983.489612,599616302147076808,5688,-727.0,39.0,130.0,739.56
1778557983.529612,599616302187076808,5688,-1045.0,-192.0,185.0,1078.48
1778557983.569612,599616302227076808,5688,-1109.0,-274.0,151.0,1152.28
1778557983.609612,599616302267076808,5688,-1015.0,-118.0,163.0,1034.76
1778557983.649612,599616302307076808,5688,-1138.0,124.0,180.0,1158.8
1778557983.689612,599616302347076808,5688,-1453.0,-2.0,101.0,1456.51
1778557983.729612,599616302387076808,5688,-1094.0,-27.0,-502.0,1203.98
1778557983.769612,599616302427076808,5688,-1222.0,158.0,-394.0,1293.63
1778557983.809612,599616302467076808,5688,-1321.0,-1.0,76.0,1323.18
1778557983.849612,599616302507076808,5688,-1020.0,-74.0,107.0,1028.26
1778557983.889612,599616302547076808,5688,-695.0,-3.0,6.0,695.03
1778557983.930137,599616302565248254,5724,-640.0,129.0,10.0,652.95
1778557983.970137,599616302605248254,5724,-769.0,128.0,5.0,779.6
1778557984.010137,599616302645248254,5724,-962.0,171.0,42.0,977.98
1778557984.050137,599616302685248254,5724,-1222.0,271.0,-51.0,1252.73
1778557984.090137,599616302725248254,5724,-970.0,442.0,211.0,1086.64
1778557984.130137,599616302765248254,5724,-679.0,270.0,275.0,780.75
1778557984.170137,599616302805248254,5724,-1058.0,-217.0,-114.0,1086.02
1778557984.210137,599616302845248254,5724,-1622.0,-355.0,-396.0,1706.96
1778557984.250137,599616302885248254,5724,-1782.0,-102.0,122.0,1789.08
1778557984.290137,599616302925248254,5724,-1094.0,111.0,247.0,1127.02
1778557984.330137,599616302965248254,5724,-794.0,49.0,12.0,795.6
1778557984.370137,599616303005248254,5724,-740.0,27.0,-8.0,740.54
1778557984.410137,599616303045248254,5724,-543.0,-119.0,106.0,565.9
1778557984.450137,599616303085248254,5724,-645.0,-158.0,80.0,668.87
1778557984.490137,599616303125248254,5724,-918.0,-72.0,164.0,935.31
1778557984.530137,599616303165248254,5724,-1095.0,-114.0,246.0,1128.07
1778557984.570137,599616303205248254,5724,-1137.0,-140.0,226.0,1167.67
1778557984.610137,599616303245248254,5724,-1131.0,18.0,231.0,1154.49
1778557984.650137,599616303285248254,5724,-1236.0,25.0,199.0,1252.17
1778557984.690137,599616303325248254,5724,-1291.0,-311.0,-530.0,1429.79
1778557984.730137,599616303365248254,5724,-1164.0,204.0,-285.0,1215.62
1778557984.770137,599616303405248254,5724,-1373.0,-79.0,-99.0,1378.83
1778557984.810137,599616303445248254,5724,-1302.0,-342.0,-93.0,1349.38
1778557984.850137,599616303485248254,5724,-840.0,-164.0,-50.0,857.32
1778557984.890137,599616303525248254,5724,-641.0,139.0,73.0,659.95
1778557984.930137,599616303565248254,5724,-733.0,265.0,114.0,787.72
1778557984.970137,599616303605248254,5724,-851.0,67.0,58.0,855.6
1778557985.010137,599616303645248254,5724,-992.0,-6.0,49.0,993.23
1778557985.050137,599616303685248254,5724,-1038.0,132.0,108.0,1051.92
1778557985.090137,599616303725248254,5724,-913.0,193.0,219.0,958.53
1778557985.130137,599616303765248254,5724,-955.0,149.0,-12.0,966.63
1778557985.170137,599616303805248254,5724,-944.0,-145.0,-55.0,956.65
1778557985.210137,599616303845248254,5724,-1398.0,-296.0,-357.0,1472.91
1778557985.250137,599616303885248254,5724,-1418.0,-9.0,-39.0,1418.56
1778557985.290137,599616303925248254,5724,-1482.0,167.0,170.0,1501.04
1778557985.330137,599616303965248254,5724,-965.0,-105.0,120.0,978.08
1778557985.326200,599616303983724886,5760,-1041.0,-239.0,21.0,1068.29
1778557985.366200,599616304023724886,5760,-821.0,-169.0,59.0,840.29
1778557985.406200,599616304063724886,5760,-509.0,-132.0,137.0,543.39
1778557985.446200,599616304103724886,5760,-717.0,-13.0,112.0,725.81
1778557985.486200,599616304143724886,5760,-967.0,-58.0,108.0,974.74
1778557985.526200,599616304183724886,5760,-1002.0,-329.0,440.0,1142.74
1778557985.566200,599616304223724886,5760,-1564.0,-452.0,-13.0,1628.06
1778557985.606200,599616304263724886,5760,-1308.0,725.0,-319.0,1529.13
1778557985.646200,599616304303724886,5760,-544.0,-78.0,362.0,658.08
1778557985.686200,599616304343724886,5760,-1275.0,393.0,98.0,1337.79
1778557985.726200,599616304383724886,5760,-1268.0,-134.0,20.0,1275.22
1778557985.766200,599616304423724886,5760,-1103.0,-147.0,109.0,1118.08
1778557985.806200,599616304463724886,5760,-869.0,200.0,339.0,953.98
1778557985.846200,599616304503724886,5760,-613.0,252.0,337.0,743.53
1778557985.886200,599616304543724886,5760,-621.0,132.0,142.0,650.56
1778557985.926200,599616304583724886,5760,-1087.0,153.0,-286.0,1134.36
1778557985.966200,599616304623724886,5760,-1512.0,289.0,-370.0,1583.21
1778557986.006200,599616304663724886,5760,-1410.0,198.0,365.0,1469.87
1778557986.046200,599616304703724886,5760,-849.0,30.0,74.0,852.75
1778557986.086200,599616304743724886,5760,-584.0,41.0,77.0,590.48
1778557986.126200,599616304783724886,5760,-974.0,84.0,233.0,1005.0
1778557986.166200,599616304823724886,5760,-860.0,140.0,174.0,888.52
1778557986.206200,599616304863724886,5760,-984.0,77.0,28.0,987.41
1778557986.246200,599616304903724886,5760,-1162.0,69.0,41.0,1164.77
1778557986.286200,599616304943724886,5760,-1088.0,66.0,84.0,1093.23
1778557986.326200,599616304983724886,5760,-1028.0,-2.0,186.0,1044.69
1778557986.366200,599616305023724886,5760,-968.0,63.0,210.0,992.52
1778557986.406200,599616305063724886,5760,-903.0,307.0,242.0,983.98
1778557986.446200,599616305103724886,5760,-951.0,326.0,215.0,1028.06
1778557986.486200,599616305143724886,5760,-983.0,135.0,137.0,1001.64
1778557986.526200,599616305183724886,5760,-1105.0,29.0,-290.0,1142.79
1778557986.566200,599616305223724886,5760,-1368.0,-438.0,-450.0,1505.25
1778557986.606200,599616305263724886,5760,-1218.0,-227.0,-66.0,1240.73
1778557986.646200,599616305303724886,5760,-1081.0,82.0,-117.0,1090.4
1778557986.686200,599616305343724886,5760,-1179.0,207.0,-129.0,1203.96
1778557986.726200,599616305383724886,5760,-981.0,94.0,-115.0,992.18
1778557986.764757,599616305403544326,5796,-824.0,-215.0,-32.0,852.19
1778557986.804757,599616305443544326,5796,-928.0,-121.0,25.0,936.19
1778557986.844757,599616305483544326,5796,-913.0,132.0,94.0,927.27
1778557986.884757,599616305523544326,5796,-955.0,78.0,122.0,965.92
1778557986.924757,599616305563544326,5796,-1017.0,-40.0,139.0,1027.23
1778557986.964757,599616305603544326,5796,-1013.0,-31.0,173.0,1028.13
1778557987.004757,599616305643544326,5796,-1029.0,-10.0,203.0,1048.88
1778557987.044757,599616305683544326,5796,-948.0,-11.0,262.0,983.6
1778557987.084757,599616305723544326,5796,-1263.0,-13.0,32.0,1263.47
1778557987.124757,599616305763544326,5796,-1257.0,-9.0,-576.0,1382.72
1778557987.164757,599616305803544326,5796,-1227.0,200.0,-277.0,1273.68
1778557987.204757,599616305843544326,5796,-1016.0,-157.0,152.0,1039.23
1778557987.244757,599616305883544326,5796,-1202.0,-236.0,114.0,1230.24
1778557987.284757,599616305923544326,5796,-957.0,-109.0,-17.0,963.34
1778557987.324757,599616305963544326,5796,-660.0,47.0,6.0,661.7
1778557987.364757,599616306003544326,5796,-794.0,125.0,17.0,803.96
1778557987.404757,599616306043544326,5796,-990.0,139.0,69.0,1002.09
1778557987.444757,599616306083544326,5796,-962.0,222.0,149.0,998.46
1778557987.484757,599616306123544326,5796,-946.0,221.0,163.0,985.05
1778557987.524757,599616306163544326,5796,-1005.0,163.0,228.0,1043.35
1778557987.564757,599616306203544326,5796,-1058.0,198.0,218.0,1098.22
1778557987.604757,599616306243544326,5796,-1052.0,150.0,185.0,1078.62
1778557987.644757,599616306283544326,5796,-1068.0,-30.0,241.0,1095.26
1778557987.684757,599616306323544326,5796,-1197.0,-243.0,264.0,1249.62
1778557987.724757,599616306363544326,5796,-1345.0,-88.0,147.0,1355.87
1778557987.764757,599616306403544326,5796,-829.0,-251.0,10.0,866.22
1778557987.804757,599616306443544326,5796,-1017.0,-265.0,-239.0,1077.79
1778557987.844757,599616306483544326,5796,-1305.0,26.0,191.0,1319.16
1778557987.884757,599616306523544326,5796,-1039.0,37.0,220.0,1062.68
1778557987.924757,599616306563544326,5796,-772.0,-144.0,90.0,790.46
1778557987.964757,599616306603544326,5796,-684.0,-299.0,28.0,747.02
1778557988.004757,599616306643544326,5796,-753.0,-182.0,87.0,779.55
1778557988.044757,599616306683544326,5796,-990.0,-91.0,57.0,995.81
1778557988.084757,599616306723544326,5796,-1009.0,-101.0,118.0,1020.88
1778557988.124757,599616306763544326,5796,-1016.0,-12.0,240.0,1044.03
1778557988.164757,599616306803544326,5796,-1073.0,72.0,228.0,1099.32
1778557988.159785,599616306822478734,5832,-1073.0,-33.0,273.0,1107.68
1778557988.199785,599616306862478734,5832,-1034.0,-28.0,402.0,1109.75
1778557988.239784,599616306902478734,5832,-1013.0,4.0,305.0,1057.93
1778557988.279784,599616306942478734,5832,-1069.0,-7.0,193.0,1086.31
1778557988.319785,599616306982478734,5832,-1109.0,-76.0,-58.0,1113.11
1778557988.359785,599616307022478734,5832,-1140.0,14.0,-152.0,1150.17
1778557988.399785,599616307062478734,5832,-1226.0,4.0,-282.0,1258.02
1778557988.439785,599616307102478734,5832,-1045.0,-171.0,191.0,1075.99
1778557988.479784,599616307142478734,5832,-998.0,-325.0,195.0,1067.55
1778557988.519784,599616307182478734,5832,-922.0,-34.0,165.0,937.26
1778557988.559785,599616307222478734,5832,-785.0,198.0,59.0,811.73
1778557988.599785,599616307262478734,5832,-981.0,122.0,128.0,996.81
1778557988.639785,599616307302478734,5832,-1057.0,148.0,223.0,1090.36
1778557988.679785,599616307342478734,5832,-950.0,170.0,155.0,977.46
1778557988.719784,599616307382478734,5832,-929.0,224.0,246.0,986.78
1778557988.759784,599616307422478734,5832,-1010.0,134.0,256.0,1050.52
1778557988.799785,599616307462478734,5832,-1007.0,116.0,235.0,1040.54
1778557988.839785,599616307502478734,5832,-939.0,173.0,316.0,1005.74
1778557988.879785,599616307542478734,5832,-988.0,-55.0,400.0,1067.32
1778557988.919785,599616307582478734,5832,-1240.0,-270.0,66.0,1270.77
1778557988.959785,599616307622478734,5832,-1341.0,-175.0,-181.0,1364.43
1778557988.999784,599616307662478734,5832,-1028.0,-105.0,-117.0,1039.95
1778557989.039785,599616307702478734,5832,-646.0,25.0,197.0,675.83
1778557989.079785,599616307742478734,5832,-1033.0,158.0,232.0,1070.46
1778557989.119785,599616307782478734,5832,-1371.0,38.0,85.0,1374.16
1778557989.159785,599616307822478734,5832,-1049.0,-111.0,78.0,1057.74
1778557989.199785,599616307862478734,5832,-704.0,-175.0,133.0,737.52
1778557989.239784,599616307902478734,5832,-854.0,-240.0,196.0,908.48
1778557989.279784,599616307942478734,5832,-1047.0,-250.0,119.0,1082.99
1778557989.319785,599616307982478734,5832,-1040.0,-206.0,108.0,1065.69
1778557989.359785,599616308022478734,5832,-1004.0,-116.0,180.0,1026.58
1778557989.399785,599616308062478734,5832,-988.0,-49.0,184.0,1006.18
1778557989.439785,599616308102478734,5832,-977.0,-77.0,194.0,999.05
1778557989.479784,599616308142478734,5832,-983.0,-120.0,232.0,1017.11
1778557989.519784,599616308182478734,5832,-1023.0,-110.0,219.0,1051.95
1778557989.559785,599616308222478734,5832,-1033.0,-120.0,189.0,1056.98
1778557989.600017,599616308241352124,5868,-1068.0,-104.0,226.0,1096.59
1778557989.640017,599616308281352124,5868,-1105.0,-35.0,352.0,1160.24
1778557989.680017,599616308321352124,5868,-1078.0,-83.0,119.0,1087.72
1778557989.720016,599616308361352124,5868,-1058.0,-57.0,-6.0,1059.55
1778557989.760017,599616308401352124,5868,-991.0,49.0,16.0,992.34
1778557989.800017,599616308441352124,5868,-881.0,146.0,140.0,903.92
1778557989.840017,599616308481352124,5868,-806.0,13.0,74.0,809.49
1778557989.880017,599616308521352124,5868,-1161.0,-67.0,24.0,1163.18
1778557989.920017,599616308561352124,5868,-1331.0,-11.0,139.0,1338.28
1778557989.960016,599616308601352124,5868,-1049.0,-18.0,218.0,1071.56
1778557990.000017,599616308641352124,5868,-815.0,34.0,184.0,836.2
1778557990.040017,599616308681352124,5868,-831.0,113.0,63.0,841.01
1778557990.080017,599616308721352124,5868,-1021.0,94.0,63.0,1027.25
1778557990.120017,599616308761352124,5868,-1031.0,71.0,139.0,1042.75
1778557990.160017,599616308801352124,5868,-1024.0,27.0,124.0,1031.83
1778557990.200016,599616308841352124,5868,-1037.0,-6.0,123.0,1044.29
1778557990.240017,599616308881352124,5868,-1014.0,3.0,135.0,1022.95
1778557990.280017,599616308921352124,5868,-1017.0,17.0,148.0,1027.85
1778557990.320017,599616308961352124,5868,-1016.0,6.0,127.0,1023.92
1778557990.360017,599616309001352124,5868,-1042.0,-9.0,109.0,1047.72
1778557990.400017,599616309041352124,5868,-1042.0,30.0,262.0,1074.85
1778557990.440017,599616309081352124,5868,-1076.0,102.0,314.0,1125.51
1778557990.480017,599616309121352124,5868,-1028.0,37.0,204.0,1048.7
1778557990.520017,599616309161352124,5868,-1060.0,-26.0,29.0,1060.72
1778557990.560017,599616309201352124,5868,-1116.0,13.0,55.0,1117.43
1778557990.600017,599616309241352124,5868,-1099.0,19.0,55.0,1100.54
1778557990.640017,599616309281352124,5868,-916.0,16.0,96.0,921.16
1778557990.680017,599616309321352124,5868,-882.0,-30.0,100.0,888.16
1778557990.720016,599616309361352124,5868,-1034.0,-82.0,69.0,1039.54
1778557990.760017,599616309401352124,5868,-1013.0,-63.0,59.0,1016.67
1778557990.800017,599616309441352124,5868,-960.0,-110.0,38.0,967.03
1778557990.840017,599616309481352124,5868,-1009.0,-163.0,58.0,1023.73
1778557990.880017,599616309521352124,5868,-1076.0,-99.0,157.0,1091.89
1778557990.920017,599616309561352124,5868,-1089.0,20.0,223.0,1111.78
1778557990.960016,599616309601352124,5868,-861.0,60.0,186.0,882.9
1778557991.000017,599616309641352124,5868,-755.0,47.0,19.0,756.7
1778557991.037595,599616309660591690,5904,-1135.0,-306.0,-40.0,1176.21
1778557991.077595,599616309700591690,5904,-1266.0,-318.0,178.0,1317.41
1778557991.117595,599616309740591690,5904,-922.0,-92.0,210.0,950.08
1778557991.157595,599616309780591690,5904,-855.0,-2.0,225.0,884.11
1778557991.197595,599616309820591690,5904,-1123.0,-41.0,128.0,1131.01
1778557991.237595,599616309860591690,5904,-1129.0,-180.0,85.0,1146.41
1778557991.277595,599616309900591690,5904,-1031.0,-146.0,187.0,1057.94
1778557991.317595,599616309940591690,5904,-998.0,-36.0,249.0,1029.22
1778557991.357595,599616309980591690,5904,-1183.0,-7.0,-26.0,1183.31
1778557991.397595,599616310020591690,5904,-1187.0,-47.0,-226.0,1209.24
1778557991.437595,599616310060591690,5904,-846.0,-64.0,121.0,857.0
1778557991.477595,599616310100591690,5904,-781.0,104.0,132.0,798.87
1778557991.517595,599616310140591690,5904,-928.0,212.0,-218.0,976.55
1778557991.557595,599616310180591690,5904,-693.0,15.0,-216.0,726.04
1778557991.597595,599616310220591690,5904,-263.0,-180.0,-128.0,343.44
1778557991.637595,599616310260591690,5904,-239.0,-252.0,-157.0,381.15
1778557991.677595,599616310300591690,5904,-490.0,-127.0,-440.0,670.69
1778557991.717595,599616310340591690,5904,-258.0,-278.0,-670.0,769.9
1778557991.757595,599616310380591690,5904,-494.0,-652.0,-607.0,1018.62
1778557991.797595,599616310420591690,5904,-923.0,-745.0,-765.0,1411.45
1778557991.837595,599616310460591690,5904,-2000.0,-813.0,-383.0,2192.64
1778557991.877595,599616310500591690,5904,-1283.0,-536.0,-564.0,1500.49
1778557991.917595,599616310540591690,5904,-987.0,-983.0,-1200.0,1838.6
1778557991.957595,599616310580591690,5904,-918.0,-493.0,-836.0,1335.92
1778557991.997595,599616310620591690,5904,-577.0,-99.0,-206.0,620.62
1778557992.037595,599616310660591690,5904,51.0,-242.0,-134.0,281.28
1778557992.077595,599616310700591690,5904,-296.0,-443.0,-990.0,1124.26
1778557992.117595,599616310740591690,5904,-1033.0,954.0,-714.0,1577.02
1778557992.157595,599616310780591690,5904,-1125.0,656.0,-869.0,1565.61
1778557992.197595,599616310820591690,5904,-57.0,-215.0,-788.0,818.79
1778557992.237595,599616310860591690,5904,-334.0,670.0,-905.0,1174.51
1778557992.277595,599616310900591690,5904,-609.0,909.0,-1017.0,1493.8
1778557992.317595,599616310940591690,5904,326.0,740.0,-351.0,881.52
1778557992.357595,599616310980591690,5904,811.0,1396.0,-424.0,1669.23
1778557992.397595,599616311020591690,5904,181.0,1514.0,-827.0,1734.61
1778557992.437595,599616311060591690,5904,-62.0,1999.0,-377.0,2035.18
1778557992.434895,599616311079953356,5940,-1461.0,1794.0,-1328.0,2667.68
1778557992.474895,599616311119953356,5940,-368.0,-411.0,505.0,747.91
1778557992.514895,599616311159953356,5940,1448.0,596.0,-744.0,1733.63
1778557992.554895,599616311199953356,5940,390.0,642.0,198.0,776.83
1778557992.594895,599616311239953356,5940,-301.0,1239.0,-8.0,1275.06
1778557992.634895,599616311279953356,5940,-266.0,1093.0,-25.0,1125.18
1778557992.674895,599616311319953356,5940,53.0,998.0,-114.0,1005.89
1778557992.714895,599616311359953356,5940,245.0,1062.0,-107.0,1095.13
1778557992.754895,599616311399953356,5940,-395.0,937.0,-109.0,1022.68
1778557992.794895,599616311439953356,5940,-305.0,1003.0,-181.0,1063.86
1778557992.834895,599616311479953356,5940,52.0,832.0,-219.0,861.91
1778557992.874895,599616311519953356,5940,-122.0,573.0,-42.0,587.35
1778557992.914895,599616311559953356,5940,-429.0,921.0,-168.0,1029.81
1778557992.954895,599616311599953356,5940,-148.0,1019.0,-254.0,1060.56
1778557992.994895,599616311639953356,5940,-131.0,1149.0,-454.0,1242.37
1778557993.034895,599616311679953356,5940,-168.0,1098.0,-483.0,1211.25
1778557993.074895,599616311719953356,5940,-264.0,1027.0,-497.0,1171.08
1778557993.114895,599616311759953356,5940,-112.0,897.0,-387.0,983.32
1778557993.154895,599616311799953356,5940,-12.0,727.0,-436.0,847.8
1778557993.194895,599616311839953356,5940,-451.0,813.0,-297.0,976.0
1778557993.234895,599616311879953356,5940,-549.0,862.0,-459.0,1120.32
1778557993.274895,599616311919953356,5940,-91.0,832.0,-635.0,1050.59
1778557993.314895,599616311959953356,5940,-328.0,811.0,-537.0,1026.49
1778557993.354895,599616311999953356,5940,-267.0,814.0,-503.0,993.43
1778557993.394895,599616312039953356,5940,-262.0,886.0,-484.0,1043.02
1778557993.434895,599616312079953356,5940,-252.0,852.0,-497.0,1018.05
1778557993.474895,599616312119953356,5940,-221.0,875.0,-515.0,1039.08
1778557993.514895,599616312159953356,5940,-244.0,876.0,-519.0,1047.03
1778557993.554895,599616312199953356,5940,-219.0,866.0,-488.0,1017.87
1778557993.594895,599616312239953356,5940,-152.0,861.0,-443.0,980.14
1778557993.634895,599616312279953356,5940,-130.0,823.0,-379.0,915.35
1778557993.674895,599616312319953356,5940,-148.0,884.0,-459.0,1007.0
1778557993.714895,599616312359953356,5940,-186.0,911.0,-491.0,1051.47
1778557993.754895,599616312399953356,5940,-199.0,887.0,-464.0,1020.62
1778557993.794895,599616312439953356,5940,-168.0,865.0,-415.0,974.0
1778557993.834895,599616312479953356,5940,-201.0,896.0,-459.0,1026.6
1778557993.829822,599616312499101394,5976,-179.0,883.0,-430.0,998.31
1778557993.869822,599616312539101394,5976,-208.0,848.0,-385.0,954.25
1778557993.909822,599616312579101394,5976,-138.0,899.0,-454.0,1016.54
1778557993.949821,599616312619101394,5976,-123.0,866.0,-435.0,976.89
1778557993.989822,599616312659101394,5976,-153.0,830.0,-424.0,944.5
1778557994.029822,599616312699101394,5976,-135.0,930.0,-539.0,1083.35
1778557994.069822,599616312739101394,5976,-139.0,907.0,-495.0,1042.59
1778557994.109822,599616312779101394,5976,-184.0,896.0,-498.0,1041.48
1778557994.149822,599616312819101394,5976,-155.0,903.0,-495.0,1041.37
1778557994.189821,599616312859101394,5976,-164.0,1026.0,-592.0,1195.84
1778557994.229822,599616312899101394,5976,-195.0,1021.0,-475.0,1142.84
1778557994.269822,599616312939101394,5976,-252.0,874.0,-623.0,1102.5
1778557994.309822,599616312979101394,5976,-268.0,761.0,-592.0,1000.7
1778557994.349822,599616313019101394,5976,-252.0,825.0,-513.0,1003.64
1778557994.389822,599616313059101394,5976,-320.0,773.0,-459.0,954.26
1778557994.429821,599616313099101394,5976,-301.0,843.0,-458.0,1005.49
1778557994.469822,599616313139101394,5976,-298.0,762.0,-375.0,900.04
1778557994.509822,599616313179101394,5976,-366.0,783.0,-500.0,998.52
1778557994.549822,599616313219101394,5976,-465.0,666.0,-524.0,966.62
1778557994.589822,599616313259101394,5976,-511.0,789.0,-471.0,1051.42
1778557994.629822,599616313299101394,5976,-518.0,771.0,-408.0,1014.51
1778557994.669822,599616313339101394,5976,-592.0,591.0,-520.0,984.96
1778557994.709822,599616313379101394,5976,-749.0,458.0,-634.0,1082.92
1778557994.749822,599616313419101394,5976,-585.0,517.0,-563.0,962.54
1778557994.789822,599616313459101394,5976,-686.0,398.0,-627.0,1011.0
1778557994.829822,599616313499101394,5976,-584.0,409.0,-621.0,945.5
1778557994.869822,599616313539101394,5976,-555.0,340.0,-701.0,956.57
1778557994.909822,599616313579101394,5976,-589.0,150.0,-641.0,883.35
1778557994.949821,599616313619101394,5976,-581.0,134.0,-664.0,892.42
1778557994.989822,599616313659101394,5976,-656.0,298.0,-664.0,979.81
1778557995.029822,599616313699101394,5976,-713.0,219.0,-682.0,1010.67
1778557995.069822,599616313739101394,5976,-722.0,138.0,-643.0,976.62
1778557995.109822,599616313779101394,5976,-858.0,72.0,-708.0,1114.73
1778557995.149822,599616313819101394,5976,-863.0,-31.0,-738.0,1135.95
1778557995.189821,599616313859101394,5976,-949.0,-24.0,-774.0,1224.85
1778557995.229822,599616313899101394,5976,-860.0,210.0,-613.0,1076.79
1778557995.270162,599616313918859810,6012,-935.0,234.0,-611.0,1141.18
1778557995.310162,599616313958859810,6012,-887.0,300.0,-860.0,1271.37
1778557995.350162,599616313998859810,6012,-879.0,167.0,-731.0,1155.37
1778557995.390162,599616314038859810,6012,-999.0,79.0,-781.0,1270.51
1778557995.430162,599616314078859810,6012,-1050.0,-90.0,-641.0,1233.48
1778557995.470162,599616314118859810,6012,-881.0,-195.0,-663.0,1119.71
1778557995.510162,599616314158859810,6012,-800.0,-93.0,-703.0,1069.05
1778557995.550162,599616314198859810,6012,-803.0,0.0,-667.0,1043.89
1778557995.590162,599616314238859810,6012,-792.0,40.0,-658.0,1030.45
1778557995.630162,599616314278859810,6012,-939.0,-9.0,-538.0,1082.24
1778557995.670162,599616314318859810,6012,-1059.0,26.0,-453.0,1152.11
1778557995.710162,599616314358859810,6012,-1036.0,-92.0,-438.0,1128.54
1778557995.750162,599616314398859810,6012,-875.0,-19.0,-461.0,989.2
1778557995.790162,599616314438859810,6012,-784.0,158.0,-276.0,846.05
1778557995.830162,599616314478859810,6012,-851.0,181.0,-238.0,902.0
1778557995.870162,599616314518859810,6012,-997.0,-6.0,-259.0,1030.11
1778557995.910162,599616314558859810,6012,-1067.0,-32.0,-264.0,1099.64
1778557995.950162,599616314598859810,6012,-1006.0,78.0,-63.0,1010.98
1778557995.990162,599616314638859810,6012,-846.0,-94.0,-190.0,872.15
1778557996.030162,599616314678859810,6012,-755.0,-51.0,-713.0,1039.71
1778557996.070162,599616314718859810,6012,-662.0,-346.0,-863.0,1141.37
1778557996.110162,599616314758859810,6012,-1124.0,-374.0,-316.0,1226.01
1778557996.150162,599616314798859810,6012,-1027.0,-28.0,-368.0,1091.3
1778557996.190162,599616314838859810,6012,-864.0,-70.0,-266.0,906.73
1778557996.230162,599616314878859810,6012,-784.0,-170.0,-308.0,859.31
1778557996.270162,599616314918859810,6012,-851.0,-415.0,-105.0,952.6
1778557996.310162,599616314958859810,6012,-827.0,-164.0,-77.0,846.61
1778557996.350162,599616314998859810,6012,-817.0,-210.0,-88.0,848.14
1778557996.390162,599616315038859810,6012,-786.0,-221.0,-21.0,816.75
1778557996.430162,599616315078859810,6012,-819.0,-242.0,170.0,870.76
1778557996.470162,599616315118859810,6012,-945.0,-163.0,162.0,972.54
1778557996.510162,599616315158859810,6012,-1055.0,-217.0,68.0,1079.23
1778557996.550162,599616315198859810,6012,-1030.0,-108.0,158.0,1047.63
1778557996.590162,599616315238859810,6012,-1038.0,21.0,156.0,1049.87
1778557996.630162,599616315278859810,6012,-1034.0,-358.0,-596.0,1246.01
1778557996.670162,599616315318859810,6012,-1367.0,-109.0,-629.0,1508.71
1778557996.754840,599616315338435074,6048,-1426.0,-33.0,-65.0,1427.86
1778557996.794840,599616315378435074,6048,-1167.0,-294.0,109.0,1208.39
1778557996.834840,599616315418435074,6048,-797.0,-284.0,-42.0,847.13
1778557996.874840,599616315458435074,6048,-789.0,48.0,-57.0,792.51
1778557996.914840,599616315498435074,6048,-718.0,150.0,96.0,739.76
1778557996.954840,599616315538435074,6048,-745.0,-1.0,75.0,748.77
1778557996.994840,599616315578435074,6048,-1016.0,-13.0,107.0,1021.7
1778557997.034840,599616315618435074,6048,-1106.0,175.0,145.0,1129.11
1778557997.074840,599616315658435074,6048,-1030.0,256.0,121.0,1068.21
1778557997.114840,599616315698435074,6048,-906.0,90.0,180.0,928.08
1778557997.154840,599616315738435074,6048,-1199.0,-394.0,-270.0,1290.63
1778557997.194840,599616315778435074,6048,-1450.0,-550.0,-352.0,1590.25
1778557997.234840,599616315818435074,6048,-1213.0,-244.0,-64.0,1238.95
1778557997.274840,599616315858435074,6048,-980.0,98.0,185.0,1002.11
1778557997.314840,599616315898435074,6048,-1139.0,-74.0,-7.0,1141.42
1778557997.354840,599616315938435074,6048,-1108.0,-151.0,-30.0,1118.64
1778557997.394840,599616315978435074,6048,-714.0,-250.0,22.0,756.82
1778557997.434840,599616316018435074,6048,-800.0,-210.0,85.0,831.46
1778557997.474840,599616316058435074,6048,-890.0,-105.0,137.0,906.58
1778557997.514840,599616316098435074,6048,-793.0,-67.0,201.0,820.82
1778557997.554840,599616316138435074,6048,-823.0,-55.0,241.0,859.32
1778557997.594840,599616316178435074,6048,-1004.0,-132.0,158.0,1024.89
1778557997.634840,599616316218435074,6048,-1190.0,-24.0,156.0,1200.42
1778557997.674840,599616316258435074,6048,-1206.0,80.0,190.0,1223.49
1778557997.714840,599616316298435074,6048,-1075.0,-95.0,-221.0,1101.59
1778557997.754840,599616316338435074,6048,-1190.0,-73.0,-240.0,1216.15
1778557997.794840,599616316378435074,6048,-1354.0,-272.0,43.0,1381.72
1778557997.834840,599616316418435074,6048,-1213.0,-258.0,230.0,1261.28
1778557997.874840,599616316458435074,6048,-967.0,-245.0,68.0,999.87
1778557997.914840,599616316498435074,6048,-638.0,-22.0,-36.0,639.39
1778557997.954840,599616316538435074,6048,-540.0,84.0,147.0,565.92
1778557997.994840,599616316578435074,6048,-886.0,61.0,138.0,898.76
1778557998.034840,599616316618435074,6048,-1173.0,135.0,230.0,1202.94
1778557998.074840,599616316658435074,6048,-1060.0,128.0,220.0,1090.13
1778557998.114840,599616316698435074,6048,-980.0,181.0,166.0,1010.31
1778557998.154840,599616316738435074,6048,-956.0,221.0,216.0,1004.71
1778557998.105345,599616316757918814,6084,-1249.0,-81.0,0.0,1251.62
1778557998.145345,599616316797918814,6084,-1307.0,-263.0,-115.0,1338.15
1778557998.185345,599616316837918814,6084,-1192.0,-220.0,-66.0,1213.93
1778557998.225345,599616316877918814,6084,-805.0,-131.0,51.0,817.18
1778557998.265346,599616316917918814,6084,-981.0,-18.0,95.0,985.75
1778557998.305346,599616316957918814,6084,-1374.0,3.0,65.0,1375.54
1778557998.345345,599616316997918814,6084,-941.0,-148.0,13.0,952.66
1778557998.385345,599616317037918814,6084,-785.0,-249.0,88.0,828.23
1778557998.425345,599616317077918814,6084,-968.0,-227.0,86.0,997.97
1778557998.465345,599616317117918814,6084,-1051.0,-188.0,6.0,1067.7
1778557998.505346,599616317157918814,6084,-943.0,-127.0,37.0,952.23
1778557998.545346,599616317197918814,6084,-913.0,-138.0,100.0,928.77
1778557998.585346,599616317237918814,6084,-1020.0,-182.0,93.0,1040.28
1778557998.625345,599616317277918814,6084,-1016.0,-192.0,98.0,1038.62
1778557998.665345,599616317317918814,6084,-1014.0,-199.0,-13.0,1033.42
1778557998.705345,599616317357918814,6084,-1078.0,-206.0,-16.0,1097.62
1778557998.745346,599616317397918814,6084,-1023.0,-117.0,100.0,1034.51
1778557998.785346,599616317437918814,6084,-996.0,-83.0,71.0,1001.97
1778557998.825346,599616317477918814,6084,-987.0,-99.0,166.0,1005.75
1778557998.865345,599616317517918814,6084,-1011.0,-197.0,166.0,1043.31
1778557998.905345,599616317557918814,6084,-1030.0,-213.0,142.0,1061.34
1778557998.945345,599616317597918814,6084,-992.0,-136.0,236.0,1028.72
1778557998.985346,599616317637918814,6084,-926.0,-169.0,220.0,966.66
1778557999.025346,599616317677918814,6084,-990.0,-205.0,261.0,1044.15
1778557999.065346,599616317717918814,6084,-1069.0,-242.0,292.0,1134.28
1778557999.105345,599616317757918814,6084,-1061.0,-219.0,299.0,1123.87
1778557999.145345,599616317797918814,6084,-1020.0,-220.0,252.0,1073.45
1778557999.185345,599616317837918814,6084,-905.0,-141.0,299.0,963.49
1778557999.225345,599616317877918814,6084,-1049.0,-70.0,248.0,1080.19
1778557999.265346,599616317917918814,6084,-1200.0,-135.0,-108.0,1212.39
1778557999.305346,599616317957918814,6084,-1063.0,172.0,62.0,1078.61
1778557999.345345,599616317997918814,6084,-875.0,397.0,276.0,999.7
1778557999.385345,599616318037918814,6084,-1114.0,-21.0,57.0,1115.65
1778557999.425345,599616318077918814,6084,-1386.0,-125.0,86.0,1394.28
1778557999.465345,599616318117918814,6084,-1037.0,-98.0,143.0,1051.39
1778557999.505346,599616318157918814,6084,-748.0,-67.0,182.0,772.73
1778557999.545074,599616318177036356,6120,-599.0,-56.0,181.0,628.25
1778557999.585074,599616318217036356,6120,-711.0,26.0,212.0,742.39
1778557999.625074,599616318257036356,6120,-962.0,211.0,230.0,1011.37
1778557999.665074,599616318297036356,6120,-1088.0,178.0,295.0,1141.25
1778557999.705074,599616318337036356,6120,-1021.0,127.0,290.0,1068.96
1778557999.745074,599616318377036356,6120,-951.0,174.0,394.0,1043.99
1778557999.785074,599616318417036356,6120,-1070.0,115.0,332.0,1126.21
1778557999.825074,599616318457036356,6120,-1223.0,-111.0,399.0,1291.22
1778557999.865074,599616318497036356,6120,-1355.0,-45.0,54.0,1356.82
1778557999.905074,599616318537036356,6120,-988.0,-81.0,-234.0,1018.56
1778557999.945074,599616318577036356,6120,-1069.0,-187.0,80.0,1088.18
1778557999.985074,599616318617036356,6120,-1035.0,285.0,140.0,1082.61
1778558000.025074,599616318657036356,6120,-1383.0,261.0,146.0,1414.97
1778558000.065074,599616318697036356,6120,-1260.0,108.0,53.0,1265.73
1778558000.105074,599616318737036356,6120,-726.0,23.0,88.0,731.68
1778558000.145074,599616318777036356,6120,-589.0,-4.0,215.0,627.03
1778558000.185074,599616318817036356,6120,-714.0,-83.0,199.0,745.85
1778558000.225074,599616318857036356,6120,-572.0,-71.0,272.0,637.35
1778558000.265074,599616318897036356,6120,-862.0,-86.0,315.0,921.77
1778558000.305074,599616318937036356,6120,-1244.0,-125.0,264.0,1277.83
1778558000.345074,599616318977036356,6120,-1133.0,-120.0,312.0,1181.28
1778558000.385074,599616319017036356,6120,-995.0,-134.0,385.0,1075.27
1778558000.425074,599616319057036356,6120,-1157.0,-4.0,363.0,1212.61
1778558000.465074,599616319097036356,6120,-1168.0,182.0,424.0,1255.84
1778558000.505074,599616319137036356,6120,-1271.0,56.0,-235.0,1293.75
1778558000.545074,599616319177036356,6120,-1221.0,296.0,-371.0,1310.0
1778558000.585074,599616319217036356,6120,-1491.0,209.0,103.0,1509.1
1778558000.625074,599616319257036356,6120,-1336.0,-347.0,38.0,1380.85
1778558000.665074,599616319297036356,6120,-930.0,-335.0,65.0,990.63
1778558000.705074,599616319337036356,6120,-377.0,14.0,405.0,553.49
1778558000.745074,599616319377036356,6120,-268.0,359.0,308.0,543.66
1778558000.785074,599616319417036356,6120,-638.0,252.0,322.0,757.78
1778558000.825074,599616319457036356,6120,-1092.0,154.0,228.0,1126.13
1778558000.865074,599616319497036356,6120,-1230.0,222.0,329.0,1292.45
1778558000.905074,599616319537036356,6120,-1010.0,233.0,191.0,1053.98
1778558000.945074,599616319577036356,6120,-988.0,62.0,330.0,1043.5
1778558000.945981,599616319596764218,6156,-1144.0,-87.0,172.0,1160.12
1778558000.985981,599616319636764218,6156,-1500.0,62.0,-365.0,1545.01
1778558001.025981,599616319676764218,6156,-1022.0,-207.0,-152.0,1053.77
1778558001.065981,599616319716764218,6156,-1364.0,-236.0,-33.0,1384.66
1778558001.105981,599616319756764218,6156,-1327.0,413.0,10.0,1389.82
1778558001.145981,599616319796764218,6156,-1015.0,292.0,-17.0,1056.3
1778558001.185981,599616319836764218,6156,-818.0,57.0,93.0,825.24
1778558001.225981,599616319876764218,6156,-599.0,-93.0,60.0,609.14
1778558001.265981,599616319916764218,6156,-756.0,-99.0,174.0,782.06
1778558001.305981,599616319956764218,6156,-916.0,-45.0,191.0,936.78
1778558001.345981,599616319996764218,6156,-1048.0,-97.0,39.0,1053.2
1778558001.385981,599616320036764218,6156,-1003.0,-80.0,163.0,1019.3
1778558001.425981,599616320076764218,6156,-827.0,1.0,256.0,865.72
1778558001.465981,599616320116764218,6156,-1140.0,-133.0,225.0,1169.58
1778558001.505981,599616320156764218,6156,-1225.0,-77.0,150.0,1236.55
1778558001.545981,599616320196764218,6156,-1227.0,387.0,239.0,1308.59
1778558001.585981,599616320236764218,6156,-1263.0,109.0,-429.0,1338.32
1778558001.625981,599616320276764218,6156,-873.0,231.0,-155.0,916.25
1778558001.665981,599616320316764218,6156,-884.0,135.0,-82.0,898.0
1778558001.705981,599616320356764218,6156,-1239.0,-169.0,-105.0,1254.87
1778558001.745981,599616320396764218,6156,-1073.0,-61.0,17.0,1074.87
1778558001.785981,599616320436764218,6156,-693.0,-71.0,172.0,717.55
1778558001.825981,599616320476764218,6156,-764.0,0.0,120.0,773.37
1778558001.865981,599616320516764218,6156,-1019.0,290.0,22.0,1059.69
1778558001.905981,599616320556764218,6156,-1086.0,336.0,-146.0,1146.13
1778558001.945981,599616320596764218,6156,-1079.0,37.0,-137.0,1088.29
1778558001.985981,599616320636764218,6156,-937.0,6.0,-56.0,938.69
1778558002.025981,599616320676764218,6156,-986.0,-53.0,-91.0,991.61
1778558002.065981,599616320716764218,6156,-920.0,2.0,-80.0,923.47
1778558002.105981,599616320756764218,6156,-973.0,-26.0,28.0,973.75
1778558002.145981,599616320796764218,6156,-991.0,51.0,220.0,1016.41
1778558002.185981,599616320836764218,6156,-1150.0,199.0,-85.0,1170.18
1778558002.225981,599616320876764218,6156,-1023.0,143.0,-327.0,1083.47
1778558002.265981,599616320916764218,6156,-948.0,-216.0,-439.0,1066.81
1778558002.305981,599616320956764218,6156,-1164.0,-127.0,-286.0,1205.33
1778558002.345981,599616320996764218,6156,-1317.0,-74.0,-358.0,1366.8
1778558002.380758,599616321017010892,6192,-1124.0,-177.0,-262.0,1167.63
1778558002.420758,599616321057010892,6192,-929.0,-184.0,-296.0,992.23
1778558002.460757,599616321097010892,6192,-808.0,-166.0,-238.0,858.52
1778558002.500757,599616321137010892,6192,-846.0,-11.0,-329.0,907.79
1778558002.540758,599616321177010892,6192,-973.0,86.0,-366.0,1043.11
1778558002.580758,599616321217010892,6192,-1003.0,81.0,-266.0,1040.83
1778558002.620758,599616321257010892,6192,-901.0,-16.0,-323.0,957.28
1778558002.660758,599616321297010892,6192,-836.0,-78.0,-355.0,911.59
1778558002.700758,599616321337010892,6192,-1052.0,29.0,-363.0,1113.24
1778558002.740757,599616321377010892,6192,-1050.0,74.0,-313.0,1098.16
1778558002.780758,599616321417010892,6192,-1016.0,122.0,-403.0,1099.79
1778558002.820758,599616321457010892,6192,-1045.0,50.0,-462.0,1143.66
1778558002.860758,599616321497010892,6192,-881.0,30.0,-399.0,967.61
1778558002.900758,599616321537010892,6192,-880.0,151.0,-343.0,956.48
1778558002.940758,599616321577010892,6192,-910.0,115.0,-412.0,1005.52
1778558002.980757,599616321617010892,6192,-922.0,105.0,-424.0,1020.24
1778558003.020758,599616321657010892,6192,-981.0,244.0,-381.0,1080.3
1778558003.060758,599616321697010892,6192,-891.0,251.0,-389.0,1004.09
1778558003.100758,599616321737010892,6192,-853.0,267.0,-351.0,960.26
1778558003.140758,599616321777010892,6192,-982.0,174.0,-339.0,1053.34
1778558003.180758,599616321817010892,6192,-923.0,213.0,-337.0,1005.42
1778558003.220757,599616321857010892,6192,-830.0,165.0,-296.0,896.52
1778558003.260758,599616321897010892,6192,-969.0,337.0,-364.0,1088.59
1778558003.300758,599616321937010892,6192,-1011.0,230.0,-344.0,1092.41
1778558003.340758,599616321977010892,6192,-988.0,223.0,-339.0,1068.08
1778558003.380758,599616322017010892,6192,-917.0,226.0,-280.0,985.07
1778558003.420758,599616322057010892,6192,-940.0,226.0,-255.0,999.85
1778558003.460757,599616322097010892,6192,-907.0,206.0,-312.0,981.03
1778558003.500757,599616322137010892,6192,-922.0,157.0,-308.0,984.68
1778558003.540758,599616322177010892,6192,-1012.0,216.0,-332.0,1086.75
1778558003.580758,599616322217010892,6192,-996.0,215.0,-281.0,1056.98
1778558003.620758,599616322257010892,6192,-999.0,217.0,-269.0,1057.1
1778558003.660758,599616322297010892,6192,-960.0,139.0,-247.0,1000.96
1778558003.700758,599616322337010892,6192,-997.0,189.0,-288.0,1054.83
1778558003.740757,599616322377010892,6192,-998.0,243.0,-332.0,1079.48
1778558003.780758,599616322417010892,6192,-951.0,293.0,-306.0,1041.1
1778558003.821804,599616322437135500,6228,-927.0,125.0,-244.0,966.69
1778558003.861804,599616322477135500,6228,-1010.0,41.0,-298.0,1053.84
1778558003.901804,599616322517135500,6228,-993.0,58.0,-220.0,1018.73
1778558003.941804,599616322557135500,6228,-882.0,87.0,-184.0,905.18
1778558003.981804,599616322597135500,6228,-971.0,330.0,-236.0,1052.35
1778558004.021804,599616322637135500,6228,-992.0,257.0,-183.0,1040.96
1778558004.061804,599616322677135500,6228,-962.0,91.0,-250.0,998.11
1778558004.101804,599616322717135500,6228,-973.0,42.0,-410.0,1056.69
1778558004.141804,599616322757135500,6228,-974.0,204.0,-182.0,1011.64
1778558004.181804,599616322797135500,6228,-1044.0,278.0,-223.0,1103.15
1778558004.221804,599616322837135500,6228,-955.0,202.0,-128.0,984.49
1778558004.261804,599616322877135500,6228,-936.0,149.0,-208.0,970.34
1778558004.301804,599616322917135500,6228,-1048.0,93.0,-303.0,1094.88
1778558004.341804,599616322957135500,6228,-1035.0,-6.0,-303.0,1078.46
1778558004.381804,599616322997135500,6228,-952.0,47.0,-273.0,991.48
1778558004.421804,599616323037135500,6228,-987.0,260.0,-204.0,1040.86
1778558004.461804,599616323077135500,6228,-999.0,110.0,-205.0,1025.73
1778558004.501804,599616323117135500,6228,-980.0,32.0,-195.0,999.72
1778558004.541804,599616323157135500,6228,-1009.0,100.0,-262.0,1047.25
1778558004.581804,599616323197135500,6228,-1023.0,28.0,-237.0,1050.47
1778558004.621804,599616323237135500,6228,-1022.0,159.0,-193.0,1052.15
1778558004.661804,599616323277135500,6228,-962.0,121.0,-191.0,988.21
1778558004.701804,599616323317135500,6228,-964.0,30.0,-173.0,979.86
1778558004.741804,599616323357135500,6228,-1005.0,37.0,-185.0,1022.56
1778558004.781804,599616323397135500,6228,-1016.0,83.0,-174.0,1034.13
1778558004.821804,599616323437135500,6228,-987.0,86.0,-195.0,1009.75
1778558004.861804,599616323477135500,6228,-978.0,79.0,-189.0,999.22
1778558004.901804,599616323517135500,6228,-981.0,98.0,-194.0,1004.79
1778558004.941804,599616323557135500,6228,-989.0,61.0,-207.0,1012.27
1778558004.981804,599616323597135500,6228,-1013.0,51.0,-235.0,1041.15
1778558005.021804,599616323637135500,6228,-1013.0,106.0,-225.0,1043.09
1778558005.061804,599616323677135500,6228,-998.0,163.0,-218.0,1034.45
1778558005.101804,599616323717135500,6228,-966.0,101.0,-234.0,999.06
1778558005.141804,599616323757135500,6228,-982.0,114.0,-240.0,1017.31
1778558005.181804,599616323797135500,6228,-986.0,134.0,-233.0,1021.98
1778558005.221804,599616323837135500,6228,-1018.0,145.0,-245.0,1057.06
1778558005.215005,599616323857015996,6264,-1077.0,-9.0,-270.0,1110.36
1778558005.255005,599616323897015996,6264,-1031.0,-65.0,-273.0,1068.51
1778558005.295005,599616323937015996,6264,-1013.0,15.0,-303.0,1057.45
1778558005.335005,599616323977015996,6264,-932.0,4.0,-251.0,965.22
1778558005.375005,599616324017015996,6264,-927.0,11.0,-194.0,947.15
1778558005.415005,599616324057015996,6264,-952.0,88.0,-228.0,982.87
1778558005.455005,599616324097015996,6264,-1075.0,162.0,-284.0,1123.62
1778558005.495005,599616324137015996,6264,-1125.0,186.0,-312.0,1182.19
1778558005.535005,599616324177015996,6264,-1003.0,78.0,-132.0,1014.65
1778558005.575005,599616324217015996,6264,-1019.0,98.0,-211.0,1045.22
1778558005.615005,599616324257015996,6264,-986.0,120.0,-192.0,1011.66
1778558005.655005,599616324297015996,6264,-1001.0,82.0,-131.0,1012.86
1778558005.695005,599616324337015996,6264,-987.0,-48.0,-151.0,999.64
1778558005.735005,599616324377015996,6264,-896.0,17.0,-105.0,902.29
1778558005.775005,599616324417015996,6264,-1024.0,159.0,-94.0,1040.53
1778558005.815005,599616324457015996,6264,-1127.0,110.0,-175.0,1145.8
1778558005.855005,599616324497015996,6264,-1031.0,147.0,-191.0,1058.8
1778558005.895005,599616324537015996,6264,-911.0,88.0,-64.0,917.48
1778558005.935005,599616324577015996,6264,-927.0,170.0,-90.0,946.75
1778558005.975005,599616324617015996,6264,-968.0,211.0,-149.0,1001.87
1778558006.015005,599616324657015996,6264,-971.0,191.0,-81.0,992.92
1778558006.055005,599616324697015996,6264,-988.0,214.0,-47.0,1012.0
1778558006.095005,599616324737015996,6264,-975.0,239.0,-87.0,1007.63
1778558006.135005,599616324777015996,6264,-917.0,149.0,-69.0,931.59
1778558006.175005,599616324817015996,6264,-953.0,267.0,-48.0,990.86
1778558006.215005,599616324857015996,6264,-885.0,4.0,11.0,885.08
1778558006.255005,599616324897015996,6264,-1227.0,-389.0,-390.0,1344.97
1778558006.295005,599616324937015996,6264,-1282.0,-71.0,157.0,1293.53
1778558006.335005,599616324977015996,6264,-1266.0,-246.0,-82.0,1292.28
1778558006.375005,599616325017015996,6264,-1433.0,-196.0,-70.0,1448.03
1778558006.415005,599616325057015996,6264,-1090.0,-305.0,54.0,1133.16
1778558006.455005,599616325097015996,6264,-796.0,-213.0,169.0,841.16
1778558006.495005,599616325137015996,6264,-679.0,-256.0,-173.0,745.99
1778558006.535005,599616325177015996,6264,-858.0,-383.0,-236.0,968.79
1778558006.575005,599616325217015996,6264,-972.0,-166.0,-90.0,990.17
1778558006.615005,599616325257015996,6264,-1098.0,-58.0,-75.0,1102.09
1778558006.610275,599616325276438688,6300,-1056.0,13.0,-43.0,1056.96
1778558006.650275,599616325316438688,6300,-945.0,-249.0,-39.0,978.03
1778558006.690275,599616325356438688,6300,-1103.0,-191.0,81.0,1122.34
1778558006.730275,599616325396438688,6300,-1151.0,-144.0,30.0,1160.36
1778558006.770275,599616325436438688,6300,-1020.0,-246.0,-51.0,1050.48
1778558006.810275,599616325476438688,6300,-1042.0,-276.0,107.0,1083.23
1778558006.850275,599616325516438688,6300,-995.0,-204.0,4.0,1015.71
1778558006.890275,599616325556438688,6300,-860.0,-236.0,-605.0,1077.65
1778558006.930275,599616325596438688,6300,-1011.0,-191.0,-468.0,1130.32
1778558006.970275,599616325636438688,6300,-1454.0,-199.0,-323.0,1502.68
1778558007.010275,599616325676438688,6300,-1110.0,-260.0,-168.0,1152.36
1778558007.050275,599616325716438688,6300,-1058.0,-180.0,-177.0,1087.7
1778558007.090275,599616325756438688,6300,-977.0,-66.0,-116.0,986.07
1778558007.130275,599616325796438688,6300,-771.0,-114.0,-61.0,781.77
1778558007.170275,599616325836438688,6300,-825.0,-123.0,-18.0,834.31
1778558007.210275,599616325876438688,6300,-1019.0,-89.0,-22.0,1023.12
1778558007.250275,599616325916438688,6300,-945.0,-29.0,45.0,946.52
1778558007.290275,599616325956438688,6300,-995.0,38.0,57.0,997.36
1778558007.330275,599616325996438688,6300,-1012.0,-30.0,65.0,1014.53
1778558007.370275,599616326036438688,6300,-930.0,11.0,45.0,931.15
1778558007.410275,599616326076438688,6300,-873.0,-253.0,-77.0,912.18
1778558007.450275,599616326116438688,6300,-1250.0,-368.0,-113.0,1307.93
1778558007.490275,599616326156438688,6300,-1196.0,-387.0,-178.0,1269.59
1778558007.530275,599616326196438688,6300,-988.0,-406.0,-7.0,1068.19
1778558007.570275,599616326236438688,6300,-1163.0,-122.0,57.0,1170.77
1778558007.610275,599616326276438688,6300,-1211.0,-130.0,-34.0,1218.43
1778558007.650275,599616326316438688,6300,-854.0,-170.0,44.0,871.87
1778558007.690275,599616326356438688,6300,-697.0,-277.0,91.0,755.53
1778558007.730275,599616326396438688,6300,-868.0,-342.0,24.0,933.25
1778558007.770275,599616326436438688,6300,-961.0,-322.0,5.0,1013.52
1778558007.810275,599616326476438688,6300,-963.0,-254.0,57.0,997.56
1778558007.850275,599616326516438688,6300,-979.0,-162.0,43.0,993.24
1778558007.890275,599616326556438688,6300,-970.0,-169.0,101.0,989.78
1778558007.930275,599616326596438688,6300,-1012.0,-133.0,147.0,1031.23
1778558007.970275,599616326636438688,6300,-1131.0,-179.0,59.0,1146.6
1778558008.010275,599616326676438688,6300,-1085.0,-254.0,12.0,1114.4
1778558008.095209,599616326695983462,6336,-1061.0,-92.0,70.0,1067.28
1778558008.135209,599616326735983462,6336,-945.0,-118.0,39.0,953.14
1778558008.175209,599616326775983462,6336,-927.0,-242.0,-12.0,958.14
1778558008.215209,599616326815983462,6336,-1128.0,-306.0,70.0,1170.86
1778558008.255209,599616326855983462,6336,-1190.0,-201.0,111.0,1211.95
1778558008.295209,599616326895983462,6336,-979.0,112.0,25.0,985.7
1778558008.335209,599616326935983462,6336,-829.0,-96.0,186.0,855.02
1778558008.375209,599616326975983462,6336,-970.0,-73.0,66.0,974.98
1778558008.415209,599616327015983462,6336,-1021.0,-186.0,-26.0,1038.13
1778558008.455209,599616327055983462,6336,-1009.0,-95.0,-23.0,1013.72
1778558008.495209,599616327095983462,6336,-1060.0,-9.0,-13.0,1060.12
1778558008.535209,599616327135983462,6336,-1097.0,83.0,139.0,1108.88
1778558008.575209,599616327175983462,6336,-1197.0,-102.0,35.0,1201.85
1778558008.615209,599616327215983462,6336,-1037.0,-222.0,120.0,1067.26
1778558008.655209,599616327255983462,6336,-781.0,110.0,252.0,827.99
1778558008.695209,599616327295983462,6336,-555.0,78.0,351.0,661.29
1778558008.735209,599616327335983462,6336,-753.0,170.0,-122.0,781.53
1778558008.775209,599616327375983462,6336,-538.0,-57.0,292.0,614.78
1778558008.815209,599616327415983462,6336,-364.0,-579.0,193.0,710.62
1778558008.855209,599616327455983462,6336,-1235.0,593.0,316.0,1405.96
1778558008.895209,599616327495983462,6336,-2000.0,972.0,-752.0,2347.4
1778558008.935209,599616327535983462,6336,-1091.0,496.0,241.0,1222.45
1778558008.975209,599616327575983462,6336,-369.0,185.0,165.0,444.53
1778558009.015209,599616327615983462,6336,-504.0,38.0,-275.0,575.4
1778558009.055209,599616327655983462,6336,-777.0,45.0,-1473.0,1665.98
1778558009.095209,599616327695983462,6336,-1174.0,37.0,-1296.0,1749.07
1778558009.135209,599616327735983462,6336,-771.0,85.0,-606.0,984.33
1778558009.175209,599616327775983462,6336,-405.0,-284.0,-1081.0,1188.8
1778558009.215209,599616327815983462,6336,-347.0,-357.0,-1054.0,1165.66
1778558009.255209,599616327855983462,6336,-422.0,-222.0,-970.0,1080.86
1778558009.295209,599616327895983462,6336,-321.0,-326.0,-670.0,811.31
1778558009.335209,599616327935983462,6336,110.0,-342.0,-295.0,464.85
1778558009.375209,599616327975983462,6336,711.0,-511.0,-439.0,979.47
1778558009.415209,599616328015983462,6336,325.0,-1649.0,-1278.0,2111.42
1778558009.455209,599616328055983462,6336,-650.0,-845.0,447.0,1156.0
1778558009.495209,599616328095983462,6336,-392.0,-195.0,-449.0,627.13
1778558009.445203,599616328115467176,6372,226.0,-102.0,-704.0,746.39
1778558009.485203,599616328155467176,6372,574.0,-120.0,-745.0,948.1
1778558009.525203,599616328195467176,6372,-434.0,-572.0,-876.0,1132.66
1778558009.565203,599616328235467176,6372,-631.0,-672.0,-717.0,1167.83
1778558009.605203,599616328275467176,6372,-824.0,-187.0,-892.0,1228.66
1778558009.645203,599616328315467176,6372,-1335.0,-263.0,-392.0,1416.0
1778558009.685203,599616328355467176,6372,-1024.0,178.0,-451.0,1132.99
1778558009.725203,599616328395467176,6372,-1184.0,82.0,-603.0,1331.24
1778558009.765203,599616328435467176,6372,-1220.0,-50.0,-438.0,1297.21
1778558009.805203,599616328475467176,6372,-1105.0,256.0,-656.0,1310.3
1778558009.845203,599616328515467176,6372,-1010.0,397.0,-1037.0,1501.03
1778558009.885203,599616328555467176,6372,-1120.0,73.0,-488.0,1223.88
1778558009.925203,599616328595467176,6372,-920.0,-184.0,-180.0,955.33
1778558009.965203,599616328635467176,6372,-911.0,-235.0,-294.0,985.69
1778558010.005203,599616328675467176,6372,-1223.0,-200.0,-133.0,1246.36
1778558010.045203,599616328715467176,6372,-1275.0,-291.0,136.0,1314.84
1778558010.085203,599616328755467176,6372,-813.0,-343.0,303.0,932.97
1778558010.125203,599616328795467176,6372,-668.0,-305.0,697.0,1012.45
1778558010.165203,599616328835467176,6372,-1099.0,-260.0,822.0,1396.81
1778558010.205203,599616328875467176,6372,-961.0,-143.0,300.0,1016.84
1778558010.245203,599616328915467176,6372,-834.0,-204.0,544.0,1016.42
1778558010.285203,599616328955467176,6372,-692.0,-255.0,486.0,883.22
1778558010.325203,599616328995467176,6372,-616.0,-295.0,868.0,1104.49
1778558010.365203,599616329035467176,6372,-596.0,-341.0,574.0,894.97
1778558010.405203,599616329075467176,6372,-589.0,-350.0,682.0,966.72
1778558010.445203,599616329115467176,6372,-755.0,-307.0,863.0,1187.03
1778558010.485203,599616329155467176,6372,-587.0,-107.0,718.0,933.56
1778558010.525203,599616329195467176,6372,-438.0,160.0,623.0,778.19
1778558010.565203,599616329235467176,6372,-535.0,328.0,727.0,960.38
1778558010.605203,599616329275467176,6372,-594.0,307.0,556.0,869.61
1778558010.645203,599616329315467176,6372,-525.0,288.0,1048.0,1207.01
1778558010.685203,599616329355467176,6372,-461.0,137.0,796.0,930.0
1778558010.725203,599616329395467176,6372,-558.0,-1.0,523.0,764.78
1778558010.765203,599616329435467176,6372,-9.0,-75.0,1110.0,1112.57
1778558010.805203,599616329475467176,6372,-152.0,74.0,1003.0,1017.15
1778558010.845203,599616329515467176,6372,-59.0,21.0,922.0,924.12
1778558010.884953,599616329535072986,6408,174.0,-203.0,1005.0,1039.96
1778558010.924953,599616329575072986,6408,-90.0,-173.0,1216.0,1231.54
1778558010.964953,599616329615072986,6408,-366.0,-114.0,1427.0,1477.59
1778558011.004953,599616329655072986,6408,-272.0,-15.0,1385.0,1411.54
1778558011.044953,599616329695072986,6408,20.0,150.0,1237.0,1246.22
1778558011.084953,599616329735072986,6408,102.0,225.0,1116.0,1143.02
1778558011.124953,599616329775072986,6408,151.0,262.0,1053.0,1095.56
1778558011.164953,599616329815072986,6408,223.0,301.0,1059.0,1123.3
1778558011.204953,599616329855072986,6408,248.0,288.0,1170.0,1230.18
1778558011.244953,599616329895072986,6408,484.0,445.0,130.0,670.21
1778558011.284953,599616329935072986,6408,-14.0,306.0,1440.0,1472.22
1778558011.324953,599616329975072986,6408,-415.0,360.0,755.0,933.73
1778558011.364953,599616330015072986,6408,37.0,415.0,1211.0,1280.67
1778558011.404953,599616330055072986,6408,-176.0,335.0,968.0,1039.34
1778558011.444953,599616330095072986,6408,-451.0,165.0,726.0,870.46
1778558011.484953,599616330135072986,6408,-482.0,-429.0,340.0,729.36
1778558011.524953,599616330175072986,6408,-595.0,-69.0,656.0,888.33
1778558011.564953,599616330215072986,6408,-568.0,50.0,609.0,834.27
1778558011.604953,599616330255072986,6408,-729.0,-134.0,827.0,1110.55
1778558011.644953,599616330295072986,6408,-730.0,-372.0,966.0,1266.66
1778558011.684953,599616330335072986,6408,-576.0,-379.0,1116.0,1311.82
1778558011.724953,599616330375072986,6408,-482.0,-438.0,871.0,1087.57
1778558011.764953,599616330415072986,6408,-289.0,-605.0,926.0,1143.25
1778558011.804953,599616330455072986,6408,-247.0,-677.0,857.0,1119.73
1778558011.844953,599616330495072986,6408,-160.0,-716.0,644.0,976.21
1778558011.884953,599616330535072986,6408,-188.0,-772.0,493.0,935.08
1778558011.924953,599616330575072986,6408,-99.0,-908.0,615.0,1101.13
1778558011.964953,599616330615072986,6408,-156.0,-1003.0,675.0,1219.0
1778558012.004953,599616330655072986,6408,-64.0,-1013.0,657.0,1209.1
1778558012.044953,599616330695072986,6408,201.0,-195.0,596.0,658.51
1778558012.084953,599616330735072986,6408,-170.0,-902.0,344.0,980.22
1778558012.124953,599616330775072986,6408,-443.0,-834.0,757.0,1210.31
1778558012.164953,599616330815072986,6408,66.0,-671.0,721.0,987.14
1778558012.204953,599616330855072986,6408,-98.0,-885.0,408.0,979.44
1778558012.244953,599616330895072986,6408,-36.0,-522.0,359.0,634.56
1778558012.284953,599616330935072986,6408,-136.0,-426.0,469.0,648.02
1778558012.325062,599616330954404148,6444,-738.0,-251.0,535.0,945.45
1778558012.365062,599616330994404148,6444,-1424.0,-278.0,176.0,1461.52
1778558012.405062,599616331034404148,6444,-1317.0,-243.0,213.0,1356.06
1778558012.445062,599616331074404148,6444,-844.0,4.0,586.0,1027.5
1778558012.485062,599616331114404148,6444,-382.0,-210.0,803.0,913.69
1778558012.525062,599616331154404148,6444,-456.0,-395.0,1023.0,1187.64
1778558012.565062,599616331194404148,6444,-885.0,-298.0,832.0,1250.7
1778558012.605062,599616331234404148,6444,-554.0,-483.0,786.0,1076.1
1778558012.645062,599616331274404148,6444,-416.0,-282.0,719.0,877.23
1778558012.685062,599616331314404148,6444,-369.0,-148.0,739.0,839.16
1778558012.725062,599616331354404148,6444,-282.0,-273.0,769.0,863.37
1778558012.765062,599616331394404148,6444,-297.0,-251.0,619.0,731.01
1778558012.805062,599616331434404148,6444,-106.0,-156.0,892.0,911.72
1778558012.845062,599616331474404148,6444,-346.0,-152.0,841.0,922.01
1778558012.885062,599616331514404148,6444,-651.0,-107.0,869.0,1091.06
1778558012.925062,599616331554404148,6444,-987.0,-435.0,750.0,1313.73
1778558012.965062,599616331594404148,6444,-819.0,-688.0,709.0,1283.27
1778558013.005062,599616331634404148,6444,-500.0,-168.0,1072.0,1194.74
1778558013.045062,599616331674404148,6444,-443.0,-451.0,808.0,1025.92
1778558013.085062,599616331714404148,6444,-597.0,-490.0,652.0,1010.75
1778558013.125062,599616331754404148,6444,-105.0,-1298.0,1198.0,1769.47
1778558013.165062,599616331794404148,6444,519.0,-547.0,1174.0,1395.29
1778558013.205062,599616331834404148,6444,-33.0,-163.0,669.0,689.36
1778558013.245062,599616331874404148,6444,-204.0,-640.0,1357.0,1514.15
1778558013.285062,599616331914404148,6444,-330.0,-237.0,927.0,1012.13
1778558013.325062,599616331954404148,6444,-120.0,81.0,988.0,998.55
1778558013.365062,599616331994404148,6444,-22.0,55.0,1166.0,1167.5
1778558013.405062,599616332034404148,6444,-185.0,-148.0,970.0,998.51
1778558013.445062,599616332074404148,6444,-144.0,-129.0,1011.0,1029.32
1778558013.485062,599616332114404148,6444,-113.0,-4.0,767.0,775.29
1778558013.525062,599616332154404148,6444,-133.0,-89.0,981.0,993.97
1778558013.565062,599616332194404148,6444,-127.0,-84.0,1040.0,1051.09
1778558013.605062,599616332234404148,6444,-165.0,10.0,916.0,930.8
1778558013.645062,599616332274404148,6444,-93.0,70.0,1028.0,1034.57
1778558013.685062,599616332314404148,6444,-23.0,77.0,941.0,944.43
1778558013.725062,599616332354404148,6444,74.0,174.0,834.0,855.17
1778558013.721510,599616332374009936,6480,47.0,242.0,803.0,839.99
1778558013.761510,599616332414009936,6480,161.0,597.0,1661.0,1772.36
1778558013.801510,599616332454009936,6480,-53.0,506.0,595.0,782.86
1778558013.841510,599616332494009936,6480,103.0,694.0,936.0,1169.76
1778558013.881510,599616332534009936,6480,93.0,605.0,829.0,1030.49
1778558013.921510,599616332574009936,6480,97.0,438.0,934.0,1036.15
1778558013.961510,599616332614009936,6480,52.0,482.0,892.0,1015.23
1778558014.001510,599616332654009936,6480,18.0,460.0,906.0,1016.25
1778558014.041510,599616332694009936,6480,75.0,480.0,902.0,1024.51
1778558014.081510,599616332734009936,6480,84.0,480.0,890.0,1014.67
1778558014.121510,599616332774009936,6480,90.0,483.0,905.0,1029.76
1778558014.161510,599616332814009936,6480,75.0,483.0,895.0,1019.77
1778558014.201510,599616332854009936,6480,-16.0,431.0,919.0,1015.17
1778558014.241510,599616332894009936,6480,25.0,464.0,905.0,1017.32
1778558014.281510,599616332934009936,6480,51.0,481.0,904.0,1025.27
1778558014.321510,599616332974009936,6480,39.0,466.0,908.0,1021.34
1778558014.361510,599616333014009936,6480,56.0,473.0,900.0,1018.27
1778558014.401510,599616333054009936,6480,36.0,477.0,896.0,1015.7
1778558014.441510,599616333094009936,6480,41.0,476.0,904.0,1022.48
1778558014.481510,599616333134009936,6480,47.0,481.0,905.0,1025.96
1778558014.521510,599616333174009936,6480,46.0,468.0,900.0,1015.45
1778558014.561510,599616333214009936,6480,3.0,446.0,922.0,1024.21
1778558014.601510,599616333254009936,6480,57.0,489.0,897.0,1023.22
1778558014.641510,599616333294009936,6480,47.0,447.0,903.0,1008.68
1778558014.681510,599616333334009936,6480,49.0,496.0,900.0,1028.79
1778558014.721510,599616333374009936,6480,92.0,471.0,897.0,1017.31
1778558014.761510,599616333414009936,6480,39.0,457.0,903.0,1012.81
1778558014.801510,599616333454009936,6480,-15.0,425.0,922.0,1015.35
1778558014.841510,599616333494009936,6480,15.0,477.0,917.0,1033.75
1778558014.881510,599616333534009936,6480,60.0,482.0,895.0,1018.31
1778558014.921510,599616333574009936,6480,73.0,480.0,899.0,1021.73
1778558014.961510,599616333614009936,6480,38.0,466.0,907.0,1020.42
1778558015.001510,599616333654009936,6480,36.0,471.0,897.0,1013.78
1778558015.041510,599616333694009936,6480,47.0,478.0,899.0,1019.26
1778558015.081510,599616333734009936,6480,18.0,463.0,912.0,1022.96
1778558015.121510,599616333774009936,6480,78.0,480.0,899.0,1022.1
